customer_id,gender,senior_citizen,partner,dependents,tenure_months,phone_service,multiple_lines,internet_service,online_security,online_backup,device_protection,tech_support,streaming_tv,streaming_movies,contract,paperless_billing,payment_method,monthly_charges,total_charges,churn_value,charges_per_month,addon_count,churn_prob,risk_tier
3668-QPYBK,0,0,0,0,2,1,0,DSL,1,1,0,0,0,0,Month-to-month,1,Mailed check,53.85,108.15,1,54.08,2,0.66603273,High
9237-HQITU,1,0,0,1,2,1,0,Fiber optic,0,0,0,0,0,0,Month-to-month,1,Electronic check,70.7,151.65,1,75.82,0,0.7364396,High
9305-CDSKC,1,0,0,1,8,1,1,Fiber optic,0,0,1,0,1,1,Month-to-month,1,Electronic check,99.65,820.5,1,102.56,3,0.78425187,High
7892-POOKP,1,0,1,1,28,1,1,Fiber optic,0,0,1,1,1,1,Month-to-month,1,Electronic check,104.8,3046.05,1,108.79,4,0.3339788,Medium
0280-XJGEX,0,0,0,1,49,1,1,Fiber optic,0,1,1,0,1,1,Month-to-month,1,Bank transfer (automatic),103.7,5036.3,1,102.78,4,0.25183746,Low
4190-MFLUW,1,0,1,0,10,1,0,DSL,0,0,1,1,0,0,Month-to-month,0,Credit card (automatic),55.2,528.35,1,52.84,2,0.42284024,Medium
8779-QRDMV,0,1,0,0,1,0,0,DSL,0,0,1,0,0,1,Month-to-month,1,Electronic check,39.65,39.65,1,39.65,2,0.9122508,High
1066-JKSGK,0,0,0,0,1,1,0,No,0,0,0,0,0,0,Month-to-month,0,Mailed check,20.15,20.15,1,20.15,0,0.60256684,High
6467-CHFZW,0,0,1,1,47,1,1,Fiber optic,0,1,0,0,1,1,Month-to-month,1,Electronic check,99.35,4749.15,1,101.05,3,0.21264628,Low
8665-UTDHZ,0,0,1,0,1,0,0,DSL,0,1,0,0,0,0,Month-to-month,0,Electronic check,30.2,30.2,1,30.2,1,0.838815,High
8773-HHUOZ,1,0,0,0,17,1,0,DSL,0,0,0,0,1,1,Month-to-month,1,Mailed check,64.7,1093.1,1,64.3,2,0.48246282,Medium
6047-YHPVI,0,0,0,1,5,1,0,Fiber optic,0,0,0,0,0,0,Month-to-month,1,Electronic check,69.7,316.9,1,63.38,0,0.63775533,High
5380-WJKOV,0,0,0,1,34,1,1,Fiber optic,0,1,1,0,1,1,Month-to-month,1,Electronic check,106.35,3549.25,1,104.39,4,0.2979394,Low
8168-UQWWF,1,0,0,1,11,1,1,Fiber optic,0,0,1,0,1,1,Month-to-month,1,Bank transfer (automatic),97.85,1105.4,1,100.49,3,0.6989387,High
7760-OYPDY,1,0,0,1,2,1,0,Fiber optic,0,0,0,0,1,0,Month-to-month,1,Electronic check,80.65,144.15,1,72.08,1,0.7746116,High
9420-LOJKX,1,0,0,1,15,1,0,Fiber optic,1,1,0,0,1,1,Month-to-month,1,Credit card (automatic),99.1,1426.4,1,95.09,4,0.5066219,Medium
7495-OOKFY,1,1,1,1,8,1,1,Fiber optic,0,1,0,0,0,0,Month-to-month,1,Credit card (automatic),80.65,633.3,1,79.16,1,0.4513217,Medium
1658-BYGOY,0,1,0,1,18,1,1,Fiber optic,0,0,0,0,1,1,Month-to-month,1,Electronic check,95.45,1752.55,1,97.36,2,0.50977165,Medium
5698-BQJOH,1,0,0,1,9,1,1,Fiber optic,0,0,0,0,1,1,Month-to-month,0,Electronic check,94.4,857.25,1,95.25,2,0.65194476,High
5919-TMRGD,1,0,0,1,1,1,0,Fiber optic,0,0,0,0,1,0,Month-to-month,1,Electronic check,79.35,79.35,1,79.35,1,0.82752043,High
9191-MYQKX,1,0,1,1,7,1,0,Fiber optic,0,0,1,0,0,0,Month-to-month,1,Bank transfer (automatic),75.15,496.9,1,70.99,1,0.4397906,Medium
8637-XJIVR,1,0,0,1,12,1,1,Fiber optic,1,0,0,0,0,0,Month-to-month,1,Electronic check,78.95,927.35,1,77.28,1,0.53184265,Medium
0278-YXOOG,0,0,0,0,5,1,0,No,0,0,0,0,0,0,Month-to-month,0,Mailed check,21.05,113.85,1,22.77,0,0.30996713,Medium
4598-XLKNJ,1,1,1,1,25,1,0,Fiber optic,0,1,1,0,1,1,Month-to-month,1,Electronic check,98.5,2514.5,1,100.58,4,0.299801,Low
3192-NQECA,0,0,1,0,68,1,1,Fiber optic,0,1,1,1,1,1,Two year,1,Bank transfer (automatic),110.0,7611.85,1,111.94,5,0.4294616,Medium
0486-HECZI,0,0,1,1,55,1,1,Fiber optic,1,1,0,0,1,0,Month-to-month,1,Electronic check,96.75,5238.9,1,95.25,3,0.12952726,Low
4846-WHAFZ,1,1,1,1,37,1,1,Fiber optic,0,0,0,0,0,0,Month-to-month,1,Electronic check,76.5,2868.15,1,77.52,0,0.24869548,Low
5299-RULOA,1,0,1,1,10,1,1,Fiber optic,1,0,0,0,1,1,Month-to-month,1,Electronic check,100.25,1064.65,1,106.46,3,0.67117286,High
0404-SWRVG,0,0,0,1,3,1,1,Fiber optic,0,0,0,0,0,0,Month-to-month,1,Electronic check,74.4,229.55,1,76.52,0,0.7501507,High
4412-YLTKF,1,1,0,1,27,1,1,Fiber optic,0,0,1,0,0,0,Month-to-month,1,Electronic check,78.05,2135.5,1,79.09,1,0.31592998,Medium
6207-WIOLX,1,0,1,0,25,0,0,DSL,1,1,1,0,1,1,Month-to-month,1,Credit card (automatic),58.6,1502.65,1,60.11,5,0.4776305,Medium
3091-FYHKI,0,0,0,0,1,0,0,DSL,0,0,0,0,0,1,Month-to-month,1,Electronic check,35.45,35.45,1,35.45,1,0.9046912,High
2372-HWUHI,0,0,0,0,2,1,0,DSL,0,0,0,0,0,0,Month-to-month,0,Electronic check,44.35,81.25,1,40.62,0,0.75106305,High
0390-DCFDQ,1,1,1,1,1,1,0,Fiber optic,0,0,0,0,0,0,Month-to-month,1,Mailed check,70.45,70.45,1,70.45,0,0.7184781,High
4080-OGPJL,1,0,0,0,8,1,1,DSL,1,0,0,1,0,1,Month-to-month,0,Electronic check,71.15,563.65,1,70.46,3,0.48399627,Medium
2135-RXIHG,0,0,0,0,1,1,0,DSL,0,0,0,0,0,0,Month-to-month,1,Electronic check,45.65,45.65,1,45.65,0,0.868333,High
3874-EQOEP,0,0,0,1,7,1,1,Fiber optic,0,0,0,0,1,1,Month-to-month,0,Mailed check,95.0,655.5,1,93.64,2,0.58960205,Medium
0867-MKZVY,1,0,1,1,20,1,1,Fiber optic,1,0,0,0,0,0,Month-to-month,0,Electronic check,82.4,1592.35,1,79.62,1,0.22986645,Low
3376-BMGFE,1,0,0,1,4,1,0,Fiber optic,0,0,0,0,0,0,Month-to-month,1,Bank transfer (automatic),70.9,273.0,1,68.25,0,0.6155756,High
3445-HXXGF,0,1,1,0,58,0,0,DSL,0,1,1,0,0,1,Month-to-month,1,Electronic check,45.3,2651.2,1,45.71,3,0.6514598,High
1875-QIVME,1,0,1,1,2,1,1,Fiber optic,0,0,1,1,1,1,Month-to-month,1,Electronic check,104.4,242.8,1,121.4,4,0.8123833,High
0691-JVSYA,1,0,1,0,53,1,0,Fiber optic,0,0,1,0,1,1,One year,1,Bank transfer (automatic),94.85,5000.2,1,94.34,3,0.4826235,Medium
2656-FMOKZ,1,1,0,1,15,1,1,Fiber optic,0,0,0,0,0,0,Month-to-month,1,Mailed check,74.45,1145.7,1,76.38,0,0.5078585,Medium
2070-FNEXE,1,1,0,1,7,1,0,Fiber optic,1,0,0,0,0,0,Month-to-month,0,Bank transfer (automatic),76.45,503.6,1,71.94,1,0.44664478,Medium
6317-YPKDH,1,0,0,0,1,0,0,DSL,0,1,0,0,0,0,Month-to-month,0,Bank transfer (automatic),29.95,29.95,1,29.95,1,0.7620498,High
9367-WXLCH,0,0,0,1,8,1,1,Fiber optic,0,0,0,0,0,1,Month-to-month,0,Bank transfer (automatic),84.5,662.65,1,82.83,1,0.52483094,Medium
1918-ZBFQJ,1,0,0,1,13,1,0,Fiber optic,0,1,1,0,0,0,Month-to-month,1,Electronic check,79.25,1111.65,1,85.51,2,0.5439296,Medium
1024-GUALD,1,0,1,0,1,0,0,DSL,0,0,0,0,0,0,Month-to-month,1,Electronic check,24.8,24.8,1,24.8,0,0.88521063,High
2472-OVKUP,0,0,1,1,6,1,0,Fiber optic,0,1,1,0,0,1,Month-to-month,1,Electronic check,91.0,531.0,1,88.5,3,0.5045885,Medium
1285-OKIPP,0,0,0,1,1,1,0,Fiber optic,0,0,0,0,0,1,Month-to-month,0,Electronic check,79.9,79.9,1,79.9,1,0.76715577,High
7825-ECJRF,1,0,0,1,19,1,0,Fiber optic,1,0,1,1,1,1,Month-to-month,1,Electronic check,106.6,1934.45,1,101.81,5,0.4664759,Medium
7841-TZDMQ,0,0,0,0,2,1,0,DSL,0,0,0,0,0,0,Month-to-month,1,Credit card (automatic),46.0,84.5,1,42.25,0,0.755091,High
9408-SSNVZ,1,0,0,1,4,1,0,Fiber optic,0,0,0,0,0,0,Month-to-month,1,Electronic check,70.15,268.35,1,67.09,0,0.70207465,High
0742-MOABM,0,0,1,0,4,1,0,DSL,0,0,0,1,0,0,Month-to-month,0,Mailed check,50.05,179.35,1,44.84,1,0.6085193,High
2232-DMLXU,1,0,1,0,1,1,0,DSL,0,0,0,0,1,0,Month-to-month,0,Mailed check,55.2,55.2,1,55.2,1,0.79767615,High
8937-RDTHP,0,0,0,1,1,1,0,Fiber optic,1,0,0,0,0,1,Month-to-month,1,Mailed check,84.6,84.6,1,84.6,2,0.6840005,High
1251-KRREG,0,0,0,0,2,1,1,DSL,0,1,0,0,0,0,Month-to-month,1,Mailed check,54.4,114.1,1,57.05,1,0.7714423,High
0094-OIFMO,1,1,0,1,11,1,0,Fiber optic,0,1,0,0,1,1,Month-to-month,1,Electronic check,95.0,1120.3,1,101.85,3,0.6707892,High
9947-OTFQU,0,1,0,0,15,1,0,Fiber optic,0,1,0,0,0,0,Month-to-month,1,Electronic check,74.4,1074.3,1,71.62,1,0.81933093,High
0322-YINQP,0,0,0,0,1,1,0,DSL,1,0,0,0,0,0,Month-to-month,1,Mailed check,48.55,48.55,1,48.55,1,0.7593825,High
4629-NRXKX,1,0,1,0,2,1,0,Fiber optic,0,0,0,0,0,0,Month-to-month,0,Electronic check,70.4,147.15,1,73.58,0,0.8569067,High
9514-JDSKI,0,1,1,0,1,0,0,DSL,0,1,0,0,1,0,Month-to-month,0,Electronic check,40.2,40.2,1,40.2,2,0.881991,High
4959-JOSRX,1,0,1,0,2,1,0,DSL,0,0,0,0,0,0,Month-to-month,1,Credit card (automatic),44.6,80.55,1,40.28,0,0.76824385,High
7273-TEFQD,0,1,0,0,3,0,0,DSL,0,0,1,0,0,1,Month-to-month,1,Electronic check,41.15,132.2,1,44.07,2,0.8796286,High
3606-TWKGI,0,1,0,0,13,1,1,Fiber optic,0,1,1,0,1,1,Month-to-month,1,Electronic check,106.9,1364.3,1,104.95,4,0.90693134,High
6323-AYBRX,0,0,0,0,59,1,0,No,0,0,0,0,0,0,Two year,0,Mailed check,19.35,1099.6,1,18.64,0,0.031798895,Low
4385-GZQXV,1,1,0,0,16,1,0,Fiber optic,0,0,0,1,1,1,Month-to-month,1,Electronic check,94.45,1511.2,1,94.45,3,0.82017237,High
6366-ZGQGL,0,0,0,0,1,0,0,DSL,0,0,0,0,0,0,Month-to-month,0,Bank transfer (automatic),24.8,24.8,1,24.8,0,0.7693052,High
5940-AHUHD,0,0,0,0,1,1,0,Fiber optic,0,0,0,0,0,0,Month-to-month,0,Mailed check,70.6,70.6,1,70.6,0,0.8519468,High
6432-TWQLB,0,0,1,0,5,1,1,Fiber optic,0,1,0,1,0,0,Month-to-month,1,Electronic check,85.4,401.1,1,80.22,2,0.8538201,High
4484-GLZOU,1,0,1,0,52,1,1,Fiber optic,0,1,1,0,1,1,Month-to-month,1,Electronic check,105.05,5624.85,1,108.17,4,0.8095057,High
9512-UIBFX,0,0,1,0,18,1,0,Fiber optic,0,0,1,0,1,1,Month-to-month,0,Mailed check,95.15,1779.95,1,98.89,3,0.67577165,High
5583-SXDAG,0,0,1,0,1,1,0,Fiber optic,0,0,0,0,0,0,Month-to-month,0,Electronic check,70.0,70.0,1,70.0,0,0.9104053,High
3488-PGMQJ,0,1,0,0,8,1,0,Fiber optic,0,1,0,0,0,0,Month-to-month,1,Electronic check,74.5,606.55,1,75.82,1,0.81587315,High
3580-REOAC,0,0,0,0,10,1,0,DSL,0,0,0,0,0,0,Month-to-month,1,Credit card (automatic),44.85,435.4,1,43.54,0,0.47802454,Medium
7534-BFESC,0,1,0,0,24,1,1,Fiber optic,0,0,0,0,0,0,Month-to-month,1,Electronic check,76.1,1712.7,1,71.36,0,0.7395035,High
6390-DSAZX,1,0,0,0,1,1,0,Fiber optic,1,0,0,0,0,0,Month-to-month,1,Mailed check,73.6,73.6,1,73.6,1,0.84570533,High
8098-LLAZX,1,1,0,0,4,1,1,Fiber optic,0,0,0,0,1,1,Month-to-month,1,Electronic check,95.45,396.1,1,99.02,2,0.9299212,High
0265-EDXBD,0,1,1,0,32,1,1,Fiber optic,0,0,0,0,0,0,Month-to-month,1,Electronic check,74.9,2303.35,1,71.98,0,0.7808162,High
7563-BIUPC,0,0,0,0,5,1,0,Fiber optic,0,0,0,0,1,0,Month-to-month,1,Electronic check,80.6,415.55,1,83.11,1,0.88247716,High
2321-OMBXY,1,0,1,0,38,1,0,DSL,1,1,0,1,1,1,One year,0,Credit card (automatic),80.3,3058.65,1,80.49,5,0.2434854,Low
2840-XANRC,0,1,1,0,24,1,0,Fiber optic,0,0,1,0,1,1,Month-to-month,1,Electronic check,93.15,2231.05,1,92.96,3,0.79854834,High
5020-ZSTTY,1,1,0,0,54,1,1,DSL,1,1,0,1,1,1,One year,0,Bank transfer (automatic),82.45,4350.1,1,80.56,5,0.19052216,Low
5804-LEPIM,1,1,0,0,2,1,0,Fiber optic,0,0,0,0,0,0,Month-to-month,1,Electronic check,70.35,139.05,1,69.53,0,0.903244,High
0122-OAHPZ,1,0,0,0,7,1,1,Fiber optic,0,0,0,0,0,0,Month-to-month,1,Electronic check,73.85,511.25,1,73.04,0,0.8508092,High
2868-SNELZ,1,0,0,0,2,1,1,Fiber optic,0,0,1,0,0,0,Month-to-month,0,Mailed check,80.6,155.8,1,77.9,1,0.8131102,High
4322-RCYMT,0,0,1,0,68,1,1,DSL,0,1,1,1,0,1,One year,1,Bank transfer (automatic),75.8,5293.95,1,77.85,4,0.21301627,Low
6680-NENYN,1,0,0,0,43,1,1,Fiber optic,0,1,1,0,1,1,Two year,1,Electronic check,104.6,4759.85,1,110.69,4,0.6516882,High
1343-EHPYB,0,0,1,0,63,1,1,Fiber optic,0,1,1,0,1,1,Month-to-month,1,Electronic check,103.4,6603.0,1,104.81,4,0.7566216,High
2034-GDRCN,1,0,0,0,2,1,0,Fiber optic,0,0,0,0,1,1,Month-to-month,1,Electronic check,90.4,168.2,1,84.1,2,0.91320896,High
0219-YTZUE,0,0,1,0,4,1,1,Fiber optic,0,1,1,0,0,0,Month-to-month,1,Bank transfer (automatic),84.8,371.9,1,92.98,2,0.8773229,High
0623-IIHUG,1,1,0,0,21,0,0,DSL,1,0,0,0,1,0,Month-to-month,1,Electronic check,41.9,840.1,1,40.0,2,0.68715465,High
4572-DVCGN,1,0,0,0,10,1,0,Fiber optic,0,0,0,0,0,1,Month-to-month,1,Bank transfer (automatic),80.25,846.0,1,84.6,1,0.7895662,High
9057-MSWCO,0,1,1,0,27,0,0,DSL,1,0,0,0,0,0,Month-to-month,0,Credit card (automatic),30.75,805.1,1,29.82,1,0.48029524,Medium
1010-DIAUQ,0,0,0,0,5,1,0,Fiber optic,0,0,1,0,1,1,Month-to-month,0,Bank transfer (automatic),96.5,492.55,1,98.51,3,0.8304754,High
0259-GBZSH,0,0,0,0,2,1,1,Fiber optic,0,0,0,0,1,0,Month-to-month,1,Electronic check,85.65,181.5,1,90.75,1,0.92709154,High
9601-BRXPO,1,0,1,0,25,1,1,Fiber optic,0,0,1,1,1,1,Month-to-month,1,Bank transfer (automatic),104.95,2566.5,1,102.66,4,0.7931316,High
6905-NIQIN,0,0,0,0,1,1,0,DSL,0,1,0,0,0,0,Month-to-month,0,Mailed check,50.65,50.65,1,50.65,1,0.71807635,High
5167-ZFFMM,0,0,0,0,1,1,1,Fiber optic,0,1,0,0,0,1,Month-to-month,1,Credit card (automatic),90.85,90.85,1,90.85,2,0.9130428,High
4895-TMWIR,0,1,1,0,11,1,0,No,0,0,0,0,0,0,Month-to-month,0,Mailed check,19.95,214.75,1,19.52,0,0.29224506,Low
0533-BNWKF,1,1,1,0,55,1,1,Fiber optic,0,1,1,0,0,0,Month-to-month,1,Electronic check,85.45,4874.7,1,88.63,2,0.6649417,High
6599-CEBNN,1,0,0,0,34,1,0,Fiber optic,0,1,0,0,0,0,Month-to-month,1,Credit card (automatic),73.95,2524.45,1,74.25,1,0.60282606,High
0979-PHULV,0,0,1,0,69,1,1,Fiber optic,0,0,1,0,1,1,Month-to-month,1,Credit card (automatic),99.45,7007.6,1,101.56,3,0.69141936,High
4800-VHZKI,1,0,0,0,1,1,0,No,0,0,0,0,0,0,Month-to-month,1,Mailed check,19.9,19.9,1,19.9,0,0.69569635,High
7989-CHGTL,0,0,0,0,1,1,0,No,0,0,0,0,0,0,Month-to-month,1,Mailed check,19.6,19.6,1,19.6,0,0.6806319,High
0334-GDDSO,0,1,0,0,3,1,1,Fiber optic,0,1,0,0,0,0,Month-to-month,1,Electronic check,81.35,233.7,1,77.9,1,0.8805184,High
0578-SKVMF,1,0,1,0,22,1,0,Fiber optic,0,1,0,0,0,1,Month-to-month,0,Electronic check,83.3,1845.9,1,83.9,2,0.65876603,High
5564-NEMQO,1,1,0,0,1,1,0,Fiber optic,0,0,1,0,0,0,Month-to-month,1,Bank transfer (automatic),75.3,75.3,1,75.3,1,0.9079406,High
9063-ZGTUY,1,0,1,0,61,1,0,No,0,0,0,0,0,0,Month-to-month,1,Mailed check,19.4,1182.55,1,19.39,0,0.20449199,Low
2957-LOLHO,0,0,0,0,12,1,0,DSL,0,0,0,0,0,0,Month-to-month,1,Bank transfer (automatic),45.4,518.9,1,43.24,0,0.506979,Medium
7752-XUSCI,1,0,0,0,60,1,1,Fiber optic,0,1,1,0,1,1,Month-to-month,1,Electronic check,105.9,6396.45,1,106.61,4,0.7464249,High
4110-PFEUZ,1,0,0,0,1,1,0,Fiber optic,0,0,0,0,0,0,Month-to-month,0,Mailed check,69.55,69.55,1,69.55,0,0.8519145,High
0256-LTHVJ,1,0,1,0,28,1,0,Fiber optic,0,0,0,0,0,1,Month-to-month,1,Electronic check,81.05,2227.1,1,79.54,1,0.75537163,High
0880-TKATG,0,0,1,0,4,1,1,Fiber optic,0,0,1,0,1,1,Month-to-month,0,Electronic check,101.15,385.9,1,96.48,3,0.91541433,High
3811-VBYBZ,0,0,0,0,7,1,1,Fiber optic,0,1,0,0,1,1,Month-to-month,1,Electronic check,99.8,673.25,1,96.18,3,0.91385204,High
4640-UHDOS,1,0,1,0,13,1,0,DSL,0,0,0,0,0,1,Month-to-month,0,Electronic check,55.95,734.35,1,56.49,1,0.5733205,Medium
3583-EKAPL,0,0,0,0,1,1,0,DSL,0,0,0,0,0,1,Month-to-month,1,Electronic check,55.0,55.0,1,55.0,1,0.86465627,High
9399-APLBT,1,0,1,0,1,1,0,Fiber optic,0,1,0,0,0,0,Month-to-month,1,Electronic check,74.7,74.7,1,74.7,1,0.92375153,High
2359-KMGLI,0,0,0,0,24,1,1,Fiber optic,0,1,0,0,0,0,Month-to-month,1,Electronic check,80.25,1861.5,1,77.56,1,0.7072531,High
0306-JAELE,0,0,0,0,5,1,0,Fiber optic,0,0,0,1,1,1,Month-to-month,1,Electronic check,96.1,453.4,1,90.68,3,0.87653863,High
6227-HWPWX,1,0,0,0,15,1,0,Fiber optic,0,0,0,0,0,0,Month-to-month,0,Bank transfer (automatic),69.0,994.8,1,66.32,0,0.6124139,High
0447-BEMNG,1,0,1,0,48,0,0,DSL,1,0,1,0,0,1,Month-to-month,1,Bank transfer (automatic),45.3,2145.0,1,44.69,3,0.50060755,Medium
5949-XIKAE,1,0,1,0,8,1,0,Fiber optic,0,1,0,0,1,0,Month-to-month,1,Electronic check,83.55,680.05,1,85.01,2,0.8680688,High
8372-JUXUI,0,0,0,0,1,1,1,Fiber optic,0,0,0,0,0,0,Month-to-month,1,Electronic check,74.35,74.35,1,74.35,0,0.9330018,High
0388-EOPEX,1,0,1,0,2,1,0,Fiber optic,1,0,0,0,0,0,Month-to-month,1,Electronic check,74.4,139.4,1,69.7,1,0.85931975,High
8205-OTCHB,0,0,0,0,22,0,0,DSL,0,1,1,0,0,1,One year,1,Bank transfer (automatic),43.75,903.6,1,41.07,3,0.3502562,Medium
6235-VDHOM,1,1,0,0,5,0,0,DSL,0,1,0,0,0,0,Month-to-month,0,Electronic check,28.45,131.05,1,26.21,1,0.743615,High
7783-YKGDV,1,0,0,0,12,1,1,Fiber optic,1,1,1,0,0,1,Month-to-month,1,Bank transfer (automatic),99.7,1238.45,1,103.2,4,0.8026679,High
5609-CEBID,1,1,0,0,20,1,1,Fiber optic,0,1,1,0,0,1,Month-to-month,1,Electronic check,94.1,1782.4,1,89.12,3,0.77095914,High
7218-HKQFK,0,0,1,0,2,1,0,Fiber optic,0,0,0,1,1,1,Month-to-month,1,Electronic check,94.2,167.5,1,83.75,3,0.8953088,High
4636-QRJKY,1,0,1,0,6,1,1,Fiber optic,0,0,0,1,0,0,Month-to-month,1,Electronic check,80.5,502.85,1,83.81,1,0.8622732,High
5956-VKDTT,1,1,1,0,5,1,1,Fiber optic,0,0,0,0,0,0,Month-to-month,1,Electronic check,74.35,334.8,1,66.96,0,0.898146,High
9412-GHEEC,0,0,0,0,40,1,1,Fiber optic,0,0,1,1,1,1,Month-to-month,0,Bank transfer (automatic),104.8,4131.95,1,103.3,4,0.6473584,High
0257-ZESQC,1,1,1,0,27,1,0,Fiber optic,1,0,0,0,0,0,Month-to-month,1,Bank transfer (automatic),75.2,1929.35,1,71.46,1,0.5922733,Medium
6825-UYPFK,1,0,0,0,23,1,1,Fiber optic,0,0,0,0,0,0,Month-to-month,0,Bank transfer (automatic),75.6,1758.6,1,76.46,0,0.51367205,Medium
8397-MVTAZ,0,0,1,0,34,1,1,Fiber optic,0,0,1,0,1,1,Month-to-month,1,Electronic check,100.05,3480.0,1,102.35,3,0.8339219,High
9282-IZGQK,1,0,0,0,1,1,1,Fiber optic,0,0,0,0,0,1,Month-to-month,1,Electronic check,85.0,85.0,1,85.0,1,0.9441185,High
1342-JPNKI,0,0,0,0,10,1,1,Fiber optic,0,0,0,0,1,0,Month-to-month,1,Bank transfer (automatic),86.05,834.1,1,83.41,1,0.83106494,High
2817-NTQDO,0,0,0,0,13,0,0,DSL,1,0,0,1,1,0,Month-to-month,1,Credit card (automatic),45.55,597.0,1,45.92,3,0.50605744,Medium
6986-IJDHX,0,0,1,0,39,1,0,Fiber optic,0,1,0,0,1,0,Month-to-month,1,Mailed check,86.3,3266.0,1,83.74,2,0.6703297,High
5301-GAUUY,0,0,0,0,32,1,1,Fiber optic,0,1,0,0,0,0,Month-to-month,1,Bank transfer (automatic),80.35,2596.15,1,81.13,1,0.63917994,High
0939-YAPAF,1,0,0,0,35,1,1,Fiber optic,0,0,1,0,1,1,Month-to-month,1,Electronic check,100.25,3527.6,1,100.79,3,0.7844335,High
4710-FDUIZ,0,0,1,0,56,1,1,Fiber optic,0,1,0,0,1,1,One year,0,Credit card (automatic),100.3,5614.45,1,100.26,3,0.4853469,Medium
1218-VKFPE,1,0,1,0,12,1,0,No,0,0,0,0,0,0,Month-to-month,0,Mailed check,19.0,233.55,1,19.46,0,0.29489928,Low
3627-FHKBK,1,0,0,0,1,1,0,Fiber optic,1,0,0,0,0,0,Month-to-month,0,Mailed check,75.3,75.3,1,75.3,1,0.7923756,High
2865-TCHJW,1,1,0,0,4,1,1,Fiber optic,0,0,1,0,1,0,Month-to-month,1,Electronic check,89.2,346.2,1,86.55,2,0.9110921,High
5192-EBGOV,1,1,0,0,1,1,1,Fiber optic,0,0,0,0,1,0,Month-to-month,1,Electronic check,85.7,85.7,1,85.7,1,0.9497985,High
0719-SYFRB,1,0,0,0,12,1,1,DSL,1,0,1,1,0,0,Month-to-month,1,Mailed check,61.65,713.75,1,59.48,3,0.39235705,Medium
3419-SNJJD,1,1,1,0,65,1,1,Fiber optic,1,0,1,0,1,1,Month-to-month,0,Bank transfer (automatic),105.25,6786.4,1,104.41,4,0.6058456,High
6543-CPZMK,0,0,1,0,9,0,0,DSL,0,1,0,0,0,0,Month-to-month,1,Electronic check,29.95,248.95,1,27.66,1,0.73685145,High
4765-OXPPD,1,0,1,0,9,1,0,DSL,1,1,1,1,0,0,Month-to-month,0,Mailed check,65.0,663.05,1,73.67,4,0.3315147,Medium
1009-IRMNA,1,0,0,0,7,1,0,No,0,0,0,0,0,0,Month-to-month,0,Bank transfer (automatic),20.0,137.6,1,19.66,0,0.24863079,Low
4554-YGZIH,0,1,1,0,49,1,1,Fiber optic,0,1,0,0,0,1,Month-to-month,0,Credit card (automatic),90.05,4547.25,1,92.8,2,0.61142254,High
5099-BAILX,0,1,1,0,43,1,1,Fiber optic,0,1,1,1,1,1,Month-to-month,1,Bank transfer (automatic),110.75,4687.9,1,109.02,5,0.7570995,High
7207-RMRDB,1,0,1,0,65,1,1,Fiber optic,0,1,1,0,1,1,Month-to-month,1,Electronic check,105.5,6985.65,1,107.47,4,0.7407426,High
4913-EHYUI,0,1,1,0,56,1,1,Fiber optic,1,0,1,0,1,1,One year,1,Bank transfer (automatic),104.55,5794.65,1,103.48,4,0.6230178,High
0195-IESCP,0,0,1,0,10,1,1,Fiber optic,0,0,0,0,0,1,Month-to-month,1,Electronic check,85.25,855.3,1,85.53,1,0.88927644,High
4580-TMHJU,1,0,1,0,43,1,0,DSL,0,0,0,0,1,0,Month-to-month,0,Electronic check,56.15,2499.3,1,58.12,1,0.5240834,Medium
0970-ETWGE,0,0,0,0,1,1,0,Fiber optic,0,0,0,0,1,1,Month-to-month,1,Electronic check,89.55,89.55,1,89.55,2,0.9431709,High
1626-ERCMM,0,1,1,0,20,1,1,Fiber optic,0,0,0,0,1,1,Month-to-month,1,Electronic check,94.55,1899.65,1,94.98,2,0.8548149,High
0887-HJGAR,0,0,0,0,1,1,0,DSL,0,0,0,0,0,0,Month-to-month,1,Mailed check,45.7,45.7,1,45.7,0,0.8141864,High
5644-PDMZC,1,1,0,0,2,1,1,Fiber optic,0,1,0,0,0,1,Month-to-month,0,Electronic check,89.5,161.5,1,80.75,2,0.8640928,High
9576-ANLXO,1,0,0,0,3,1,0,Fiber optic,0,0,0,0,0,0,Month-to-month,1,Bank transfer (automatic),69.55,222.3,1,74.1,0,0.7876362,High
2024-BASKD,1,0,0,0,1,1,0,Fiber optic,0,0,1,0,0,0,Month-to-month,1,Mailed check,74.6,74.6,1,74.6,1,0.89639187,High
4160-AMJTL,1,1,0,0,8,1,0,No,0,0,0,0,0,0,Month-to-month,0,Electronic check,19.65,164.3,1,20.54,0,0.36967698,Medium
4464-JCOLN,0,0,1,0,2,1,0,No,0,0,0,0,0,0,One year,0,Mailed check,19.85,35.9,1,17.95,0,0.20720807,Low
5650-VDUDS,1,0,0,0,4,0,0,DSL,0,0,0,0,0,0,Month-to-month,1,Mailed check,24.25,96.05,1,24.01,0,0.7038481,High
7538-GWHML,1,0,0,0,2,1,0,Fiber optic,0,0,0,0,0,0,Month-to-month,0,Electronic check,69.65,145.15,1,72.58,0,0.8241646,High
3859-CVCET,1,0,0,0,4,1,0,DSL,0,0,0,0,0,0,Month-to-month,0,Mailed check,45.65,191.05,1,47.76,0,0.58689445,Medium
3276-HDUEG,1,0,0,0,1,1,1,Fiber optic,0,0,0,0,0,0,Month-to-month,1,Mailed check,75.05,75.05,1,75.05,0,0.91025424,High
0823-HSCDJ,0,1,0,0,52,0,0,DSL,0,1,0,0,1,1,Month-to-month,1,Electronic check,49.15,2550.9,1,49.06,3,0.63797385,High
0822-GAVAP,1,0,0,0,2,0,0,DSL,0,0,0,0,0,1,Month-to-month,1,Electronic check,34.7,62.25,1,31.12,1,0.8772716,High
1448-PWKYE,0,0,1,0,1,1,0,Fiber optic,0,0,0,0,0,1,Month-to-month,0,Electronic check,80.0,80.0,1,80.0,1,0.91321605,High
0067-DKWBL,0,1,0,0,2,1,0,DSL,1,0,0,0,0,0,Month-to-month,1,Electronic check,49.25,91.1,1,45.55,1,0.8164582,High
2276-YDAVZ,1,0,0,0,3,1,1,Fiber optic,0,0,0,0,0,0,Month-to-month,1,Credit card (automatic),75.1,270.7,1,90.23,0,0.86526936,High
5896-NPFWW,0,0,1,0,3,1,0,DSL,0,0,1,0,0,0,Month-to-month,1,Electronic check,50.15,168.15,1,56.05,1,0.8151263,High
7133-VBDCG,1,0,0,0,25,1,0,Fiber optic,1,1,0,0,0,0,Month-to-month,1,Bank transfer (automatic),79.85,2015.35,1,80.61,2,0.5073116,Medium
1029-QFBEN,0,0,0,0,1,1,0,No,0,0,0,0,0,0,Month-to-month,0,Mailed check,19.55,19.55,1,19.55,0,0.5952228,Medium
4952-YSOGZ,1,0,1,0,4,1,1,Fiber optic,0,0,0,0,0,1,Month-to-month,1,Electronic check,85.95,381.3,1,95.32,1,0.9224317,High
1589-AGTLK,0,0,0,0,3,1,0,DSL,0,0,0,0,0,0,Month-to-month,1,Electronic check,45.35,141.5,1,47.17,0,0.80791724,High
5244-IRFIH,0,1,1,0,33,1,1,Fiber optic,0,0,0,0,1,1,Month-to-month,1,Electronic check,94.5,3105.55,1,94.11,2,0.8410502,High
2684-EIWEO,1,1,0,0,30,1,1,Fiber optic,1,1,1,0,0,0,Month-to-month,0,Credit card (automatic),91.7,2758.15,1,91.94,3,0.49393186,Medium
6439-GTPCA,1,0,0,0,45,1,1,Fiber optic,0,0,1,1,0,0,Month-to-month,1,Electronic check,87.25,3941.7,1,87.59,2,0.60278904,High
5138-WVKYJ,0,0,0,0,10,1,1,Fiber optic,1,0,0,0,1,1,Month-to-month,0,Electronic check,98.55,1008.55,1,100.85,3,0.83914995,High
6683-VLCTZ,0,1,0,0,20,1,1,Fiber optic,0,0,1,0,1,1,Month-to-month,1,Electronic check,98.55,1842.8,1,92.14,3,0.8462594,High
2189-WWOEW,1,0,0,0,15,1,0,Fiber optic,0,1,0,0,0,1,Month-to-month,1,Bank transfer (automatic),85.9,1269.55,1,84.64,2,0.7467806,High
1894-IGFSG,1,0,0,0,22,1,0,Fiber optic,0,0,0,0,1,1,Month-to-month,0,Electronic check,89.25,1907.85,1,86.72,2,0.6745215,High
7379-POKDZ,0,0,1,0,3,1,0,Fiber optic,0,0,0,0,0,0,Month-to-month,1,Electronic check,70.3,208.85,1,69.62,0,0.88272107,High
0236-HFWSV,0,0,0,0,15,1,1,Fiber optic,0,0,0,0,1,1,Month-to-month,1,Electronic check,93.35,1444.65,1,96.31,2,0.8594489,High
3900-AQPHZ,1,0,0,0,1,1,0,No,0,0,0,0,0,0,Month-to-month,0,Mailed check,19.9,19.9,1,19.9,0,0.61506176,High
5842-POCOP,1,0,1,0,5,1,0,Fiber optic,1,0,1,0,0,1,Month-to-month,1,Mailed check,88.9,454.15,1,90.83,3,0.78973657,High
2037-XJFUP,0,0,1,0,33,1,0,Fiber optic,0,0,1,0,1,1,One year,1,Electronic check,95.8,3036.75,1,92.02,3,0.64356774,High
7314-OXENN,0,0,0,0,2,1,1,Fiber optic,0,1,0,0,0,0,Month-to-month,1,Electronic check,82.0,184.65,1,92.32,1,0.9096312,High
0322-CHQRU,0,0,0,0,2,1,0,DSL,0,0,0,0,0,0,Month-to-month,0,Electronic check,45.35,89.5,1,44.75,0,0.75446206,High
4678-DVQEO,1,0,0,0,1,1,0,DSL,0,0,0,1,0,0,Month-to-month,1,Electronic check,52.2,52.2,1,52.2,1,0.8298241,High
0691-IFBQW,1,1,0,0,46,1,1,Fiber optic,1,1,1,0,1,1,One year,1,Electronic check,110.0,4874.8,1,105.97,5,0.6299069,High
3009-JWMPU,0,0,0,0,62,1,1,Fiber optic,0,0,1,0,1,1,One year,1,Electronic check,96.75,6125.4,1,98.8,3,0.54288816,Medium
1450-GALXR,1,0,0,0,10,1,1,Fiber optic,0,0,0,1,1,1,Month-to-month,1,Electronic check,98.5,1058.25,1,105.82,3,0.9103604,High
3138-BKYAV,0,0,0,0,6,1,0,Fiber optic,0,1,0,0,1,0,Month-to-month,1,Electronic check,85.35,489.45,1,81.58,2,0.8411199,High
4289-DTDKW,0,0,1,0,40,1,1,Fiber optic,0,1,0,0,1,1,Month-to-month,1,Electronic check,101.3,4113.1,1,102.83,3,0.83659655,High
1820-TQVEV,0,0,0,0,1,1,0,Fiber optic,0,0,0,0,0,0,Month-to-month,1,Electronic check,69.55,69.55,1,69.55,0,0.9221682,High
2239-JALAW,0,0,0,0,58,1,1,Fiber optic,0,1,1,0,1,1,One year,1,Bank transfer (automatic),103.25,6017.65,1,103.75,4,0.57172525,Medium
4853-RULSV,0,0,0,0,70,1,1,Fiber optic,1,0,0,1,1,1,Two year,1,Credit card (automatic),104.0,7250.15,1,103.57,4,0.29832637,Low
6275-YDUVO,1,0,0,0,2,1,0,Fiber optic,0,0,1,0,0,1,Month-to-month,1,Mailed check,86.2,178.7,1,89.35,2,0.8683063,High
0115-TFERT,0,0,1,0,21,1,1,Fiber optic,0,1,1,1,1,1,Month-to-month,1,Electronic check,111.2,2317.1,1,110.34,5,0.8267879,High
2311-QYMUQ,1,0,1,0,16,1,0,Fiber optic,0,1,1,0,1,0,Month-to-month,1,Credit card (automatic),89.45,1430.25,1,89.39,3,0.76512283,High
3643-AHCFP,0,1,1,0,7,1,1,Fiber optic,0,0,0,0,1,1,Month-to-month,1,Bank transfer (automatic),95.6,644.35,1,92.05,2,0.90794724,High
3104-OWCGK,0,0,1,0,60,1,0,Fiber optic,0,1,1,0,1,0,One year,0,Electronic check,90.95,5453.4,1,90.89,3,0.35269132,Medium
9101-BWFSS,1,0,1,0,50,1,1,Fiber optic,1,1,0,1,1,1,One year,0,Electronic check,108.55,5610.7,1,112.21,5,0.6027234,High
9231-ZJYAM,1,1,0,0,4,1,0,Fiber optic,0,0,0,0,1,0,Month-to-month,1,Electronic check,78.85,292.8,1,73.2,1,0.88101196,High
6982-SSHFK,0,0,0,0,1,1,0,DSL,0,0,0,0,0,0,Month-to-month,0,Mailed check,44.4,44.4,1,44.4,0,0.7332216,High
0727-BMPLR,1,1,0,0,55,1,1,Fiber optic,0,0,1,0,1,1,One year,1,Electronic check,100.0,5509.3,1,100.17,3,0.6439564,High
1038-ZAGBI,1,0,1,0,12,1,0,No,0,0,0,0,0,0,One year,0,Bank transfer (automatic),19.8,229.6,1,19.13,0,0.119231045,Low
3027-ZTDHO,0,0,0,0,1,1,0,Fiber optic,0,0,0,0,1,1,Month-to-month,1,Electronic check,89.9,89.9,1,89.9,2,0.94231564,High
2382-BCKQJ,1,0,0,0,62,1,1,Fiber optic,0,0,1,0,1,1,One year,1,Electronic check,100.15,6413.65,1,103.45,3,0.58399224,Medium
2207-NHRJK,0,0,0,0,1,1,0,DSL,0,1,0,0,0,0,Month-to-month,0,Electronic check,50.8,50.8,1,50.8,1,0.77174616,High
0947-MUGVO,0,1,1,0,20,1,0,Fiber optic,0,1,0,0,0,0,Month-to-month,1,Electronic check,73.65,1463.5,1,73.18,1,0.7558815,High
9944-HKVVB,1,0,0,0,3,1,0,Fiber optic,0,1,0,0,1,1,Month-to-month,1,Electronic check,95.1,307.4,1,102.47,3,0.8976977,High
4124-MMETB,0,0,0,0,22,1,1,Fiber optic,0,0,0,0,1,1,Month-to-month,1,Credit card (automatic),94.65,2104.55,1,95.66,2,0.7386405,High
3671-SHRSP,0,0,1,0,4,1,0,Fiber optic,0,0,1,1,0,0,Month-to-month,1,Mailed check,80.6,319.15,1,79.79,2,0.77228886,High
3313-QKNKB,0,0,1,0,59,1,1,Fiber optic,0,0,0,0,0,1,One year,0,Electronic check,85.55,5084.65,1,86.18,1,0.37292752,Medium
5073-WXOYN,1,0,0,0,60,0,0,DSL,0,1,0,0,1,1,Month-to-month,1,Electronic check,50.8,3027.4,1,50.46,3,0.5205418,Medium
0207-MDKNV,1,0,0,0,15,1,0,Fiber optic,1,0,1,1,1,1,Month-to-month,0,Electronic check,105.1,1582.75,1,105.52,5,0.78379166,High
9851-KIELU,0,0,0,0,10,1,0,Fiber optic,1,1,1,1,1,1,Month-to-month,1,Electronic check,110.1,1043.3,1,104.33,6,0.82312644,High
3908-BLSYF,1,0,0,0,6,1,0,Fiber optic,0,0,1,0,0,1,Month-to-month,0,Electronic check,83.9,497.55,1,82.92,2,0.7815783,High
7549-MYGPK,1,0,1,0,63,1,1,Fiber optic,1,1,1,0,1,0,Month-to-month,1,Electronic check,100.55,6215.35,1,98.66,4,0.6130622,High
3804-RVTGV,0,0,1,0,50,1,1,Fiber optic,0,1,1,0,1,1,Month-to-month,1,Bank transfer (automatic),103.85,5017.9,1,100.36,4,0.7468207,High
9227-LUNBG,1,0,0,0,1,0,0,DSL,0,0,0,0,0,0,Month-to-month,0,Electronic check,24.6,24.6,1,24.6,0,0.812723,High
4315-MURBD,1,0,0,0,12,1,0,Fiber optic,1,0,0,1,1,1,Month-to-month,1,Bank transfer (automatic),98.9,1120.95,1,93.41,4,0.80022866,High
9734-YWGEX,1,0,0,0,9,1,1,Fiber optic,0,0,1,0,1,1,Month-to-month,0,Credit card (automatic),98.3,923.5,1,102.61,3,0.844649,High
2719-BDAQO,0,0,0,0,17,1,0,Fiber optic,1,0,0,0,1,1,Month-to-month,0,Electronic check,93.85,1625.65,1,95.63,3,0.70536536,High
0781-LKXBR,0,1,0,0,9,1,1,Fiber optic,0,0,1,0,1,1,Month-to-month,1,Electronic check,100.5,918.6,1,102.07,3,0.9268817,High
1907-UBQFC,0,1,0,0,10,1,0,Fiber optic,0,1,0,0,0,0,Month-to-month,1,Electronic check,72.85,688.65,1,68.86,1,0.81875306,High
6513-EECDB,0,1,1,0,1,1,1,Fiber optic,0,0,0,0,0,0,Month-to-month,1,Electronic check,73.55,73.55,1,73.55,0,0.9425427,High
7074-IEVOJ,1,1,0,0,3,1,1,Fiber optic,0,1,0,0,0,0,Month-to-month,1,Electronic check,79.4,205.05,1,68.35,1,0.883107,High
9625-QSTYE,1,0,0,0,13,1,0,Fiber optic,0,1,1,0,0,0,Month-to-month,1,Electronic check,81.15,952.3,1,73.25,2,0.7968018,High
4750-ZRXIU,1,1,0,0,4,1,1,Fiber optic,0,0,0,0,0,1,Month-to-month,1,Electronic check,84.6,360.1,1,90.02,1,0.91448176,High
6400-BWQKW,1,0,0,0,6,1,1,Fiber optic,1,0,0,0,0,0,Month-to-month,1,Electronic check,79.05,434.5,1,72.42,1,0.79626834,High
6680-WKXRZ,1,0,0,0,3,1,1,Fiber optic,0,0,0,0,0,0,Month-to-month,0,Bank transfer (automatic),74.4,215.8,1,71.93,0,0.7892718,High
7028-DVOIQ,0,1,0,0,35,1,1,Fiber optic,0,0,1,0,1,1,Month-to-month,1,Electronic check,99.05,3395.8,1,97.02,3,0.7903163,High
4208-UFFGW,0,1,0,0,2,1,0,DSL,0,0,0,0,0,0,Month-to-month,0,Mailed check,44.95,85.15,1,42.58,0,0.7055212,High
9448-REEVD,0,0,1,0,1,1,0,DSL,0,0,0,0,0,0,Month-to-month,0,Credit card (automatic),44.7,44.7,1,44.7,0,0.7548275,High
9117-SHLZX,0,1,0,0,8,1,0,Fiber optic,1,0,0,1,1,1,Month-to-month,0,Credit card (automatic),100.3,832.35,1,104.04,4,0.77773255,High
9889-TMAHG,0,0,0,0,7,1,0,No,0,0,0,0,0,0,Month-to-month,0,Electronic check,19.25,112.3,1,16.04,0,0.2837264,Low
4541-RMRLG,1,0,0,0,2,1,1,Fiber optic,0,0,0,0,1,1,Month-to-month,1,Electronic check,96.0,174.8,1,87.4,2,0.9380343,High
3158-MOERK,1,0,0,0,1,1,0,Fiber optic,0,0,0,0,1,1,Month-to-month,0,Electronic check,90.55,90.55,1,90.55,2,0.914692,High
7294-TMAOP,0,1,1,0,44,0,0,DSL,0,1,0,0,0,0,Month-to-month,1,Electronic check,30.35,1359.7,1,30.9,1,0.6165889,High
8919-FYFQZ,0,0,0,0,71,1,1,Fiber optic,1,0,1,1,1,1,Two year,1,Electronic check,108.05,7532.15,1,106.09,5,0.37434918,Medium
2834-JRTUA,0,0,0,0,1,1,0,Fiber optic,0,0,0,0,0,0,Month-to-month,1,Electronic check,69.9,69.9,1,69.9,0,0.9221682,High
5875-YPQFJ,0,1,1,0,62,1,1,Fiber optic,0,1,1,0,1,1,One year,1,Electronic check,103.75,6383.35,1,102.96,4,0.6670638,High
6646-QVXLR,0,0,0,0,1,1,1,Fiber optic,0,0,0,0,0,1,Month-to-month,1,Electronic check,86.6,86.6,1,86.6,1,0.94378537,High
8603-IJWDN,1,1,1,0,33,1,1,Fiber optic,0,1,0,0,0,0,Month-to-month,1,Bank transfer (automatic),80.6,2656.5,1,80.5,1,0.70545214,High
9369-XFEHK,1,0,0,0,35,1,1,Fiber optic,0,1,0,1,0,0,Month-to-month,0,Credit card (automatic),85.3,2917.5,1,83.36,2,0.50554323,Medium
3842-IYKUE,1,0,0,0,34,1,0,Fiber optic,0,0,0,0,0,0,Month-to-month,1,Credit card (automatic),70.0,2416.1,1,71.06,0,0.5673253,Medium
6641-XRPSU,1,1,0,0,4,1,1,Fiber optic,0,0,0,0,1,1,Month-to-month,1,Electronic check,94.3,424.45,1,106.11,2,0.9367373,High
1374-DMZUI,1,0,0,0,7,1,0,Fiber optic,0,0,1,0,1,1,Month-to-month,1,Electronic check,95.35,660.9,1,94.41,3,0.8940049,High
8357-EQXFO,0,1,1,0,27,1,1,Fiber optic,0,0,0,0,0,0,Month-to-month,1,Electronic check,75.5,1893.95,1,70.15,0,0.7695091,High
1989-PRJHP,1,0,0,0,18,1,1,Fiber optic,0,0,0,1,0,1,Month-to-month,1,Electronic check,90.1,1612.75,1,89.6,2,0.71175647,High
9524-EGPJC,1,0,0,0,2,1,0,Fiber optic,0,0,0,0,0,0,Month-to-month,0,Electronic check,68.95,119.75,1,59.88,0,0.82728964,High
6993-OHLXR,0,0,1,0,32,1,1,Fiber optic,1,0,0,0,1,1,Month-to-month,1,Credit card (automatic),99.55,3204.65,1,100.15,3,0.7492206,High
8818-XYFCQ,0,0,1,0,18,1,0,DSL,0,0,1,0,0,1,Month-to-month,0,Electronic check,57.45,990.85,1,55.05,2,0.52695125,Medium
4695-VADHF,0,0,1,0,12,1,0,DSL,0,0,0,0,0,1,One year,0,Credit card (automatic),53.65,696.35,1,58.03,1,0.2442274,Low
3863-IUBJR,0,1,0,0,8,1,1,Fiber optic,0,0,1,0,1,1,Month-to-month,1,Electronic check,100.6,819.4,1,102.42,3,0.9296812,High
4822-RVYBB,0,0,1,0,26,1,1,Fiber optic,0,0,0,0,1,0,Month-to-month,1,Electronic check,83.75,2070.6,1,79.64,1,0.78462774,High
8436-BJUMM,1,1,1,0,3,1,0,Fiber optic,1,0,0,1,1,0,Month-to-month,1,Mailed check,88.3,273.75,1,91.25,3,0.7748759,High
4184-TJFAN,1,1,0,0,8,1,0,Fiber optic,0,0,1,0,1,1,Month-to-month,1,Electronic check,92.1,729.95,1,91.24,3,0.8779166,High
4145-UQXUQ,0,0,1,0,38,1,0,Fiber optic,1,1,0,0,0,0,Month-to-month,1,Electronic check,79.45,3013.05,1,79.29,2,0.70200324,High
9948-YPTDG,0,1,0,0,14,1,0,Fiber optic,0,0,0,0,1,1,Month-to-month,0,Credit card (automatic),90.45,1266.1,1,90.44,2,0.7385426,High
1236-WFCDV,0,0,1,0,32,1,0,Fiber optic,0,0,0,0,0,0,Month-to-month,1,Bank transfer (automatic),69.75,2347.9,1,73.37,0,0.5872305,Medium
4883-QICIH,1,0,0,0,1,1,0,No,0,0,0,0,0,0,Month-to-month,0,Mailed check,19.65,19.65,1,19.65,0,0.5932324,Medium
8329-IBCTI,0,1,0,0,12,0,0,DSL,0,0,1,1,0,1,Month-to-month,1,Electronic check,43.65,526.95,1,43.91,3,0.6573219,High
1271-SJBGZ,1,0,0,0,5,0,0,DSL,0,0,1,0,0,1,Month-to-month,0,Electronic check,39.5,210.75,1,42.15,2,0.7654638,High
5669-SRAIP,0,0,1,0,40,1,1,Fiber optic,0,0,0,0,1,1,Month-to-month,1,Bank transfer (automatic),97.1,3706.95,1,92.67,2,0.7526431,High
5981-ITEMU,1,0,0,0,5,1,0,Fiber optic,0,0,0,0,0,1,Month-to-month,1,Electronic check,80.0,412.5,1,82.5,1,0.87779486,High
6941-PMGEP,1,0,0,0,10,1,0,Fiber optic,1,0,0,0,1,0,Month-to-month,1,Mailed check,84.7,832.05,1,83.2,2,0.7249932,High
1624-WOIWJ,0,0,1,0,2,1,0,Fiber optic,0,0,0,0,1,1,Month-to-month,1,Bank transfer (automatic),89.55,185.55,1,92.78,2,0.8948138,High
2074-GKOWZ,0,0,0,0,23,1,1,Fiber optic,0,0,0,1,1,0,Month-to-month,1,Electronic check,90.6,1943.2,1,84.49,2,0.7085935,High
0376-YMCJC,1,0,0,0,23,1,1,Fiber optic,1,0,0,0,1,0,Month-to-month,1,Bank transfer (automatic),90.05,2169.8,1,94.34,2,0.63291556,High
0634-SZPQA,0,0,1,0,49,1,1,Fiber optic,0,1,0,0,1,1,Month-to-month,1,Bank transfer (automatic),99.05,4853.75,1,99.06,3,0.7442197,High
5536-RTPWK,1,0,0,0,2,1,0,Fiber optic,0,0,0,0,0,0,Month-to-month,0,Bank transfer (automatic),69.75,144.55,1,72.28,0,0.78059435,High
6166-ILMNY,1,0,0,0,2,1,0,DSL,0,1,0,0,0,0,Month-to-month,1,Credit card (automatic),49.05,91.1,1,45.55,1,0.7635644,High
3097-NNSPB,0,0,0,0,7,1,1,Fiber optic,0,0,1,0,1,1,Month-to-month,1,Bank transfer (automatic),98.05,713.0,1,101.86,3,0.9078698,High
0655-RBDUG,1,0,0,0,41,1,1,Fiber optic,1,1,1,1,1,1,Month-to-month,1,Bank transfer (automatic),114.5,4527.45,1,110.43,6,0.60212183,High
4361-BKAXE,0,0,0,0,2,1,0,Fiber optic,0,0,0,0,0,1,Month-to-month,1,Electronic check,80.95,171.15,1,85.58,1,0.90657675,High
9878-TNQGW,1,1,0,0,13,1,0,Fiber optic,0,0,1,0,0,0,Month-to-month,1,Electronic check,74.3,940.35,1,72.33,1,0.8328163,High
4441-NIHPT,1,1,0,0,11,1,0,Fiber optic,0,0,0,0,1,1,Month-to-month,0,Bank transfer (automatic),89.7,1047.7,1,95.25,2,0.78802115,High
8999-BOHSE,0,1,1,0,17,1,1,Fiber optic,0,0,1,0,1,1,Month-to-month,1,Credit card (automatic),100.45,1622.45,1,95.44,3,0.84351695,High
7029-RPUAV,0,0,1,0,25,1,0,Fiber optic,0,0,0,0,1,1,One year,1,Electronic check,90.4,2178.6,1,87.14,2,0.5964892,Medium
4607-CHPCA,0,0,1,0,3,1,0,DSL,0,1,1,0,0,0,Month-to-month,1,Mailed check,56.15,168.15,1,56.05,2,0.7148334,High
8824-RWFXJ,1,0,0,0,4,1,0,Fiber optic,1,0,1,1,0,1,Month-to-month,1,Bank transfer (automatic),94.4,387.2,1,96.8,4,0.7214927,High
9763-PDTKK,1,0,1,0,37,1,1,Fiber optic,0,0,1,0,0,0,Month-to-month,1,Credit card (automatic),78.95,2839.65,1,76.75,1,0.67830855,High
7627-JKIAZ,1,0,0,0,19,0,0,DSL,0,0,0,0,1,1,One year,1,Credit card (automatic),44.85,893.55,1,47.03,2,0.3880345,Medium
4081-DYXAV,0,1,1,0,39,1,1,Fiber optic,0,1,1,0,1,1,Month-to-month,1,Electronic check,105.65,4284.8,1,109.87,4,0.8555127,High
8111-SLLHI,0,0,0,0,7,1,0,Fiber optic,0,0,1,0,0,0,Month-to-month,0,Mailed check,74.65,544.55,1,77.79,1,0.6568278,High
0927-LCSMG,1,0,1,0,14,1,1,DSL,1,0,0,0,1,0,Month-to-month,1,Bank transfer (automatic),64.7,941.0,1,67.21,2,0.5470733,Medium
8257-RZAHR,1,1,1,0,11,1,1,Fiber optic,0,0,1,1,1,1,Month-to-month,1,Bank transfer (automatic),104.05,1133.65,1,103.06,4,0.89827234,High
5293-WXJAK,0,0,0,0,1,0,0,DSL,0,0,0,0,0,1,Month-to-month,1,Electronic check,35.55,35.55,1,35.55,1,0.9046912,High
0841-NULXI,1,0,0,0,2,1,1,Fiber optic,0,0,0,0,1,1,Month-to-month,1,Electronic check,95.15,196.9,1,98.45,2,0.93610865,High
7851-WZEKY,0,0,1,0,13,1,0,Fiber optic,0,0,1,0,1,1,Month-to-month,1,Mailed check,96.65,1162.85,1,89.45,3,0.8654375,High
8844-TONUD,1,1,1,0,3,1,0,Fiber optic,0,0,0,0,1,0,Month-to-month,1,Electronic check,80.4,224.05,1,74.68,1,0.8975753,High
4086-YQSNZ,0,0,0,0,1,0,0,DSL,0,1,0,0,0,0,Month-to-month,1,Mailed check,31.35,31.35,1,31.35,1,0.84146345,High
5868-CZJDR,1,0,0,0,12,1,1,Fiber optic,0,1,0,0,1,0,Month-to-month,1,Bank transfer (automatic),89.75,1052.4,1,87.7,2,0.83217955,High
0135-NMXAP,0,0,1,0,60,1,0,Fiber optic,0,1,0,0,1,1,One year,1,Electronic check,94.4,5610.25,1,93.5,3,0.50875497,Medium
6270-OMFIW,0,0,0,0,1,1,0,No,0,0,0,0,0,0,Month-to-month,1,Electronic check,19.85,19.85,1,19.85,0,0.77766675,High
0107-WESLM,1,0,0,0,6,1,1,Fiber optic,0,1,1,1,1,1,Month-to-month,1,Credit card (automatic),109.9,669.45,1,111.58,5,0.87003034,High
3992-YWPKO,0,0,0,0,15,1,0,Fiber optic,0,0,1,1,1,1,Month-to-month,1,Electronic check,101.35,1553.95,1,103.6,4,0.8444321,High
0125-LZQXK,0,1,0,0,21,1,0,DSL,0,0,1,0,1,0,Month-to-month,1,Bank transfer (automatic),60.05,1236.15,1,58.86,2,0.43804494,Medium
8399-YNDCH,1,0,0,0,1,1,1,DSL,0,0,0,0,0,1,Month-to-month,1,Electronic check,60.15,60.15,1,60.15,1,0.87281394,High
5673-FSSMF,0,0,0,0,7,1,1,Fiber optic,0,0,1,0,1,0,Month-to-month,1,Electronic check,90.45,593.45,1,84.78,2,0.88223976,High
1579-KLYDT,0,0,1,0,53,1,0,Fiber optic,0,1,0,0,1,1,One year,1,Bank transfer (automatic),94.25,4867.95,1,91.85,3,0.47766024,Medium
3927-NLNRY,0,0,0,0,1,1,1,Fiber optic,0,0,0,0,0,0,Month-to-month,1,Electronic check,74.9,74.9,1,74.9,0,0.932396,High
6358-LYNGM,1,0,0,0,1,1,0,Fiber optic,0,0,0,0,1,0,Month-to-month,1,Electronic check,80.25,80.25,1,80.25,1,0.9339724,High
5494-HECPR,0,0,1,0,17,1,0,Fiber optic,0,0,0,0,0,0,Month-to-month,1,Electronic check,69.0,1149.65,1,67.63,0,0.7860749,High
9824-BEMCV,1,0,1,0,11,1,1,DSL,0,0,0,1,0,1,Month-to-month,1,Electronic check,66.35,740.8,1,67.35,2,0.6308792,High
1373-ORVIZ,0,0,0,0,19,1,1,Fiber optic,0,0,0,0,0,1,Month-to-month,1,Bank transfer (automatic),86.0,1532.45,1,80.66,1,0.68943113,High
9866-QEVEE,1,0,1,0,3,1,0,Fiber optic,0,0,0,0,0,1,Month-to-month,1,Electronic check,80.3,250.05,1,83.35,1,0.90029454,High
9897-KXHCM,0,0,0,0,24,1,1,Fiber optic,0,1,0,0,1,0,Month-to-month,1,Credit card (automatic),90.55,2282.55,1,95.11,2,0.6748397,High
7979-CORPM,1,0,0,0,2,1,1,Fiber optic,0,0,0,0,0,0,Month-to-month,1,Electronic check,75.9,143.35,1,71.68,0,0.9096898,High
1618-CFHME,0,0,1,0,1,1,0,DSL,0,0,0,0,0,0,Month-to-month,1,Mailed check,45.85,45.85,1,45.85,0,0.8332995,High
3165-HDOEW,1,0,1,0,16,0,0,DSL,0,0,0,1,1,1,Month-to-month,1,Electronic check,49.95,810.2,1,50.64,3,0.7027762,High
6581-NQCBA,0,0,1,0,34,1,0,Fiber optic,0,0,0,0,1,0,Month-to-month,0,Electronic check,78.3,2564.3,1,75.42,1,0.7110466,High
1689-MRZQR,0,0,0,0,3,1,1,Fiber optic,0,0,0,0,0,0,Month-to-month,1,Electronic check,76.95,228.4,1,76.13,0,0.8809442,High
5835-BEQEU,1,1,0,0,16,1,1,Fiber optic,0,0,0,0,1,1,Month-to-month,1,Electronic check,96.15,1529.2,1,95.58,2,0.89939743,High
5565-FILXA,0,0,0,0,1,1,0,DSL,0,0,0,0,0,0,Month-to-month,0,Electronic check,45.3,45.3,1,45.3,0,0.80676985,High
5552-ZNFSJ,1,0,0,0,15,1,0,No,0,0,0,0,0,0,Month-to-month,0,Bank transfer (automatic),19.4,289.3,1,19.29,0,0.2551917,Low
2223-KAGMX,1,0,0,0,11,1,1,Fiber optic,0,0,0,1,1,0,Month-to-month,0,Electronic check,90.15,987.95,1,89.81,2,0.7966785,High
7321-PKUYW,0,0,0,0,1,1,0,DSL,0,0,0,0,0,0,Month-to-month,0,Mailed check,45.05,45.05,1,45.05,0,0.743779,High
2833-SLKDQ,1,0,0,0,1,1,0,Fiber optic,0,1,0,0,0,0,Month-to-month,0,Electronic check,75.8,75.8,1,75.8,1,0.8751248,High
7595-EUIVN,1,0,0,0,7,1,0,Fiber optic,0,0,0,0,0,1,Month-to-month,1,Electronic check,79.3,523.15,1,74.74,1,0.8345422,High
2026-TGDHM,1,0,0,0,2,0,0,DSL,0,0,0,1,0,0,Month-to-month,1,Electronic check,30.9,59.05,1,29.52,1,0.8135798,High
4030-VPZBD,1,1,0,0,46,1,0,Fiber optic,0,1,0,0,1,1,One year,0,Credit card (automatic),95.25,4424.2,1,96.18,3,0.3852973,Medium
4187-CINZD,1,1,1,0,68,1,1,Fiber optic,0,1,0,0,0,1,Month-to-month,1,Bank transfer (automatic),89.6,6127.6,1,90.11,2,0.5482434,Medium
6818-WOBHJ,0,0,1,0,59,1,1,Fiber optic,1,1,1,0,1,1,One year,1,Electronic check,110.15,6448.05,1,109.29,5,0.6613894,High
2408-TZMJL,0,1,1,0,7,1,0,Fiber optic,0,0,0,0,1,1,Month-to-month,1,Electronic check,89.5,676.7,1,96.67,2,0.9042993,High
9134-CEQMF,0,0,1,0,8,1,0,Fiber optic,1,0,0,0,0,0,Month-to-month,0,Electronic check,75.0,632.95,1,79.12,1,0.73661315,High
7993-PYKOF,0,0,0,0,6,1,0,DSL,0,0,0,0,0,0,Month-to-month,0,Electronic check,44.75,270.95,1,45.16,0,0.5535852,Medium
5027-XWQHA,1,0,1,0,11,1,0,DSL,0,0,0,0,0,0,Month-to-month,1,Electronic check,44.05,483.7,1,43.97,0,0.6590833,High
4566-QVRRW,0,1,1,0,15,1,1,Fiber optic,0,0,0,0,0,1,Month-to-month,1,Bank transfer (automatic),85.6,1345.55,1,89.7,1,0.82429534,High
8519-IMDHU,1,0,0,0,70,1,1,Fiber optic,1,1,1,1,1,1,One year,0,Credit card (automatic),115.55,8127.6,1,116.11,6,0.42685965,Medium
0201-OAMXR,0,1,0,0,16,1,1,Fiber optic,0,0,0,0,1,0,Month-to-month,1,Electronic check,86.6,1281.0,1,80.06,1,0.85113007,High
3372-KWFBM,1,0,0,0,18,1,1,Fiber optic,0,0,0,0,1,0,Month-to-month,1,Electronic check,85.2,1553.9,1,86.33,1,0.7821451,High
7831-QGOXH,1,0,1,0,34,1,1,Fiber optic,0,0,0,0,1,1,Month-to-month,1,Electronic check,97.65,3207.55,1,94.34,2,0.8538573,High
6393-WRYZE,0,0,1,0,47,1,1,Fiber optic,0,1,1,1,1,1,Month-to-month,1,Electronic check,109.55,5124.55,1,109.03,5,0.7917389,High
6599-RCLCJ,1,0,1,0,39,1,1,Fiber optic,0,1,1,1,0,0,One year,1,Electronic check,89.55,3474.45,1,89.09,3,0.4202307,Medium
9831-BPFRI,0,0,0,0,1,1,0,No,0,0,0,0,0,0,Month-to-month,1,Mailed check,19.45,19.45,1,19.45,0,0.6775247,High
1725-MIMXW,1,0,1,0,4,1,0,No,0,0,0,0,0,0,Month-to-month,0,Mailed check,20.35,76.35,1,19.09,0,0.32753426,Medium
0031-PVLZI,1,1,0,0,1,1,0,Fiber optic,0,0,0,0,0,0,Month-to-month,1,Electronic check,69.25,69.25,1,69.25,0,0.9284496,High
7206-GZCDC,0,0,1,0,59,1,1,Fiber optic,0,0,1,0,1,1,One year,1,Bank transfer (automatic),99.5,5961.1,1,101.04,3,0.57026374,Medium
4791-QRGMF,1,1,0,0,1,0,0,DSL,0,0,0,0,0,0,Month-to-month,1,Electronic check,25.2,25.2,1,25.2,0,0.8911717,High
1768-ZAIFU,0,0,0,0,2,1,0,DSL,0,0,0,0,0,0,Month-to-month,1,Mailed check,45.0,96.45,1,48.22,0,0.75203425,High
4671-LXRDQ,0,0,1,0,66,1,1,Fiber optic,0,1,1,0,1,1,Month-to-month,1,Credit card (automatic),105.0,7133.25,1,108.08,4,0.7348725,High
1934-SJVJK,0,0,0,0,3,1,0,DSL,0,0,0,0,1,0,Month-to-month,1,Credit card (automatic),54.7,169.45,1,56.48,1,0.7159688,High
3838-OZURD,1,0,1,0,14,1,1,Fiber optic,0,0,1,0,0,1,Month-to-month,1,Electronic check,87.25,1258.6,1,89.9,2,0.8701159,High
9269-CQOOL,0,0,1,0,10,1,0,Fiber optic,0,0,0,0,1,0,Month-to-month,1,Electronic check,79.95,857.2,1,85.72,1,0.8750784,High
2845-HSJCY,1,0,0,0,18,1,1,Fiber optic,0,0,0,1,1,0,Month-to-month,1,Electronic check,88.35,1639.3,1,91.07,2,0.7382592,High
1184-PJVDB,1,0,0,0,9,1,1,Fiber optic,0,0,0,0,1,1,Month-to-month,1,Electronic check,94.75,889.9,1,98.88,2,0.90102124,High
9415-DPEWS,1,1,0,0,13,1,1,Fiber optic,0,0,0,0,1,1,Month-to-month,1,Electronic check,95.05,1290.0,1,99.23,2,0.88861996,High
7943-RQCHR,0,0,0,0,4,1,1,Fiber optic,0,1,0,0,0,0,Month-to-month,0,Electronic check,78.45,330.05,1,82.51,1,0.81611526,High
3793-MMFUH,0,0,0,0,4,1,0,Fiber optic,0,0,0,0,0,0,Month-to-month,1,Electronic check,70.2,237.95,1,59.49,0,0.851854,High
3249-ZPQRG,0,0,1,0,59,0,0,DSL,0,1,0,0,0,1,Month-to-month,1,Bank transfer (automatic),41.05,2452.7,1,41.57,2,0.5213882,Medium
2568-BRGYX,0,0,1,0,10,1,1,Fiber optic,0,0,0,0,1,0,Month-to-month,1,Electronic check,85.6,813.85,1,81.39,1,0.89075077,High
7721-JXEAW,1,1,0,0,1,1,0,Fiber optic,0,0,0,0,1,0,Month-to-month,1,Electronic check,79.2,79.2,1,79.2,1,0.9363214,High
7249-WBIYX,0,0,0,0,5,1,0,DSL,0,0,1,0,1,1,One year,1,Mailed check,70.0,347.4,1,69.48,3,0.46489808,Medium
6567-HOOPW,1,0,0,0,1,1,1,DSL,0,0,0,0,0,0,Month-to-month,1,Bank transfer (automatic),49.95,49.95,1,49.95,0,0.82521343,High
3164-AALRN,1,0,1,0,22,1,0,Fiber optic,0,0,0,0,0,0,Month-to-month,1,Electronic check,69.25,1554.0,1,70.64,0,0.712694,High
3334-CTHOL,1,1,1,0,34,1,1,Fiber optic,0,1,1,0,0,1,Month-to-month,1,Electronic check,94.25,3217.55,1,94.63,3,0.78897804,High
4704-ERYFC,0,0,1,0,41,1,1,DSL,0,0,1,0,1,1,One year,1,Electronic check,73.0,3001.2,1,73.2,3,0.48967564,Medium
8621-MNIHH,1,0,0,0,64,1,1,Fiber optic,0,0,1,0,1,1,One year,1,Credit card (automatic),100.05,6254.2,1,97.72,3,0.4199196,Medium
0471-LVHGK,1,1,0,0,4,1,0,Fiber optic,0,1,1,0,1,1,Month-to-month,1,Credit card (automatic),99.8,442.85,1,110.71,4,0.900088,High
9518-RWHZL,1,0,0,0,18,0,0,DSL,0,0,0,0,0,1,Month-to-month,1,Electronic check,35.0,553.0,1,30.72,1,0.6843012,High
5419-CONWX,1,0,0,0,1,1,1,Fiber optic,0,0,0,0,0,0,Month-to-month,0,Electronic check,76.0,76.0,1,76.0,0,0.9004149,High
6240-EURKS,1,1,0,0,2,1,1,Fiber optic,0,0,0,0,1,1,Month-to-month,1,Electronic check,93.85,170.85,1,85.42,2,0.9369606,High
6960-HVYXR,1,0,1,0,15,1,0,Fiber optic,0,0,1,0,1,0,Month-to-month,1,Electronic check,84.3,1308.4,1,87.23,2,0.8484169,High
7024-OHCCK,0,1,0,0,9,1,1,Fiber optic,0,0,0,0,0,1,Month-to-month,1,Credit card (automatic),84.4,732.5,1,81.39,1,0.8326028,High
7861-UVUFT,0,0,1,0,15,1,1,Fiber optic,0,0,1,0,1,1,Month-to-month,1,Electronic check,101.1,1504.05,1,100.27,3,0.90916014,High
5357-TZHPP,0,0,0,0,1,1,1,DSL,0,0,0,0,0,0,Month-to-month,1,Electronic check,50.45,50.45,1,50.45,0,0.8683077,High
0680-DFNNY,0,0,0,0,12,1,1,Fiber optic,0,0,0,1,1,1,Month-to-month,1,Mailed check,99.95,1132.75,1,94.4,3,0.8560455,High
7767-UXAGJ,1,0,0,0,2,1,1,Fiber optic,0,0,1,0,1,0,Month-to-month,1,Electronic check,91.4,193.6,1,96.8,2,0.9231918,High
1571-SAVHK,1,1,0,0,5,1,0,Fiber optic,0,0,1,0,0,0,Month-to-month,1,Credit card (automatic),75.55,349.65,1,69.93,1,0.8194406,High
9546-CQJSU,0,0,0,0,4,1,1,Fiber optic,0,0,0,1,0,0,Month-to-month,0,Credit card (automatic),80.8,332.45,1,83.11,1,0.7588539,High
0506-LVNGN,1,0,1,0,16,1,1,Fiber optic,0,1,0,0,1,1,Month-to-month,1,Electronic check,100.0,1534.75,1,95.92,3,0.896592,High
2951-QOQTK,0,0,0,0,1,1,0,No,0,0,0,0,0,0,Month-to-month,0,Electronic check,20.55,20.55,1,20.55,0,0.6385423,High
3473-XIIIT,0,0,0,0,5,1,1,Fiber optic,0,1,1,0,0,0,Month-to-month,1,Electronic check,85.3,424.15,1,84.83,2,0.8846003,High
7893-IXHRQ,1,0,0,0,4,1,0,Fiber optic,0,0,0,0,0,0,Month-to-month,0,Electronic check,70.4,281.0,1,70.25,0,0.78710747,High
2952-QAYZF,0,0,0,0,37,1,1,Fiber optic,0,0,0,1,1,1,Month-to-month,0,Bank transfer (automatic),98.8,3475.55,1,93.93,3,0.55855197,Medium
4763-PGDPO,0,0,1,0,13,1,1,Fiber optic,0,0,0,0,0,0,Month-to-month,1,Credit card (automatic),74.4,896.75,1,68.98,0,0.8045671,High
5394-SVGJV,1,0,0,0,24,1,1,Fiber optic,0,0,1,0,1,1,Month-to-month,1,Electronic check,98.75,2407.3,1,100.3,3,0.8474345,High
9283-LZQOH,0,0,1,0,61,1,1,Fiber optic,1,1,0,0,1,1,One year,1,Electronic check,106.0,6547.7,1,107.34,4,0.66284096,High
7079-QRCBC,0,0,0,0,41,1,1,Fiber optic,0,1,1,0,1,1,Month-to-month,1,Electronic check,104.7,4346.4,1,106.01,4,0.8324214,High
5469-CTCWN,0,1,0,0,22,1,1,Fiber optic,0,0,0,0,1,1,Month-to-month,1,Electronic check,96.7,2082.95,1,94.68,2,0.8506722,High
9851-QXEEQ,1,0,0,0,2,1,0,DSL,0,1,0,1,0,0,Month-to-month,1,Credit card (automatic),55.05,102.75,1,51.38,2,0.71291494,High
9809-IMGCQ,0,1,0,0,19,1,1,Fiber optic,0,1,0,0,1,0,Month-to-month,1,Electronic check,88.2,1775.8,1,93.46,2,0.78631526,High
5208-HFSBT,1,0,1,0,8,1,0,No,0,0,0,0,0,0,One year,1,Mailed check,19.75,145.0,1,18.12,0,0.15572228,Low
3254-YRILK,0,1,0,0,15,1,1,Fiber optic,0,0,0,0,0,0,Month-to-month,0,Electronic check,75.65,1146.65,1,76.44,0,0.7861452,High
2667-WYLWJ,0,1,0,0,1,1,1,Fiber optic,0,0,0,0,0,0,Month-to-month,1,Electronic check,74.7,74.7,1,74.7,0,0.93770283,High
0529-ONKER,0,0,0,0,17,1,0,Fiber optic,0,0,1,0,0,0,Month-to-month,1,Electronic check,76.65,1313.55,1,77.27,1,0.75904727,High
5240-IJOQT,1,1,0,0,1,0,0,DSL,0,0,0,0,0,0,Month-to-month,1,Mailed check,25.8,25.8,1,25.8,0,0.8520102,High
1092-GANHU,1,0,0,0,2,0,0,DSL,1,1,0,0,0,1,Month-to-month,1,Electronic check,42.6,72.4,1,36.2,3,0.79767054,High
0661-XEYAN,1,0,0,0,29,1,0,DSL,1,1,1,0,0,1,Month-to-month,1,Bank transfer (automatic),68.85,1970.5,1,67.95,4,0.2746831,Low
7881-EVUAD,0,0,1,0,2,1,0,Fiber optic,0,0,1,1,0,1,Month-to-month,0,Credit card (automatic),90.0,190.05,1,95.02,3,0.7879618,High
5766-XQXMQ,1,0,0,0,14,1,0,Fiber optic,0,0,1,0,0,0,Month-to-month,0,Electronic check,75.35,1025.95,1,73.28,1,0.7406115,High
3703-VAVCL,0,0,0,0,8,1,1,Fiber optic,0,1,0,0,1,1,Month-to-month,0,Electronic check,100.85,819.55,1,102.44,3,0.8685954,High
8519-QJGJD,1,0,1,0,5,1,0,Fiber optic,0,0,0,0,0,0,Month-to-month,0,Electronic check,69.95,330.15,1,66.03,0,0.80684847,High
6326-MTTXK,1,0,1,0,63,1,1,Fiber optic,0,1,1,0,1,1,One year,1,Electronic check,107.5,6873.75,1,109.11,4,0.6011913,High
0330-IVZHA,0,0,0,0,1,1,0,DSL,0,0,0,0,0,0,Month-to-month,1,Mailed check,45.85,45.85,1,45.85,0,0.8141864,High
2886-KEFUM,1,0,1,0,53,1,0,Fiber optic,1,1,1,0,1,1,One year,1,Bank transfer (automatic),106.1,5769.75,1,108.86,5,0.5884382,Medium
4237-RLAQD,1,0,0,0,1,1,0,Fiber optic,0,1,0,1,1,0,Month-to-month,0,Electronic check,91.7,91.7,1,91.7,3,0.86030793,High
9651-GTSAQ,1,0,0,0,16,1,1,Fiber optic,0,1,1,0,0,1,Month-to-month,1,Credit card (automatic),95.6,1555.65,1,97.23,3,0.77538365,High
3186-BAXNB,0,0,0,0,1,1,1,Fiber optic,0,0,0,0,0,0,Month-to-month,1,Electronic check,74.95,74.95,1,74.95,0,0.932396,High
0637-YLETY,0,1,0,0,10,1,1,Fiber optic,0,0,0,0,1,1,Month-to-month,1,Electronic check,95.35,898.35,1,89.84,2,0.90926147,High
1157-BQCUW,1,1,0,0,3,1,0,DSL,0,0,0,0,0,0,Month-to-month,0,Electronic check,45.0,127.1,1,42.37,0,0.7446902,High
2660-EMUBI,0,0,0,0,66,1,0,Fiber optic,0,1,1,0,1,1,Month-to-month,0,Electronic check,99.5,6710.5,1,101.67,4,0.6363078,High
7675-OZCZG,1,0,1,0,17,1,0,Fiber optic,0,0,1,1,1,1,One year,0,Bank transfer (automatic),98.6,1704.95,1,100.29,4,0.4942872,Medium
2003-CKLOR,1,0,0,0,7,1,0,DSL,0,0,0,1,1,0,Month-to-month,1,Mailed check,59.5,415.95,1,59.42,2,0.5064894,Medium
9254-RBFON,0,1,1,0,12,1,0,Fiber optic,0,0,0,0,0,1,Month-to-month,1,Electronic check,80.45,950.2,1,79.18,1,0.85355127,High
1205-WNWPJ,1,0,1,0,42,1,0,Fiber optic,0,0,0,0,1,0,Month-to-month,1,Credit card (automatic),77.95,3384.0,1,80.57,1,0.5824697,Medium
9391-EOYLI,0,1,0,0,2,1,0,Fiber optic,0,1,0,0,0,0,Month-to-month,1,Electronic check,74.7,165.4,1,82.7,1,0.89403415,High
8387-MOJJT,0,1,0,0,1,1,1,Fiber optic,0,0,1,0,1,0,Month-to-month,1,Electronic check,88.8,88.8,1,88.8,2,0.9505572,High
2761-OCIAX,0,0,0,0,30,1,0,Fiber optic,0,0,0,0,1,1,Month-to-month,1,Electronic check,90.25,2755.35,1,91.84,2,0.7529724,High
3068-OMWZA,1,0,0,0,15,1,1,DSL,1,0,0,0,0,1,Month-to-month,1,Bank transfer (automatic),64.65,994.55,1,66.3,2,0.4798965,Medium
6032-KRXXO,0,1,1,0,13,1,0,Fiber optic,0,1,0,1,0,1,Month-to-month,1,Bank transfer (automatic),89.05,1169.35,1,89.95,3,0.7571077,High
7459-RRWQZ,0,0,1,0,67,1,1,Fiber optic,0,1,1,0,0,0,One year,0,Electronic check,87.4,5918.8,1,88.34,2,0.36460802,Medium
4154-AQUGT,1,1,0,0,23,1,0,Fiber optic,0,1,0,0,1,1,Month-to-month,1,Electronic check,94.75,2293.6,1,99.72,3,0.7818417,High
3092-IGHWF,1,0,0,0,35,1,1,Fiber optic,0,0,0,0,1,0,Month-to-month,1,Electronic check,86.45,3029.1,1,86.55,1,0.77205044,High
8017-LXHFA,1,0,1,0,56,1,1,Fiber optic,0,1,0,0,1,1,One year,1,Electronic check,98.25,5508.35,1,98.36,3,0.61701465,High
6352-TWCAU,1,0,1,0,9,1,0,Fiber optic,0,0,1,0,0,0,Month-to-month,1,Bank transfer (automatic),75.75,655.9,1,72.88,1,0.7839749,High
2929-QNSRW,1,1,1,0,17,1,1,Fiber optic,1,0,1,0,0,0,Month-to-month,1,Bank transfer (automatic),85.35,1463.45,1,86.09,2,0.7294581,High
1262-OPMFY,0,0,0,0,48,1,1,Fiber optic,0,1,1,0,1,1,One year,1,Credit card (automatic),106.1,5082.8,1,105.89,4,0.62724304,High
4248-QPAVC,0,1,0,0,17,1,0,DSL,0,0,0,0,0,0,Month-to-month,1,Electronic check,45.05,770.6,1,45.33,0,0.6194326,High
1899-VXWXM,1,0,0,0,34,1,1,Fiber optic,1,1,1,0,1,1,Month-to-month,1,Mailed check,109.8,3587.25,1,105.51,5,0.6471766,High
4690-LLKUA,1,1,0,0,42,1,1,Fiber optic,0,0,0,0,1,0,Month-to-month,1,Electronic check,84.65,3541.35,1,84.32,1,0.71618056,High
3331-HQDTW,0,0,1,0,11,1,0,Fiber optic,0,0,0,0,1,0,Month-to-month,1,Bank transfer (automatic),79.5,868.5,1,78.95,1,0.8071102,High
9490-DFPMD,1,0,0,0,1,1,1,Fiber optic,0,0,0,0,0,1,Month-to-month,0,Mailed check,85.8,85.8,1,85.8,1,0.8903745,High
5442-XSDCW,0,1,0,0,1,1,0,Fiber optic,0,0,0,0,1,0,Month-to-month,1,Electronic check,79.1,79.1,1,79.1,1,0.93526816,High
3049-NDXFL,1,0,1,0,3,1,0,DSL,0,0,0,0,0,0,Month-to-month,0,Mailed check,44.3,134.5,1,44.83,0,0.69217837,High
8580-AECUZ,0,0,1,0,50,1,1,Fiber optic,1,0,1,0,1,1,Month-to-month,0,Credit card (automatic),105.95,5341.8,1,106.84,4,0.7049935,High
7963-GQRMY,0,0,0,0,5,1,0,Fiber optic,0,0,0,0,0,0,Month-to-month,1,Electronic check,69.75,324.6,1,64.92,0,0.8329194,High
1228-FZFRV,0,0,1,0,51,1,1,Fiber optic,0,0,0,0,1,1,Month-to-month,1,Electronic check,94.65,4812.75,1,94.37,2,0.7844712,High
2058-DCJBE,1,0,0,0,46,1,1,Fiber optic,0,0,0,0,1,1,Month-to-month,0,Bank transfer (automatic),96.05,4399.5,1,95.64,2,0.63295346,High
5364-XYIRR,0,1,0,0,1,1,0,DSL,0,0,1,0,0,0,Month-to-month,1,Mailed check,50.15,50.15,1,50.15,1,0.8187521,High
4829-AUOAX,1,0,1,0,41,1,1,Fiber optic,1,1,1,1,1,1,Month-to-month,1,Bank transfer (automatic),113.6,4594.95,1,112.07,6,0.64815676,High
5047-LHVLY,1,0,0,0,29,1,0,Fiber optic,0,0,0,0,1,0,Month-to-month,1,Electronic check,78.9,2384.15,1,82.21,1,0.73223037,High
9158-VCTQB,1,0,1,0,26,1,1,DSL,0,1,0,1,0,0,Month-to-month,1,Electronic check,60.05,1616.15,1,62.16,2,0.4970058,Medium
6311-UEUME,1,0,0,0,1,0,0,DSL,0,0,0,0,1,0,Month-to-month,1,Electronic check,34.7,34.7,1,34.7,1,0.9069605,High
6839-ITVZJ,0,0,0,0,3,1,1,Fiber optic,0,0,0,0,0,1,Month-to-month,1,Electronic check,85.3,264.8,1,88.27,1,0.90450907,High
0375-HVGXO,1,0,1,0,66,1,1,Fiber optic,0,1,1,0,1,1,One year,1,Credit card (automatic),102.45,6615.15,1,100.23,4,0.5181708,Medium
8593-WHYHV,1,0,1,0,21,1,1,Fiber optic,1,0,1,0,1,1,Month-to-month,1,Bank transfer (automatic),104.4,2200.25,1,104.77,4,0.8062595,High
6097-EQISJ,0,0,0,0,1,1,1,Fiber optic,0,0,1,0,1,1,Month-to-month,1,Electronic check,99.75,99.75,1,99.75,3,0.9577212,High
4423-YLHDV,0,0,0,0,4,1,0,DSL,0,0,1,1,1,1,Month-to-month,1,Electronic check,74.4,299.7,1,74.92,4,0.7253858,High
0107-YHINA,1,0,0,0,9,1,0,Fiber optic,1,0,0,0,0,0,Month-to-month,1,Credit card (automatic),74.25,639.65,1,71.07,1,0.6900814,High
8640-SDGKB,0,0,0,0,1,1,1,DSL,0,0,0,0,1,0,Month-to-month,1,Electronic check,59.85,59.85,1,59.85,1,0.8811728,High
4116-TZAQJ,1,1,0,0,1,1,0,Fiber optic,0,0,0,0,0,0,Month-to-month,1,Electronic check,69.6,69.6,1,69.6,0,0.9284496,High
3877-JRJIP,0,0,0,0,9,0,0,DSL,0,0,0,0,1,1,Month-to-month,1,Electronic check,45.4,418.8,1,46.53,2,0.7791742,High
8375-DKEBR,1,0,0,0,1,1,0,No,0,0,0,0,0,0,Month-to-month,0,Mailed check,19.5,19.5,1,19.5,0,0.59338945,Medium
7511-YMXVQ,1,0,0,0,2,1,0,Fiber optic,0,1,0,0,1,0,Month-to-month,1,Bank transfer (automatic),87.15,183.75,1,91.88,2,0.87391484,High
7551-JOHTI,1,0,1,0,3,1,1,Fiber optic,0,0,0,0,0,1,Month-to-month,1,Bank transfer (automatic),84.75,264.85,1,88.28,1,0.8944324,High
9804-ICWBG,0,0,0,0,14,1,1,Fiber optic,0,0,0,1,1,0,Month-to-month,1,Electronic check,89.95,1178.4,1,84.17,2,0.8345515,High
5318-IXUZF,1,1,0,0,41,1,1,Fiber optic,1,1,1,0,1,1,Month-to-month,1,Electronic check,113.2,4689.5,1,114.38,5,0.7690104,High
3198-VELRD,0,1,0,0,13,1,0,Fiber optic,0,0,0,0,1,1,Month-to-month,1,Electronic check,90.5,1201.15,1,92.4,2,0.86951584,High
9436-ZBZCT,0,0,0,0,2,1,0,Fiber optic,0,0,0,0,1,0,Month-to-month,0,Electronic check,79.0,143.65,1,71.82,1,0.8667039,High
7279-BUYWN,1,0,0,0,18,1,0,No,0,0,0,0,0,0,One year,0,Bank transfer (automatic),20.15,390.85,1,21.71,0,0.06133204,Low
7156-MHUGY,0,0,0,0,1,1,0,Fiber optic,0,0,0,0,0,0,Month-to-month,1,Electronic check,71.65,71.65,1,71.65,0,0.91987926,High
7198-GLXTC,1,0,0,0,4,1,0,No,0,0,0,0,0,0,Month-to-month,0,Mailed check,20.35,77.5,1,19.38,0,0.30369195,Medium
0516-VRYBW,1,0,0,0,38,1,0,Fiber optic,0,1,1,1,0,0,Month-to-month,1,Credit card (automatic),84.25,3264.5,1,85.91,3,0.55095243,Medium
8380-PEFPE,1,0,0,0,12,1,0,Fiber optic,0,0,0,0,0,1,Month-to-month,0,Bank transfer (automatic),78.1,947.3,1,78.94,1,0.6922716,High
5687-DKDTV,1,0,1,0,19,1,1,Fiber optic,0,0,1,0,0,1,Month-to-month,0,Mailed check,89.65,1761.05,1,92.69,2,0.6519095,High
7530-HDYDS,1,0,0,0,10,1,1,Fiber optic,1,0,0,0,1,1,Month-to-month,1,Electronic check,98.7,973.25,1,97.32,3,0.8885729,High
3096-IZETN,1,0,0,0,1,1,0,Fiber optic,0,0,1,0,0,0,Month-to-month,0,Electronic check,76.35,76.35,1,76.35,1,0.89158094,High
5922-ABDVO,1,0,0,0,23,1,1,Fiber optic,0,1,0,0,0,0,Month-to-month,1,Electronic check,79.15,1676.95,1,72.91,1,0.7116209,High
9172-ANCRX,0,1,1,0,32,1,1,Fiber optic,0,0,0,0,0,1,Month-to-month,1,Electronic check,85.0,2642.05,1,82.56,1,0.8119907,High
6910-HADCM,0,1,1,0,32,1,1,Fiber optic,0,0,0,0,0,1,Month-to-month,0,Electronic check,85.3,2661.1,1,83.16,1,0.74702203,High
4816-LXZYW,1,0,0,0,31,1,1,Fiber optic,0,0,0,0,1,0,Month-to-month,1,Credit card (automatic),86.55,2697.4,1,87.01,1,0.66969234,High
9606-PBKBQ,0,0,0,0,19,1,0,Fiber optic,0,1,0,0,0,0,Month-to-month,1,Credit card (automatic),73.85,1424.5,1,74.97,1,0.5985807,Medium
3536-IQCTX,0,1,1,0,57,0,0,DSL,0,0,0,0,1,1,Month-to-month,1,Electronic check,44.85,2572.95,1,45.14,2,0.733804,High
4911-BANWH,0,1,0,0,1,1,0,DSL,0,0,0,0,0,0,Month-to-month,0,Electronic check,45.1,45.1,1,45.1,0,0.82622933,High
8496-EJAUI,0,0,0,0,24,1,0,Fiber optic,0,0,0,1,1,1,Month-to-month,1,Electronic check,96.0,2122.45,1,88.44,3,0.73583055,High
3132-TVFDZ,0,0,0,0,1,1,0,No,0,0,0,0,0,0,Month-to-month,0,Bank transfer (automatic),20.05,20.05,1,20.05,0,0.605049,High
8080-DDEMJ,0,0,1,0,65,1,1,Fiber optic,1,0,1,1,1,1,Two year,0,Bank transfer (automatic),108.65,6937.95,1,106.74,5,0.4556248,Medium
6365-MTGZX,0,0,0,0,10,1,0,DSL,0,0,0,0,0,0,Month-to-month,1,Electronic check,45.55,402.6,1,40.26,0,0.6381005,High
1349-WXNGG,1,0,1,0,2,0,0,DSL,0,0,0,0,0,1,Month-to-month,1,Electronic check,35.1,68.75,1,34.38,1,0.895429,High
6990-YNRIO,0,0,0,0,1,1,0,DSL,0,0,0,0,0,0,Month-to-month,0,Credit card (automatic),46.2,46.2,1,46.2,0,0.7417095,High
0621-TWIEM,1,0,0,0,1,1,0,DSL,0,0,0,0,0,0,Month-to-month,0,Electronic check,45.15,45.15,1,45.15,0,0.803908,High
2485-ITVKB,0,1,0,0,1,0,0,DSL,0,1,1,0,0,1,Month-to-month,1,Electronic check,43.3,43.3,1,43.3,3,0.8900967,High
3669-OYSJI,1,1,0,0,38,1,0,DSL,1,1,0,0,0,0,Month-to-month,1,Credit card (automatic),57.15,2250.65,1,59.23,2,0.37032422,Medium
1612-EOHDH,1,0,1,0,19,1,0,Fiber optic,1,0,0,0,0,0,Month-to-month,1,Electronic check,73.2,1441.1,1,75.85,1,0.7114056,High
6702-OHFWR,0,0,0,0,52,1,0,Fiber optic,0,1,0,0,0,1,Month-to-month,1,Electronic check,85.35,4338.6,1,83.43,2,0.6387948,High
4510-PYUSH,1,0,0,0,1,1,0,DSL,0,0,0,0,0,0,Month-to-month,0,Mailed check,45.95,45.95,1,45.95,0,0.74989426,High
7517-SAWMO,1,0,0,0,3,1,0,Fiber optic,0,1,0,0,1,0,Month-to-month,0,Electronic check,83.75,247.25,1,82.42,2,0.80940944,High
4143-HHPMK,0,0,0,0,1,1,0,Fiber optic,0,0,0,0,0,0,Month-to-month,1,Electronic check,70.05,70.05,1,70.05,0,0.92854464,High
7054-LGEQW,0,0,0,0,2,1,1,Fiber optic,0,0,0,0,0,1,Month-to-month,1,Electronic check,86.0,165.45,1,82.72,1,0.92104775,High
0923-PNFUB,1,1,1,0,35,1,1,Fiber optic,1,1,0,1,1,0,Month-to-month,1,Bank transfer (automatic),100.5,3653.35,1,104.38,4,0.6267848,High
3494-JCHRQ,1,0,0,0,16,1,1,Fiber optic,0,0,0,0,0,0,Month-to-month,0,Electronic check,72.65,1194.3,1,74.64,0,0.7537791,High
6474-FVJLC,1,0,1,0,1,1,0,No,0,0,0,0,0,0,Month-to-month,1,Electronic check,21.0,21.0,1,21.0,0,0.75749844,High
8840-DQLGN,1,1,0,0,1,1,0,DSL,0,0,0,0,0,0,Month-to-month,0,Mailed check,45.1,45.1,1,45.1,0,0.7714981,High
4547-LYTDD,0,1,1,0,30,1,0,DSL,0,1,0,0,0,0,Month-to-month,1,Bank transfer (automatic),50.4,1527.5,1,50.92,1,0.4028095,Medium
6770-XUAGN,1,1,0,0,5,1,0,Fiber optic,0,0,0,0,0,1,Month-to-month,0,Electronic check,78.95,378.4,1,75.68,1,0.81420964,High
4193-ORFCL,0,0,0,0,56,1,1,Fiber optic,0,1,0,1,0,1,Month-to-month,1,Electronic check,94.45,5124.6,1,91.51,3,0.5509723,Medium
7776-QWNFX,1,0,0,0,44,1,1,Fiber optic,0,1,1,0,0,0,Month-to-month,1,Bank transfer (automatic),84.8,3862.55,1,87.79,2,0.55329955,Medium
6689-TCZHQ,0,0,0,0,1,1,0,DSL,0,0,1,0,0,0,Month-to-month,0,Mailed check,50.9,50.9,1,50.9,1,0.73791116,High
3143-ILDAL,0,0,1,0,49,1,1,Fiber optic,0,0,1,0,1,1,Month-to-month,1,Electronic check,99.8,4872.45,1,99.44,3,0.8089122,High
4720-VSTSI,0,0,1,0,47,1,1,Fiber optic,0,0,1,1,1,1,Month-to-month,1,Bank transfer (automatic),107.35,5118.95,1,108.91,4,0.7606297,High
3946-MHCZW,1,0,1,0,31,1,0,No,0,0,0,0,0,0,Month-to-month,1,Mailed check,19.55,658.95,1,21.26,0,0.26373655,Low
6651-AZVTJ,1,0,0,0,3,1,0,Fiber optic,1,1,0,0,0,0,Month-to-month,1,Electronic check,79.1,246.5,1,82.17,2,0.78243804,High
4566-GOLUK,0,0,0,0,8,0,0,DSL,0,0,0,0,0,0,Month-to-month,0,Mailed check,25.5,215.2,1,26.9,0,0.5193186,Medium
2484-DGXPZ,1,0,0,0,2,1,0,Fiber optic,0,0,0,0,0,1,Month-to-month,0,Electronic check,80.75,159.45,1,79.72,1,0.8456203,High
4587-NUKOX,0,0,1,0,65,1,1,Fiber optic,0,1,0,0,1,0,Month-to-month,1,Bank transfer (automatic),91.85,5940.85,1,91.4,2,0.5228171,Medium
0420-BWTPW,0,0,0,0,1,1,0,Fiber optic,0,1,0,0,0,0,Month-to-month,1,Electronic check,75.35,75.35,1,75.35,1,0.91610754,High
8183-ONMXC,0,0,0,0,1,1,1,Fiber optic,0,0,0,0,0,0,Month-to-month,1,Electronic check,75.45,75.45,1,75.45,0,0.93242884,High
9614-RMGHA,0,0,0,0,24,1,0,DSL,1,0,0,0,0,0,Month-to-month,1,Bank transfer (automatic),49.55,1210.4,1,50.43,1,0.3429582,Medium
5054-IEXZT,0,0,0,0,69,1,1,DSL,1,1,1,1,0,1,One year,1,Credit card (automatic),78.6,5356.45,1,77.63,5,0.15329449,Low
5834-ASPWA,1,0,1,0,7,1,0,Fiber optic,0,0,0,0,1,0,Month-to-month,1,Electronic check,81.1,576.65,1,82.38,1,0.87851155,High
3948-XHGNA,0,0,1,0,11,1,1,Fiber optic,0,0,0,0,0,0,Month-to-month,1,Electronic check,74.95,825.7,1,75.06,0,0.8659114,High
0565-IYCGT,0,1,0,0,1,1,1,Fiber optic,0,0,0,0,1,1,Month-to-month,1,Electronic check,93.55,93.55,1,93.55,2,0.95194155,High
5445-UTODQ,1,0,1,0,58,1,1,Fiber optic,0,0,1,1,1,1,Month-to-month,1,Credit card (automatic),102.1,5885.4,1,101.47,4,0.6623524,High
1024-VRZHF,1,0,1,0,14,1,1,Fiber optic,0,1,0,0,0,1,Month-to-month,1,Bank transfer (automatic),90.9,1259.0,1,89.93,2,0.81172854,High
9497-QCMMS,1,0,1,0,12,0,0,DSL,0,1,0,0,0,0,Month-to-month,0,Mailed check,29.2,309.1,1,25.76,1,0.51347476,Medium
0348-SDKOL,1,0,1,0,25,1,0,Fiber optic,0,1,1,0,1,0,Month-to-month,1,Bank transfer (automatic),89.15,2257.75,1,90.31,3,0.67419314,High
4373-MAVJG,0,1,1,0,58,1,1,Fiber optic,1,1,1,0,1,1,One year,1,Electronic check,108.85,6287.25,1,108.4,5,0.6924964,High
8901-HJXTF,1,1,0,0,16,1,1,Fiber optic,0,0,0,0,1,0,Month-to-month,1,Electronic check,84.75,1350.15,1,84.38,1,0.85162425,High
5419-KLXBN,1,0,1,0,1,1,0,DSL,0,0,0,0,0,0,Month-to-month,1,Electronic check,45.7,45.7,1,45.7,0,0.8819935,High
3424-NMNBO,1,1,0,0,1,1,0,Fiber optic,0,0,0,0,0,0,Month-to-month,1,Electronic check,69.95,69.95,1,69.95,0,0.9284496,High
4514-GFCFI,1,0,1,0,2,0,0,DSL,0,0,0,0,1,1,Month-to-month,0,Electronic check,44.6,97.1,1,48.55,2,0.86659443,High
9828-AOQLM,0,0,0,0,23,1,1,Fiber optic,0,0,0,0,0,0,Month-to-month,1,Electronic check,74.95,1710.45,1,74.37,0,0.7191089,High
8000-REIQB,1,0,0,0,57,1,0,Fiber optic,0,0,1,0,1,1,Two year,1,Electronic check,95.25,5464.65,1,95.87,3,0.3808352,Medium
7615-ESMYF,0,0,0,0,24,1,1,Fiber optic,0,0,1,0,1,0,Month-to-month,1,Mailed check,89.85,2165.05,1,90.21,2,0.6400713,High
3858-VOBET,1,0,1,0,49,1,1,Fiber optic,0,1,0,0,1,1,One year,0,Mailed check,100.45,4941.8,1,100.85,3,0.47658157,Medium
1447-PJGGA,0,0,0,0,5,1,1,DSL,0,0,0,0,0,0,Month-to-month,0,Electronic check,47.15,223.15,1,44.63,0,0.7054251,High
8565-CLBZW,0,0,0,0,2,1,0,Fiber optic,0,0,0,0,0,1,Month-to-month,1,Electronic check,80.2,181.1,1,90.55,1,0.91075736,High
9139-WQQDY,1,0,0,0,4,1,1,Fiber optic,0,0,1,1,0,0,Month-to-month,1,Mailed check,87.1,341.45,1,85.36,2,0.8154645,High
0224-HJAPT,0,0,0,0,5,1,1,Fiber optic,0,0,0,0,0,0,Month-to-month,1,Bank transfer (automatic),75.9,357.75,1,71.55,0,0.8361414,High
8086-OVPWV,1,0,1,0,47,1,1,Fiber optic,1,1,1,0,1,0,Month-to-month,1,Electronic check,98.75,4533.7,1,96.46,4,0.73460215,High
9430-FRQOC,1,0,0,0,10,1,1,Fiber optic,0,0,0,0,0,1,Month-to-month,0,Electronic check,86.45,830.85,1,83.08,1,0.8094917,High
3074-GQWYX,1,0,0,0,1,1,0,DSL,0,0,0,0,0,0,Month-to-month,1,Mailed check,45.3,45.3,1,45.3,0,0.8140857,High
6845-RGTYS,0,0,1,0,67,1,1,Fiber optic,0,1,1,0,1,1,One year,0,Electronic check,104.1,7040.85,1,105.09,4,0.64421856,High
8861-HGGKB,1,1,1,0,5,1,1,Fiber optic,0,1,0,0,0,0,Month-to-month,1,Electronic check,81.0,371.65,1,74.33,1,0.89048374,High
7065-YUNRY,0,0,1,0,67,1,0,Fiber optic,1,1,0,0,0,1,One year,1,Credit card (automatic),90.6,6056.15,1,90.39,3,0.3203831,Medium
7694-VLBWQ,1,0,1,0,15,1,0,Fiber optic,0,0,0,0,1,1,Month-to-month,0,Electronic check,88.15,1390.6,1,92.71,2,0.8163963,High
4795-KTRTH,0,0,0,0,1,1,0,No,0,0,0,0,0,0,Month-to-month,1,Mailed check,20.2,20.2,1,20.2,0,0.6804019,High
6481-OGDOO,1,0,1,0,26,1,0,Fiber optic,0,0,0,0,1,1,Month-to-month,1,Electronic check,90.8,2361.8,1,90.84,2,0.79997927,High
3753-TSEMP,0,0,0,0,22,1,1,Fiber optic,0,1,0,0,0,0,Month-to-month,1,Electronic check,79.35,1730.35,1,78.65,1,0.7152226,High
8305-VHZBZ,0,1,0,0,21,1,0,Fiber optic,0,0,1,0,1,1,Month-to-month,1,Bank transfer (automatic),96.8,2030.3,1,96.68,3,0.75454277,High
9172-JITSM,0,0,1,0,47,1,1,Fiber optic,0,1,1,0,0,0,Month-to-month,1,Bank transfer (automatic),83.35,4065.0,1,86.49,2,0.6099184,High
6298-QDFNH,1,0,0,0,2,1,1,DSL,0,0,0,0,0,0,Month-to-month,1,Electronic check,49.4,106.55,1,53.28,0,0.8324495,High
9961-JBNMK,1,0,1,0,22,1,1,DSL,1,0,0,1,1,1,Month-to-month,1,Electronic check,79.2,1742.75,1,79.22,4,0.5345406,Medium
6173-ITPWD,0,0,1,0,7,1,0,DSL,0,0,1,0,0,0,Month-to-month,0,Electronic check,48.7,340.25,1,48.61,1,0.6036147,High
9734-UYXQI,1,0,0,0,1,1,0,Fiber optic,1,0,0,0,1,1,Month-to-month,1,Electronic check,95.6,95.6,1,95.6,3,0.9209733,High
2189-UXTKY,1,0,0,0,49,1,1,DSL,1,1,0,0,0,0,Month-to-month,1,Credit card (automatic),59.75,2934.3,1,59.88,2,0.36017865,Medium
4958-GZWIY,1,1,0,0,43,1,0,Fiber optic,1,1,0,1,1,1,Month-to-month,1,Credit card (automatic),108.15,4600.7,1,106.99,5,0.6612358,High
6356-ELRKD,1,0,0,0,1,1,0,Fiber optic,0,0,0,0,0,0,Month-to-month,0,Electronic check,71.35,71.35,1,71.35,0,0.8819092,High
8624-GIOUT,1,0,0,0,1,1,0,No,0,0,0,0,0,0,Month-to-month,1,Mailed check,20.15,20.15,1,20.15,0,0.6790574,High
6179-GJPSO,0,0,0,0,1,1,0,Fiber optic,0,0,0,0,0,0,Month-to-month,0,Bank transfer (automatic),69.75,69.75,1,69.75,0,0.85642934,High
3177-LASXD,1,1,1,0,32,1,1,Fiber optic,0,0,0,0,1,1,Month-to-month,1,Electronic check,93.2,2931.0,1,91.59,2,0.8240589,High
4897-QSUYC,0,0,1,0,17,1,0,Fiber optic,0,0,0,0,1,0,Month-to-month,0,Electronic check,80.85,1400.85,1,82.4,1,0.7653903,High
1084-UQCHV,1,0,0,0,4,0,0,DSL,1,1,0,0,0,0,Month-to-month,1,Electronic check,33.65,137.85,1,34.46,2,0.7709405,High
8290-YWKHZ,0,0,0,0,1,1,0,Fiber optic,0,0,0,0,1,0,Month-to-month,1,Electronic check,79.95,79.95,1,79.95,1,0.9320085,High
2955-BJZHG,1,0,0,0,1,1,0,No,0,0,0,0,0,0,Month-to-month,0,Electronic check,19.3,19.3,1,19.3,0,0.6772211,High
3806-DXQOM,1,0,1,0,37,1,1,Fiber optic,1,0,1,1,0,1,One year,1,Electronic check,99.2,3754.6,1,101.48,4,0.507261,Medium
9300-RENDD,1,0,1,0,8,1,1,Fiber optic,0,0,0,0,0,1,Month-to-month,1,Credit card (automatic),85.2,627.4,1,78.42,1,0.8283827,High
0761-AETCS,1,0,0,0,3,1,1,Fiber optic,0,0,0,0,0,0,Month-to-month,0,Electronic check,75.25,242.0,1,80.67,0,0.82750046,High
2153-MREFK,0,0,0,0,1,1,1,DSL,0,0,1,0,0,0,Month-to-month,0,Electronic check,54.35,54.35,1,54.35,1,0.8052984,High
3106-ULWFW,0,0,1,0,5,0,0,DSL,0,0,0,0,0,0,Month-to-month,1,Electronic check,24.95,100.4,1,20.08,0,0.8248559,High
0925-VYDLG,0,0,1,0,40,0,0,DSL,1,1,1,0,0,0,One year,1,Electronic check,42.35,1716.45,1,42.91,3,0.3821701,Medium
4349-GFQHK,0,0,0,0,1,1,1,Fiber optic,0,0,0,0,0,0,Month-to-month,1,Electronic check,75.3,75.3,1,75.3,0,0.93312943,High
7802-EFKNY,0,0,0,0,51,1,1,Fiber optic,1,1,0,0,1,0,One year,1,Electronic check,94.8,4837.6,1,94.85,3,0.40471068,Medium
8035-BUYVG,1,1,0,0,1,1,0,Fiber optic,0,0,0,0,0,0,Month-to-month,1,Electronic check,70.55,70.55,1,70.55,0,0.9306249,High
9787-XVQIU,1,0,1,0,33,1,1,Fiber optic,0,0,0,0,0,1,Month-to-month,0,Credit card (automatic),86.15,2745.7,1,83.2,1,0.6419808,High
8945-MUQUF,1,0,1,0,30,1,1,Fiber optic,0,0,0,0,0,1,Month-to-month,1,Electronic check,85.0,2624.25,1,87.48,1,0.80322015,High
8051-HJRLT,1,0,0,0,2,1,0,Fiber optic,0,0,0,0,0,1,Month-to-month,0,Electronic check,80.55,184.1,1,92.05,1,0.8721574,High
3023-GFLBR,1,0,0,0,2,1,0,Fiber optic,0,0,1,0,0,0,Month-to-month,1,Electronic check,75.8,160.75,1,80.38,1,0.89321154,High
0524-IAVZO,0,1,1,0,29,1,1,Fiber optic,0,0,1,0,1,1,Month-to-month,1,Electronic check,98.5,3004.15,1,103.59,3,0.8718702,High
2737-YNGYW,0,1,1,0,13,1,1,Fiber optic,0,0,0,0,1,1,Month-to-month,1,Electronic check,95.25,1233.65,1,94.9,2,0.9094111,High
5159-YFPKQ,0,1,1,0,7,1,1,Fiber optic,0,0,0,0,0,0,Month-to-month,1,Mailed check,74.4,527.9,1,75.41,0,0.8323211,High
4021-RQSNY,1,0,0,0,30,1,0,Fiber optic,0,0,0,1,1,0,Month-to-month,0,Electronic check,85.15,2555.9,1,85.2,2,0.61747587,High
9061-TIHDA,1,1,0,0,2,1,1,Fiber optic,0,0,1,0,0,1,Month-to-month,1,Electronic check,88.55,179.25,1,89.62,2,0.9311397,High
8699-ASUFO,0,0,1,1,24,1,1,DSL,1,0,0,0,0,0,Month-to-month,0,Electronic check,54.75,1338.15,1,55.76,1,0.12970722,Low
7927-AUXBZ,1,1,0,0,1,1,0,Fiber optic,0,0,0,0,1,1,Month-to-month,1,Electronic check,91.3,91.3,1,91.3,2,0.9445783,High
4695-WJZUE,0,0,0,0,1,1,0,Fiber optic,0,0,0,0,1,0,Month-to-month,1,Electronic check,79.5,79.5,1,79.5,1,0.9320085,High
7619-ODSGN,0,1,1,0,7,1,0,Fiber optic,0,0,0,0,0,0,Month-to-month,1,Mailed check,70.1,467.55,1,66.79,0,0.7878666,High
3988-RQIXO,0,0,1,0,67,1,1,Fiber optic,1,1,1,0,1,1,One year,1,Electronic check,111.3,7482.1,1,111.67,5,0.63388896,High
2514-GINMM,0,1,1,0,57,1,1,Fiber optic,0,1,1,0,0,1,Month-to-month,1,Bank transfer (automatic),95.25,5427.05,1,95.21,3,0.6262615,High
5931-FLJJF,1,0,1,0,7,1,0,Fiber optic,0,0,1,0,1,0,Month-to-month,1,Electronic check,86.25,587.1,1,83.87,2,0.88197047,High
2659-VXMWZ,1,1,1,0,1,1,1,Fiber optic,0,0,1,0,1,1,Month-to-month,1,Electronic check,100.8,100.8,1,100.8,3,0.96296966,High
3207-OYBWH,1,0,0,0,14,1,0,Fiber optic,0,1,0,0,0,1,Month-to-month,1,Electronic check,86.3,1180.95,1,84.35,2,0.82445735,High
4285-GYRQC,1,0,0,0,28,1,1,Fiber optic,0,1,0,0,0,1,Month-to-month,1,Electronic check,89.95,2625.55,1,93.77,2,0.747826,High
7216-EWTRS,0,1,1,0,17,1,0,Fiber optic,0,1,0,0,0,0,Month-to-month,1,Electronic check,76.45,1233.4,1,72.55,1,0.8019949,High
8337-MSSXB,0,0,0,0,10,1,0,Fiber optic,0,0,0,0,0,0,Month-to-month,1,Electronic check,70.0,740.0,1,74.0,0,0.8061659,High
8182-BJDSI,1,0,0,0,34,1,1,DSL,1,1,0,1,0,0,One year,1,Mailed check,64.4,2088.75,1,61.43,3,0.12126135,Low
2528-HFYZX,1,0,1,0,1,1,1,Fiber optic,1,0,1,0,1,1,Month-to-month,1,Electronic check,102.45,102.45,1,102.45,4,0.94491494,High
2482-CZGBB,1,0,0,0,3,1,0,Fiber optic,0,0,1,1,0,0,Month-to-month,0,Credit card (automatic),80.1,217.55,1,72.52,2,0.7156454,High
0866-QLSIR,1,0,0,0,2,1,0,Fiber optic,0,0,0,0,1,0,Month-to-month,1,Electronic check,80.2,146.05,1,73.03,1,0.90550876,High
7181-BQYBV,1,0,0,0,6,1,0,Fiber optic,1,1,1,1,0,1,Month-to-month,1,Bank transfer (automatic),98.15,567.45,1,94.58,5,0.7161488,High
6204-IEUXJ,0,0,0,0,12,1,1,Fiber optic,0,1,1,1,1,1,Month-to-month,1,Mailed check,112.95,1384.75,1,115.4,5,0.8260062,High
4529-CKBCL,1,0,0,0,1,1,0,Fiber optic,0,0,0,0,0,0,Month-to-month,0,Mailed check,70.9,70.9,1,70.9,0,0.8474233,High
2506-CLAKW,1,1,0,0,3,1,0,Fiber optic,0,0,1,0,1,0,Month-to-month,1,Electronic check,86.85,220.95,1,73.65,2,0.8821743,High
1583-IHQZE,0,0,1,0,23,1,0,Fiber optic,1,0,0,1,1,1,Month-to-month,1,Electronic check,99.85,2331.3,1,101.36,4,0.77966285,High
0151-ONTOV,0,0,1,0,1,1,1,Fiber optic,0,0,0,0,0,0,Month-to-month,1,Electronic check,74.5,74.5,1,74.5,0,0.9388807,High
4140-MUHUG,0,0,0,0,65,1,1,Fiber optic,0,1,1,1,1,1,Month-to-month,1,Electronic check,109.15,6941.2,1,106.79,5,0.6936017,High
0320-JDNQG,1,0,0,0,16,1,1,DSL,0,0,1,0,0,1,Month-to-month,1,Credit card (automatic),65.2,1043.35,1,65.21,2,0.5517208,Medium
7180-PISOG,0,1,1,0,66,1,1,Fiber optic,0,0,1,0,1,1,Month-to-month,1,Credit card (automatic),99.5,6822.15,1,103.37,3,0.7231586,High
3571-RFHAR,0,0,0,0,1,1,0,Fiber optic,0,0,0,0,0,0,Month-to-month,1,Mailed check,71.55,71.55,1,71.55,0,0.88611454,High
9578-VRMNM,0,0,1,0,53,1,1,Fiber optic,1,0,1,0,0,1,Month-to-month,0,Electronic check,93.9,5029.2,1,94.89,3,0.6062037,High
1587-FKLZB,0,1,1,0,69,1,1,Fiber optic,0,1,1,1,1,1,Two year,1,Bank transfer (automatic),108.4,7318.2,1,106.06,5,0.4466613,Medium
6140-QNRQQ,1,0,1,0,13,0,0,DSL,0,0,1,0,1,1,Month-to-month,1,Bank transfer (automatic),48.75,633.4,1,48.72,3,0.69020534,High
4307-KTUMW,1,0,0,0,4,1,1,Fiber optic,0,0,0,0,1,0,Month-to-month,1,Electronic check,85.65,321.65,1,80.41,1,0.89298147,High
5440-FLBQG,0,0,0,0,12,1,1,Fiber optic,0,1,1,0,1,1,Month-to-month,1,Electronic check,106.7,1253.9,1,104.49,4,0.90327865,High
7470-MCQTK,0,0,0,0,1,0,0,DSL,0,0,0,0,0,0,Month-to-month,1,Electronic check,25.15,25.15,1,25.15,0,0.8711302,High
7488-MXJIV,1,0,1,0,54,1,1,Fiber optic,0,1,1,1,1,1,One year,0,Electronic check,110.35,5893.15,1,109.13,5,0.6269295,High
2027-FECZV,1,0,1,0,48,1,1,Fiber optic,1,1,0,0,1,1,One year,1,Credit card (automatic),103.25,5037.55,1,104.95,4,0.54749906,Medium
2672-DZUOY,0,0,0,0,2,1,0,DSL,1,0,0,0,0,0,Month-to-month,1,Electronic check,47.8,92.45,1,46.22,1,0.7947465,High
3870-MQAMG,1,0,0,0,29,1,1,Fiber optic,0,0,1,0,1,1,Month-to-month,1,Credit card (automatic),98.6,2933.2,1,101.14,3,0.76920485,High
4800-CZMPC,1,1,1,0,15,1,1,Fiber optic,0,0,1,1,0,0,Month-to-month,1,Electronic check,83.05,1258.3,1,83.89,2,0.82563186,High
7377-DMMRI,0,0,1,0,17,1,0,Fiber optic,0,0,0,0,0,0,Month-to-month,1,Bank transfer (automatic),70.4,1214.05,1,71.41,0,0.70806175,High
8949-JTMAY,1,1,0,0,56,1,1,Fiber optic,0,1,1,0,1,1,One year,1,Bank transfer (automatic),104.75,5510.65,1,98.4,4,0.5617001,Medium
2774-LVQUS,1,1,0,0,21,1,1,Fiber optic,0,0,0,0,1,1,Month-to-month,1,Electronic check,94.25,1973.75,1,93.99,2,0.82580924,High
3211-ILJTT,1,0,0,1,1,1,0,DSL,0,0,0,0,0,0,Month-to-month,0,Mailed check,45.95,45.95,1,45.95,0,0.62782043,High
4612-THJBS,1,1,0,0,1,1,0,Fiber optic,0,0,0,0,0,0,Month-to-month,1,Electronic check,70.15,70.15,1,70.15,0,0.93434817,High
4094-NSEDU,1,0,0,0,1,1,0,Fiber optic,0,0,1,0,1,0,Month-to-month,1,Credit card (automatic),85.55,85.55,1,85.55,2,0.91211563,High
5103-MHMHY,1,0,1,0,35,1,0,Fiber optic,0,0,0,0,0,0,Month-to-month,1,Electronic check,70.3,2416.55,1,69.04,0,0.73962593,High
1846-XWOQN,0,1,1,0,32,1,1,Fiber optic,0,1,1,0,1,1,Month-to-month,0,Bank transfer (automatic),106.35,3520.75,1,110.02,4,0.74005085,High
0235-KGSLC,1,0,1,0,33,1,1,Fiber optic,1,0,1,0,1,1,One year,1,Mailed check,103.7,3467.0,1,105.06,4,0.55203396,Medium
2884-GBPFB,0,0,0,0,1,1,0,Fiber optic,0,0,0,0,1,1,Month-to-month,1,Electronic check,88.35,88.35,1,88.35,2,0.9419851,High
3757-NJYBX,1,0,1,0,8,1,0,Fiber optic,0,0,1,0,1,1,Month-to-month,1,Electronic check,94.2,777.3,1,97.16,3,0.89997256,High
5136-KCKGI,1,0,0,0,5,1,0,Fiber optic,0,1,0,0,1,1,Month-to-month,1,Electronic check,96.25,512.45,1,102.49,3,0.9035047,High
3722-WPXTK,1,0,1,0,2,1,0,Fiber optic,0,0,0,0,0,0,Month-to-month,1,Electronic check,70.7,141.45,1,70.72,0,0.9025951,High
2929-ERCFZ,1,0,1,0,42,0,0,DSL,0,1,0,1,0,0,One year,0,Mailed check,33.55,1445.3,1,34.41,2,0.20182241,Low
7548-SEPYI,1,1,1,0,40,1,1,Fiber optic,0,0,0,0,1,1,Month-to-month,1,Credit card (automatic),94.55,3640.45,1,91.01,2,0.72637874,High
8835-VSDSE,1,0,0,0,57,1,1,Fiber optic,1,1,1,0,1,1,Two year,1,Bank transfer (automatic),112.95,6465.0,1,113.42,5,0.41986412,Medium
1623-NLDOT,0,0,0,0,1,0,0,DSL,0,0,0,0,0,1,Month-to-month,0,Electronic check,35.9,35.9,1,35.9,1,0.8559557,High
9898-KZQDZ,0,0,0,0,38,1,1,Fiber optic,0,0,1,0,1,1,Month-to-month,1,Bank transfer (automatic),99.25,3777.15,1,99.4,3,0.71862775,High
5236-PERKL,0,1,0,0,2,0,0,DSL,0,0,0,0,0,0,Month-to-month,1,Mailed check,24.45,47.5,1,23.75,0,0.77538633,High
7854-FOKSF,1,0,0,0,8,1,1,Fiber optic,1,0,0,1,1,1,Month-to-month,1,Bank transfer (automatic),103.35,847.3,1,105.91,4,0.86172354,High
2519-FAKOD,0,1,0,0,7,1,1,Fiber optic,0,0,0,0,1,0,Month-to-month,1,Electronic check,84.8,546.95,1,78.14,1,0.8750833,High
8263-JQAIK,1,1,0,0,31,1,1,Fiber optic,0,1,0,0,1,1,Month-to-month,1,Electronic check,99.95,3186.65,1,102.8,3,0.83343416,High
7089-IVVAZ,1,0,0,0,18,1,1,Fiber optic,0,1,0,0,1,0,Month-to-month,1,Credit card (automatic),90.0,1527.35,1,84.85,2,0.68732625,High
2205-YMZZJ,1,1,0,0,14,1,1,Fiber optic,0,1,1,0,1,1,Month-to-month,1,Electronic check,104.85,1531.4,1,109.39,4,0.9042421,High
1254-IZEYF,0,0,1,0,28,1,1,Fiber optic,1,1,0,0,1,1,One year,0,Electronic check,106.1,2847.4,1,101.69,4,0.6012491,High
9492-TOKRI,0,1,0,0,15,1,1,Fiber optic,0,0,0,0,0,0,Month-to-month,1,Credit card (automatic),74.2,1133.9,1,75.59,0,0.8012878,High
9221-OTIVJ,1,0,0,0,5,1,0,Fiber optic,0,1,0,1,0,1,Month-to-month,1,Electronic check,89.35,461.7,1,92.34,3,0.81780034,High
3325-FUYCG,1,0,0,0,1,1,1,Fiber optic,0,0,0,0,0,0,Month-to-month,1,Electronic check,77.15,77.15,1,77.15,0,0.9344834,High
5908-QMGOE,0,0,0,0,1,0,0,DSL,0,0,0,0,0,1,Month-to-month,1,Bank transfer (automatic),35.25,35.25,1,35.25,1,0.87179184,High
8481-YYXWG,0,0,1,0,4,0,0,DSL,0,1,0,0,1,1,Month-to-month,1,Electronic check,48.55,201.0,1,50.25,3,0.8551188,High
2609-IAICY,1,0,1,0,53,1,1,Fiber optic,0,1,0,0,1,1,Month-to-month,1,Credit card (automatic),98.4,5149.5,1,97.16,3,0.6950206,High
1740-CSDJP,0,1,1,0,59,1,1,Fiber optic,0,0,0,0,1,1,Month-to-month,1,Bank transfer (automatic),93.85,5574.75,1,94.49,2,0.6709388,High
2636-OHFMN,0,1,1,0,46,1,1,Fiber optic,1,1,1,0,1,0,Month-to-month,1,Electronic check,100.7,4541.2,1,98.72,4,0.75238335,High
1323-OOEPC,1,0,0,0,14,1,1,Fiber optic,0,0,1,0,0,0,Month-to-month,1,Electronic check,80.45,1072.0,1,76.57,1,0.8410856,High
0397-GZBBC,0,0,0,0,31,1,0,DSL,0,0,1,1,0,0,Month-to-month,1,Electronic check,55.25,1715.65,1,55.34,2,0.4316929,Medium
7641-EUYET,0,0,1,0,13,0,0,DSL,1,0,0,1,1,1,Month-to-month,1,Electronic check,54.45,706.85,1,54.37,4,0.68430126,High
9921-ZVRHG,0,0,0,0,35,1,1,Fiber optic,0,0,0,0,0,0,Month-to-month,0,Credit card (automatic),75.35,2636.05,1,75.32,0,0.53117424,Medium
4701-MLJPN,0,0,0,0,2,1,0,Fiber optic,1,0,0,0,0,0,Month-to-month,1,Electronic check,75.7,189.2,1,94.6,1,0.85295475,High
9206-GVPEQ,0,0,0,0,1,1,1,Fiber optic,0,0,0,0,0,0,Month-to-month,1,Mailed check,74.25,74.25,1,74.25,0,0.90823054,High
1596-BBVTG,1,1,0,0,25,1,1,Fiber optic,0,1,0,0,0,1,Month-to-month,1,Electronic check,89.7,2187.55,1,87.5,2,0.76733595,High
8433-WXGNA,1,1,0,0,16,1,1,Fiber optic,0,0,0,0,1,1,Month-to-month,1,Electronic check,96.4,1581.2,1,98.82,2,0.89005023,High
3707-GNWHM,0,1,0,0,1,1,0,Fiber optic,0,0,0,0,0,0,Month-to-month,1,Bank transfer (automatic),69.5,69.5,1,69.5,0,0.90342116,High
8922-LIEGH,0,1,1,0,36,1,1,Fiber optic,0,0,0,0,0,1,Month-to-month,1,Credit card (automatic),85.25,3132.75,1,87.02,1,0.7327702,High
8245-UMPYT,0,0,0,0,1,1,0,No,0,0,0,0,0,0,Month-to-month,0,Mailed check,19.4,19.4,1,19.4,0,0.60228944,High
5186-SAMNZ,1,0,0,0,9,1,1,Fiber optic,0,0,0,0,0,1,Month-to-month,1,Electronic check,83.3,803.3,1,89.26,1,0.87618595,High
5373-SFODM,1,0,0,0,8,1,0,Fiber optic,0,0,0,0,1,0,Month-to-month,1,Bank transfer (automatic),80.1,679.3,1,84.91,1,0.8050411,High
5766-ZJYBB,0,1,0,0,45,1,0,DSL,1,0,1,0,0,1,One year,0,Credit card (automatic),62.7,2791.5,1,62.03,3,0.16476695,Low
8931-GJJIQ,0,0,0,0,25,1,1,No,0,0,0,0,0,0,One year,0,Bank transfer (automatic),25.3,676.35,1,27.05,0,0.097069725,Low
4277-PVRAN,0,0,0,0,13,1,1,Fiber optic,1,0,0,0,1,1,Month-to-month,0,Mailed check,98.15,1230.25,1,94.63,3,0.75759935,High
0022-TCJCI,0,0,0,0,46,1,1,Fiber optic,1,1,0,0,0,1,Month-to-month,1,Electronic check,93.7,4154.8,1,90.32,3,0.59818345,Medium
0203-HHYIJ,0,1,0,0,25,1,1,Fiber optic,0,1,1,0,1,1,Month-to-month,0,Mailed check,105.95,2655.25,1,106.21,4,0.73528194,High
0952-KMEEH,0,0,0,0,18,1,1,DSL,0,0,1,1,1,1,One year,1,Credit card (automatic),82.0,1425.45,1,79.19,4,0.2331021,Low
8178-EYZUO,0,0,1,0,60,1,1,Fiber optic,0,1,1,0,1,0,Month-to-month,1,Electronic check,95.75,5742.9,1,95.71,3,0.65569323,High
5130-IEKQT,0,0,1,0,30,1,1,Fiber optic,0,0,0,0,1,1,Month-to-month,1,Credit card (automatic),94.05,2866.45,1,95.55,2,0.75965744,High
3230-WYKIR,1,0,0,0,1,1,0,DSL,0,0,0,0,0,1,Month-to-month,1,Mailed check,54.75,54.75,1,54.75,1,0.8134189,High
0407-BDJKB,0,1,0,0,39,1,1,Fiber optic,0,0,0,0,1,1,Month-to-month,1,Bank transfer (automatic),95.65,3759.05,1,96.39,2,0.7308493,High
9600-UDOPK,1,0,0,0,1,1,1,Fiber optic,0,0,0,0,1,1,Month-to-month,1,Electronic check,94.6,94.6,1,94.6,2,0.9547141,High
4074-SJFFA,1,1,1,0,31,1,0,Fiber optic,0,0,1,1,1,1,Month-to-month,1,Electronic check,98.9,2911.3,1,93.91,4,0.7732716,High
3269-ATYWD,0,1,0,0,3,1,1,Fiber optic,0,0,0,0,0,0,Month-to-month,1,Electronic check,76.05,231.8,1,77.27,0,0.892493,High
4910-GMJOT,0,1,0,0,1,1,0,Fiber optic,0,0,0,0,0,0,Month-to-month,1,Electronic check,69.75,69.75,1,69.75,0,0.9272763,High
0354-WYROK,0,0,1,1,7,0,0,DSL,1,0,0,1,0,0,Month-to-month,1,Electronic check,34.5,279.25,1,39.89,2,0.4665883,Medium
7576-OYWBN,0,0,1,0,61,1,1,Fiber optic,0,1,1,0,1,1,Month-to-month,1,Electronic check,105.55,6281.45,1,102.97,4,0.7592746,High
5539-TMZLF,1,0,0,1,39,0,0,DSL,0,0,1,0,0,0,Month-to-month,0,Credit card (automatic),30.1,1131.3,1,29.01,1,0.15784688,Low
4323-SADQS,0,0,1,0,10,1,0,Fiber optic,0,0,0,0,0,0,Month-to-month,1,Electronic check,70.3,738.2,1,73.82,0,0.83115864,High
4446-BZKHU,1,0,0,0,1,1,1,Fiber optic,0,1,0,0,0,0,Month-to-month,1,Mailed check,80.2,80.2,1,80.2,1,0.9079271,High
5202-IVJNU,1,0,1,0,67,1,1,Fiber optic,1,0,0,1,0,1,One year,1,Credit card (automatic),94.35,6341.45,1,94.65,3,0.32070285,Medium
5976-JCJRH,0,0,1,1,6,1,0,DSL,0,0,0,0,0,0,Month-to-month,1,Bank transfer (automatic),44.6,260.8,1,43.47,0,0.2968316,Low
0137-OCGAB,1,0,0,0,1,1,0,No,0,0,0,0,0,0,Month-to-month,1,Mailed check,19.6,19.6,1,19.6,0,0.67928785,High
3351-NQLDI,1,1,0,0,33,1,1,Fiber optic,0,1,1,1,1,1,Month-to-month,1,Electronic check,110.45,3655.45,1,110.77,5,0.73505014,High
7593-JNWRU,0,0,0,0,2,1,0,Fiber optic,0,0,0,0,0,0,Month-to-month,0,Credit card (automatic),70.7,140.7,1,70.35,0,0.78823054,High
4588-YBNIB,0,1,1,0,7,1,1,Fiber optic,0,0,1,0,1,1,Month-to-month,1,Electronic check,99.25,665.45,1,95.06,3,0.93624234,High
3336-JORSO,0,0,1,0,1,1,0,Fiber optic,0,0,0,1,1,0,Month-to-month,1,Electronic check,84.8,84.8,1,84.8,2,0.9197166,High
5028-GZLDO,0,0,0,0,52,1,0,Fiber optic,0,1,1,1,1,1,One year,1,Bank transfer (automatic),105.0,5426.85,1,104.36,5,0.5547841,Medium
6861-XWTWQ,0,0,0,0,22,1,1,DSL,1,0,0,0,0,0,Month-to-month,1,Electronic check,54.45,1127.35,1,51.24,1,0.52114224,Medium
6877-TJMBR,1,0,1,0,47,1,0,Fiber optic,0,0,1,0,0,1,Month-to-month,1,Electronic check,85.3,4045.65,1,86.08,2,0.7128445,High
6769-DCQLI,1,0,0,0,33,1,1,Fiber optic,0,0,0,0,0,1,Month-to-month,1,Electronic check,83.35,2757.85,1,83.57,1,0.7660182,High
2433-KMEAS,0,0,0,0,18,0,0,DSL,0,1,1,0,0,0,Month-to-month,1,Credit card (automatic),33.5,600.0,1,33.33,2,0.49587423,Medium
2195-ZRVAX,0,0,0,0,24,1,0,Fiber optic,0,0,0,0,1,1,Month-to-month,1,Electronic check,90.35,2238.5,1,93.27,2,0.7638883,High
3550-SAHFP,0,0,1,0,1,1,0,Fiber optic,0,0,0,0,1,1,Month-to-month,1,Electronic check,90.75,90.75,1,90.75,2,0.9465422,High
2011-TRQYE,1,0,0,0,4,1,1,Fiber optic,0,1,0,0,1,0,Month-to-month,0,Mailed check,89.6,365.65,1,91.41,2,0.7992797,High
4873-ILOLJ,0,0,0,0,2,0,0,DSL,0,0,1,0,1,1,Month-to-month,1,Electronic check,49.25,90.35,1,45.18,3,0.8790385,High
2725-KXXWT,0,0,0,1,1,1,0,No,0,0,0,0,0,0,Month-to-month,0,Mailed check,19.75,19.75,1,19.75,0,0.5018666,Medium
9565-DJPIB,1,0,0,0,19,1,1,Fiber optic,1,1,0,0,0,1,Month-to-month,1,Electronic check,95.15,1789.25,1,94.17,3,0.71880543,High
8348-HFYIV,0,0,0,0,22,1,1,Fiber optic,1,0,0,0,1,1,Month-to-month,1,Bank transfer (automatic),101.35,2317.1,1,105.32,3,0.7869491,High
6849-WLEYG,1,0,0,0,4,1,0,Fiber optic,0,0,0,0,0,0,Month-to-month,1,Credit card (automatic),70.05,266.9,1,66.72,0,0.79344046,High
4659-NZRUF,0,0,1,0,4,1,1,Fiber optic,0,0,0,0,0,0,Month-to-month,1,Electronic check,74.65,301.4,1,75.35,0,0.89564896,High
8429-XIBUM,0,0,0,0,4,1,1,DSL,0,0,0,0,0,0,Month-to-month,0,Mailed check,50.4,206.6,1,51.65,0,0.5976821,Medium
2608-BHKFN,1,0,0,0,7,1,1,Fiber optic,1,0,0,0,0,0,Month-to-month,1,Mailed check,79.65,604.7,1,86.39,1,0.7557947,High
7341-LXCAF,0,1,0,0,19,1,1,Fiber optic,0,0,1,0,0,0,Month-to-month,1,Electronic check,79.85,1471.75,1,77.46,1,0.76926106,High
9462-MJUAW,0,0,1,0,5,1,1,Fiber optic,0,1,0,0,0,0,Month-to-month,1,Electronic check,78.75,412.1,1,82.42,1,0.8975272,High
8128-YVJRG,0,1,1,0,8,1,0,Fiber optic,0,0,0,0,1,0,Month-to-month,1,Credit card (automatic),80.45,583.45,1,72.93,1,0.8001901,High
4283-FUTGF,1,0,0,0,1,1,1,DSL,0,0,0,0,0,0,Month-to-month,1,Mailed check,50.1,50.1,1,50.1,0,0.8176378,High
1569-TTNYJ,0,0,1,0,2,1,0,Fiber optic,0,0,1,0,0,0,Month-to-month,0,Electronic check,76.4,151.8,1,75.9,1,0.8678689,High
2397-BRLOM,0,0,0,0,3,1,0,Fiber optic,0,0,1,1,1,1,Month-to-month,1,Electronic check,98.7,293.65,1,97.88,4,0.88613737,High
4749-VFKVB,1,1,0,0,13,1,1,Fiber optic,1,0,0,0,1,1,Month-to-month,1,Electronic check,100.8,1308.1,1,100.62,3,0.87964326,High
7598-UAASY,1,0,1,0,28,1,0,Fiber optic,0,0,0,0,1,1,One year,1,Bank transfer (automatic),90.1,2598.95,1,92.82,2,0.5111659,Medium
7938-OUHIO,0,0,0,0,15,1,1,DSL,0,0,0,0,0,0,Month-to-month,0,Electronic check,51.55,765.5,1,51.03,0,0.53099823,Medium
8510-AWCXC,0,1,0,0,10,1,0,Fiber optic,0,0,0,0,0,1,Month-to-month,1,Electronic check,79.25,793.55,1,79.35,1,0.8373048,High
0431-APWVY,0,0,0,0,5,1,1,Fiber optic,0,0,0,0,1,1,Month-to-month,1,Bank transfer (automatic),94.85,462.8,1,92.56,2,0.89816886,High
3426-NIYYL,1,0,0,0,2,1,1,Fiber optic,0,0,0,0,0,1,Month-to-month,1,Electronic check,85.7,169.8,1,84.9,1,0.92271286,High
8225-BTJAU,1,0,0,0,1,1,0,DSL,0,0,0,0,0,0,Month-to-month,0,Mailed check,44.4,44.4,1,44.4,0,0.7328168,High
3387-VATUS,0,1,0,0,5,1,0,Fiber optic,0,0,0,0,1,1,Month-to-month,1,Electronic check,89.5,477.7,1,95.54,2,0.9061825,High
1143-NMNQJ,0,1,1,0,1,1,1,Fiber optic,0,0,0,0,1,0,Month-to-month,1,Electronic check,86.05,86.05,1,86.05,1,0.9524223,High
0415-MOSGF,0,0,0,0,4,0,0,DSL,0,0,0,0,1,1,Month-to-month,1,Electronic check,44.55,174.3,1,43.58,2,0.8581522,High
1724-BQUHA,0,0,1,1,31,0,0,DSL,1,0,0,1,0,0,Month-to-month,0,Bank transfer (automatic),35.4,1077.5,1,34.76,2,0.14392056,Low
4826-XTSOH,1,0,0,0,1,1,1,Fiber optic,0,0,0,0,1,1,Month-to-month,0,Mailed check,95.65,95.65,1,95.65,2,0.90888304,High
2495-INZWQ,1,0,0,0,1,1,0,No,0,0,0,0,0,0,Month-to-month,0,Mailed check,20.95,20.95,1,20.95,0,0.55032694,Medium
4139-SUGLD,1,1,0,0,10,0,0,DSL,0,0,0,0,0,1,Month-to-month,1,Electronic check,34.7,329.8,1,32.98,1,0.76149434,High
6857-VWJDT,1,0,0,0,15,1,0,No,0,0,0,0,0,0,Month-to-month,0,Bank transfer (automatic),19.75,297.3,1,19.82,0,0.23344511,Low
5624-BQSSA,0,0,1,0,17,1,1,Fiber optic,0,0,0,0,1,1,Month-to-month,1,Electronic check,92.55,1515.1,1,89.12,2,0.85953856,High
2408-WITXK,0,1,1,0,53,1,1,DSL,1,0,0,1,0,0,One year,1,Electronic check,60.05,3229.65,1,60.94,2,0.3330292,Medium
5577-OTWWW,0,1,1,0,16,1,0,Fiber optic,0,1,0,0,0,0,Month-to-month,1,Credit card (automatic),74.3,1178.25,1,73.64,1,0.767177,High
6100-QQHEB,0,0,0,0,9,1,1,Fiber optic,0,0,0,0,1,0,Month-to-month,1,Electronic check,85.35,758.6,1,84.29,1,0.8771723,High
2634-HCZGT,1,0,0,0,25,1,0,DSL,1,1,1,1,1,0,One year,0,Mailed check,74.3,1863.8,1,74.55,5,0.12575468,Low
7503-QQRVF,1,0,0,0,4,1,0,Fiber optic,0,0,1,1,1,1,Month-to-month,1,Bank transfer (automatic),98.1,396.3,1,99.08,4,0.8555501,High
2691-NZETQ,1,0,0,0,50,1,1,Fiber optic,1,1,0,1,1,1,Two year,1,Electronic check,109.65,5551.15,1,111.02,5,0.4538374,Medium
4404-HIBDJ,1,1,0,0,9,1,1,Fiber optic,0,0,0,0,0,0,Month-to-month,1,Electronic check,74.55,622.9,1,69.21,0,0.8602692,High
7295-JOMMD,0,0,0,0,3,1,1,Fiber optic,0,0,1,0,1,1,Month-to-month,1,Electronic check,100.95,329.95,1,109.98,3,0.9401281,High
5013-SBUIH,0,0,0,0,10,1,0,Fiber optic,0,0,1,0,1,1,Month-to-month,1,Electronic check,94.9,1048.85,1,104.88,3,0.8995692,High
0709-TVGUR,0,1,1,0,32,1,1,Fiber optic,0,0,1,1,1,1,Month-to-month,1,Electronic check,104.9,3351.55,1,104.74,4,0.82777613,High
6023-YEBUP,0,0,1,0,9,0,0,DSL,0,0,0,0,0,0,One year,0,Bank transfer (automatic),24.1,259.8,1,28.87,0,0.2722383,Low
7209-JCUDS,0,0,1,0,66,1,1,Fiber optic,0,1,0,1,1,1,One year,1,Electronic check,104.05,6890.0,1,104.39,4,0.64490616,High
3001-CBHLQ,0,0,0,0,3,1,0,Fiber optic,0,0,1,1,1,0,Month-to-month,1,Mailed check,88.35,262.05,1,87.35,3,0.7896051,High
6158-DWPZT,0,0,1,0,29,1,0,Fiber optic,1,0,0,0,1,1,Month-to-month,0,Credit card (automatic),94.65,2649.15,1,91.35,3,0.625677,High
3763-GCZHZ,0,1,1,0,1,1,1,Fiber optic,0,0,0,0,0,0,Month-to-month,1,Electronic check,74.4,74.4,1,74.4,0,0.9425427,High
0772-GYEQQ,1,0,1,1,41,1,1,DSL,1,1,1,1,0,1,Month-to-month,0,Credit card (automatic),79.9,3326.2,1,81.13,5,0.09169219,Low
4831-EOBFE,0,1,0,0,8,1,0,Fiber optic,0,0,0,0,0,0,Month-to-month,1,Electronic check,69.7,560.85,1,70.11,0,0.8157152,High
4102-OQUPX,1,1,1,0,12,1,1,Fiber optic,0,1,1,0,1,0,Month-to-month,1,Electronic check,98.1,1060.2,1,88.35,3,0.91723615,High
9170-GYZJC,1,0,0,0,1,1,0,No,0,0,0,0,0,0,Month-to-month,0,Mailed check,20.5,20.5,1,20.5,0,0.5529656,Medium
3999-QGRJH,1,1,1,0,4,1,1,Fiber optic,1,0,0,0,1,1,Month-to-month,1,Electronic check,99.6,347.65,1,86.91,3,0.9140213,High
2454-RPBRZ,1,0,0,0,1,1,0,Fiber optic,0,0,0,0,0,1,Month-to-month,1,Electronic check,81.95,81.95,1,81.95,1,0.93477154,High
2002-MZHWP,0,0,1,0,7,1,0,Fiber optic,0,0,0,0,0,0,Month-to-month,1,Electronic check,69.35,451.1,1,64.44,0,0.8289907,High
2265-CYWIV,1,0,0,0,6,1,0,Fiber optic,0,0,0,0,1,1,Month-to-month,1,Electronic check,91.1,455.3,1,75.88,2,0.8531411,High
2004-OCQXK,0,0,1,0,14,1,1,Fiber optic,0,0,0,0,1,0,Month-to-month,1,Electronic check,86.1,1235.55,1,88.25,1,0.87611055,High
5027-QPKTE,0,0,0,0,25,1,1,Fiber optic,0,0,0,0,1,1,Month-to-month,1,Bank transfer (automatic),94.7,2362.1,1,94.48,2,0.75237906,High
2672-HUYVI,0,0,1,0,22,1,1,Fiber optic,0,0,0,0,0,1,Month-to-month,1,Electronic check,85.1,1873.7,1,85.17,1,0.7946703,High
7508-MYBOG,1,0,1,0,61,1,1,Fiber optic,0,1,0,0,1,1,Month-to-month,1,Electronic check,99.15,6010.05,1,98.53,3,0.71022344,High
0148-DCDOS,0,1,1,0,70,1,1,Fiber optic,0,1,1,0,1,1,Month-to-month,1,Electronic check,102.95,7101.5,1,101.45,4,0.76243603,High
9992-RRAMN,0,0,0,0,1,1,0,DSL,0,0,0,0,0,0,Month-to-month,1,Mailed check,45.05,45.05,1,45.05,0,0.8089237,High
0310-MVLET,1,1,0,0,1,1,0,Fiber optic,0,0,0,0,0,0,Month-to-month,1,Electronic check,71.0,71.0,1,71.0,0,0.9273039,High
4550-VBOFE,1,1,1,0,47,1,0,Fiber optic,0,0,0,0,0,0,Month-to-month,0,Bank transfer (automatic),70.55,3309.25,1,70.41,0,0.6005036,High
5696-QURRL,1,0,0,0,1,1,0,Fiber optic,0,0,0,0,0,1,Month-to-month,1,Electronic check,79.7,79.7,1,79.7,1,0.929685,High
7409-KIUTL,0,0,0,0,22,1,1,DSL,1,1,0,0,0,0,Month-to-month,0,Electronic check,59.0,1254.7,1,57.03,2,0.33780816,Medium
1732-VHUBQ,1,0,0,0,48,1,0,DSL,1,0,1,1,0,0,One year,1,Credit card (automatic),60.35,2896.4,1,60.34,3,0.16775975,Low
0495-RVCBF,1,1,1,0,1,1,0,Fiber optic,0,0,0,0,0,0,Month-to-month,1,Electronic check,69.25,69.25,1,69.25,0,0.9333599,High
7854-EDSSA,0,0,0,0,25,1,0,Fiber optic,0,0,0,0,0,0,Month-to-month,0,Mailed check,70.95,1767.35,1,70.69,0,0.44701788,Medium
8869-TORSS,0,0,1,0,20,1,0,Fiber optic,0,0,0,0,1,1,Month-to-month,1,Mailed check,89.0,1820.45,1,91.02,2,0.7062618,High
0679-IDSTG,0,0,1,0,18,1,1,Fiber optic,1,0,0,0,1,1,Month-to-month,1,Electronic check,99.4,1742.95,1,96.83,3,0.8439778,High
2115-BFTIW,1,0,0,0,1,1,0,Fiber optic,0,0,1,0,0,0,Month-to-month,0,Bank transfer (automatic),73.5,73.5,1,73.5,1,0.8580283,High
0611-DFXKO,0,0,0,0,9,1,1,Fiber optic,0,0,0,0,1,1,Month-to-month,1,Electronic check,95.5,829.1,1,92.12,2,0.90426767,High
7780-OTDSO,1,0,1,0,28,1,0,Fiber optic,1,0,0,0,1,1,Month-to-month,1,Mailed check,92.35,2602.9,1,92.96,3,0.6656514,High
9747-DDZOS,0,0,0,0,11,1,0,Fiber optic,0,1,0,0,0,0,Month-to-month,1,Electronic check,74.55,824.75,1,74.98,1,0.8060969,High
0564-JJHGS,0,1,0,0,12,1,0,Fiber optic,0,1,1,1,0,0,Month-to-month,1,Mailed check,83.8,1029.75,1,85.81,3,0.7176327,High
3348-CFRNX,0,1,0,0,53,0,0,DSL,0,1,1,0,1,1,Month-to-month,1,Electronic check,54.45,2854.55,1,53.86,4,0.63927513,High
1428-GTBJJ,0,1,1,0,41,1,1,Fiber optic,0,0,1,0,1,1,Month-to-month,1,Electronic check,99.8,4259.3,1,103.89,3,0.85436416,High
8802-UNOJF,1,0,1,0,20,1,1,Fiber optic,0,1,1,0,1,1,Month-to-month,1,Bank transfer (automatic),105.85,2239.65,1,111.98,4,0.8318208,High
6313-GIDIT,1,0,0,0,7,1,1,Fiber optic,0,0,0,0,0,0,Month-to-month,0,Mailed check,75.45,480.75,1,68.68,0,0.70532763,High
2845-AFFTX,0,0,0,0,7,1,1,Fiber optic,0,0,0,0,1,1,Month-to-month,1,Electronic check,93.85,635.6,1,90.8,2,0.90411067,High
2249-YPRNG,0,0,0,0,22,1,1,Fiber optic,1,0,0,0,1,1,Month-to-month,1,Electronic check,100.75,2095.0,1,95.23,3,0.8038392,High
7410-YTJIK,1,0,1,1,3,0,0,DSL,0,0,0,1,0,0,Month-to-month,1,Mailed check,31.0,95.05,1,31.68,1,0.55596006,Medium
4626-GYCZP,0,0,0,0,51,1,1,Fiber optic,0,0,1,0,0,0,Month-to-month,0,Credit card (automatic),80.0,4242.35,1,83.18,1,0.4539596,Medium
5590-BYNII,0,1,0,0,5,1,0,Fiber optic,0,0,0,0,0,0,Month-to-month,1,Mailed check,70.25,331.9,1,66.38,0,0.79164475,High
3237-AJGEH,1,0,1,0,62,1,0,Fiber optic,0,1,1,0,1,1,Month-to-month,1,Electronic check,100.15,6283.3,1,101.34,4,0.69503576,High
1591-NFNLQ,0,0,0,0,28,1,1,Fiber optic,1,1,0,0,0,1,Month-to-month,1,Credit card (automatic),94.5,2659.4,1,94.98,3,0.6300551,High
2815-CPTUL,0,0,0,0,10,0,0,DSL,0,0,0,0,0,1,Month-to-month,1,Mailed check,33.9,298.45,1,29.84,1,0.625263,High
0596-BQCEQ,0,1,1,0,69,1,1,Fiber optic,0,1,0,0,1,0,Month-to-month,1,Electronic check,89.95,6143.15,1,89.03,2,0.63664365,High
1481-ZUWZA,0,0,0,0,12,1,1,Fiber optic,0,0,0,0,1,0,Month-to-month,1,Electronic check,84.45,1059.55,1,88.3,1,0.8801494,High
2309-OSFEU,0,0,0,0,27,1,1,Fiber optic,0,0,0,1,0,0,Month-to-month,1,Electronic check,79.5,2180.55,1,80.76,1,0.6758834,High
1891-FZYSA,0,0,1,0,1,1,0,Fiber optic,0,0,0,0,1,1,Month-to-month,0,Mailed check,89.15,89.15,1,89.15,2,0.90735936,High
7613-LLQFO,0,1,0,0,14,1,1,Fiber optic,0,0,0,0,0,0,Month-to-month,1,Electronic check,74.95,1036.75,1,74.05,0,0.860312,High
2640-PMGFL,1,1,0,0,32,1,0,Fiber optic,0,1,0,0,0,0,Month-to-month,1,Electronic check,74.4,2276.95,1,71.15,1,0.710155,High
3801-HMYNL,1,0,0,0,3,1,0,DSL,0,0,0,0,0,1,Month-to-month,1,Electronic check,55.3,196.15,1,65.38,1,0.80465823,High
9685-WKZGT,1,0,1,1,22,1,0,DSL,0,1,0,1,0,0,Month-to-month,0,Electronic check,55.15,1206.05,1,54.82,2,0.13067238,Low
6022-UGGSO,1,0,1,0,16,1,1,Fiber optic,0,0,0,0,1,0,Month-to-month,1,Electronic check,84.95,1378.25,1,86.14,1,0.8628848,High
4484-CGXFK,0,0,0,0,5,0,0,DSL,1,1,1,1,0,0,Month-to-month,1,Mailed check,43.25,219.0,1,43.8,4,0.5437932,Medium
6214-EDAKZ,0,0,1,0,23,1,1,DSL,0,0,0,0,0,0,One year,1,Credit card (automatic),48.35,1067.15,1,46.4,0,0.27675515,Low
6127-ISGTU,0,0,0,0,1,1,0,Fiber optic,0,0,0,0,1,0,Month-to-month,1,Electronic check,79.55,79.55,1,79.55,1,0.9320085,High
8740-XLHDR,1,1,1,0,50,1,0,Fiber optic,0,0,0,0,0,0,Month-to-month,1,Electronic check,71.05,3444.85,1,68.9,0,0.662484,High
1208-DNHLN,0,0,0,0,1,1,1,Fiber optic,0,0,0,0,1,0,Month-to-month,0,Electronic check,84.5,84.5,1,84.5,1,0.9198731,High
1761-AEZZR,0,0,1,0,71,1,1,Fiber optic,0,1,1,1,1,1,Two year,1,Credit card (automatic),108.6,7690.9,1,108.32,5,0.34413996,Medium
3923-CSIHK,0,0,0,0,46,0,0,DSL,0,1,0,0,0,0,Month-to-month,0,Bank transfer (automatic),30.3,1380.1,1,30.0,1,0.32553074,Medium
7120-RFMVS,1,1,0,0,2,0,0,DSL,0,0,1,0,0,0,Month-to-month,1,Electronic check,30.4,78.65,1,39.33,1,0.86717725,High
7317-GGVPB,1,0,0,0,1,1,0,DSL,0,0,0,0,0,0,Month-to-month,1,Mailed check,45.4,45.4,1,45.4,0,0.81670445,High
1322-AGOQM,1,0,1,0,32,1,0,Fiber optic,0,1,0,0,0,1,Month-to-month,0,Bank transfer (automatic),84.15,2585.95,1,80.81,2,0.6161161,High
3677-IYRBF,1,0,0,0,3,1,0,No,0,0,0,0,0,0,Month-to-month,0,Electronic check,19.75,58.85,1,19.62,0,0.4613434,Medium
5692-FPTAH,1,0,0,0,5,1,0,Fiber optic,0,0,0,1,0,1,Month-to-month,1,Credit card (automatic),85.4,425.9,1,85.18,2,0.7951956,High
1550-LOAHA,0,0,0,0,49,1,1,Fiber optic,0,0,0,0,0,0,Month-to-month,0,Credit card (automatic),75.2,3678.3,1,75.07,0,0.44427356,Medium
0268-QKIWO,1,0,0,0,17,1,1,DSL,0,0,1,0,0,0,One year,1,Mailed check,55.85,937.5,1,55.15,1,0.26167893,Low
0876-WDUUZ,0,1,0,0,23,1,1,Fiber optic,0,1,1,0,1,1,Month-to-month,1,Electronic check,106.4,2483.5,1,107.98,4,0.86699754,High
0617-FHSGK,0,0,0,0,6,1,0,Fiber optic,0,1,0,0,0,1,Month-to-month,1,Electronic check,84.4,556.35,1,92.72,2,0.843724,High
2858-MOFSQ,1,0,0,0,6,1,0,DSL,1,1,0,0,0,0,Month-to-month,0,Electronic check,56.25,389.1,1,64.85,2,0.42943722,Medium
8118-LSUEL,1,1,0,0,2,1,1,Fiber optic,0,0,0,0,1,0,Month-to-month,1,Electronic check,85.55,187.45,1,93.72,1,0.93145806,High
7005-CCBKV,1,0,0,0,4,1,0,DSL,0,1,0,0,1,1,Month-to-month,1,Bank transfer (automatic),68.65,261.25,1,65.31,3,0.64576036,High
4250-FDVOU,0,0,0,0,4,1,0,Fiber optic,0,0,0,0,1,0,Month-to-month,0,Electronic check,77.85,299.2,1,74.8,1,0.8121465,High
5277-ZLOOR,0,0,0,0,3,1,1,Fiber optic,0,1,1,0,1,1,Month-to-month,1,Bank transfer (automatic),105.35,323.25,1,107.75,4,0.9240045,High
2141-RRYGO,1,0,0,0,8,1,1,Fiber optic,0,0,0,0,1,0,Month-to-month,1,Electronic check,87.05,762.1,1,95.26,1,0.8928965,High
6376-GAHQE,0,0,0,0,1,1,0,DSL,0,0,0,0,1,0,Month-to-month,1,Mailed check,53.5,53.5,1,53.5,1,0.8168761,High
5052-PNLOS,1,0,0,0,1,0,0,DSL,0,0,0,0,0,0,Month-to-month,1,Mailed check,25.1,25.1,1,25.1,0,0.8186494,High
6979-ZNSFF,0,1,1,0,30,1,0,Fiber optic,0,1,1,0,0,0,Month-to-month,1,Mailed check,79.65,2365.15,1,78.84,2,0.6356078,High
2386-LAHRK,1,0,0,0,5,1,0,DSL,1,0,0,1,0,0,Month-to-month,0,Electronic check,54.2,308.25,1,61.65,2,0.5061369,Medium
6032-IGALN,1,1,0,0,1,1,0,No,0,0,0,0,0,0,Month-to-month,1,Electronic check,19.45,19.45,1,19.45,0,0.7782228,High
4248-HCETZ,0,0,1,0,72,1,1,Fiber optic,0,1,1,0,1,1,Two year,1,Electronic check,103.4,7372.65,1,102.4,4,0.22526772,Low
0516-WJVXC,1,0,0,0,13,1,1,Fiber optic,0,1,1,0,0,0,Month-to-month,1,Electronic check,84.45,1058.6,1,81.43,2,0.84616005,High
9174-FKWZE,1,1,1,0,32,1,1,Fiber optic,0,0,0,0,1,0,Month-to-month,1,Credit card (automatic),85.95,2628.6,1,82.14,1,0.72128373,High
8809-RIHDD,1,1,0,0,16,1,0,DSL,0,0,0,1,1,0,Month-to-month,0,Electronic check,59.4,1023.9,1,63.99,2,0.52609867,Medium
4822-NGOCH,1,0,0,0,29,0,0,DSL,0,1,0,0,0,0,Month-to-month,1,Electronic check,30.6,856.35,1,29.53,1,0.60551476,High
5307-DZCVC,1,1,0,0,38,1,1,Fiber optic,0,0,0,1,1,1,Month-to-month,1,Electronic check,99.55,3734.25,1,98.27,3,0.73759365,High
8679-JOEVF,1,0,0,0,17,1,0,Fiber optic,0,0,0,0,0,0,Month-to-month,1,Electronic check,70.0,1144.5,1,67.32,0,0.7785787,High
1432-FPAXX,1,0,0,0,1,1,0,DSL,0,0,0,0,0,0,Month-to-month,1,Electronic check,45.3,45.3,1,45.3,0,0.8663943,High
4803-AXVYP,0,0,0,0,2,0,0,DSL,0,0,0,1,0,0,Month-to-month,0,Bank transfer (automatic),29.85,75.6,1,37.8,1,0.6744038,High
3884-HCSWG,0,1,0,0,2,1,0,Fiber optic,0,1,1,1,0,1,Month-to-month,1,Credit card (automatic),95.1,180.25,1,90.12,4,0.81658,High
5077-DXTCG,0,0,0,0,1,1,0,No,0,0,0,0,0,0,Month-to-month,0,Mailed check,19.8,19.8,1,19.8,0,0.63696635,High
1142-WACZW,1,0,0,0,4,1,0,Fiber optic,0,1,0,0,0,0,Month-to-month,1,Bank transfer (automatic),76.65,333.6,1,83.4,1,0.8170145,High
5649-ANRML,1,0,1,0,5,1,0,Fiber optic,0,1,0,1,1,1,Month-to-month,1,Mailed check,99.15,465.05,1,93.01,4,0.8619582,High
4892-VLANZ,0,0,0,0,9,1,0,DSL,0,0,0,0,0,0,Month-to-month,0,Mailed check,44.95,431.0,1,47.89,0,0.38534126,Medium
2919-HBCJO,0,0,1,0,18,1,0,DSL,0,0,1,0,0,0,Month-to-month,1,Mailed check,49.55,878.35,1,48.8,1,0.44057047,Medium
4236-XPXAV,0,0,0,0,25,1,0,Fiber optic,0,1,0,0,1,1,Month-to-month,1,Electronic check,95.9,2448.75,1,97.95,3,0.78862727,High
3030-YZADT,0,1,1,0,17,1,0,Fiber optic,0,0,0,0,0,1,Month-to-month,0,Bank transfer (automatic),81.5,1329.2,1,78.19,1,0.69114625,High
7410-KTVFV,0,0,1,0,52,1,0,Fiber optic,1,0,0,0,1,0,Month-to-month,0,Electronic check,84.1,4348.65,1,83.63,2,0.60545135,High
8393-DLHGA,0,1,1,0,3,0,0,DSL,0,0,0,0,1,0,Month-to-month,1,Mailed check,36.45,93.7,1,31.23,1,0.8563035,High
7395-IGJOS,1,1,0,0,1,0,0,DSL,0,0,0,0,0,0,Month-to-month,0,Mailed check,25.05,25.05,1,25.05,0,0.7842098,High
2834-SPCJV,1,0,0,0,8,1,0,DSL,1,0,0,0,0,0,Month-to-month,1,Electronic check,49.85,365.55,1,45.69,1,0.60213435,High
7890-VYYWG,1,1,1,0,43,0,0,DSL,0,1,1,0,1,1,Month-to-month,0,Credit card (automatic),55.55,2342.2,1,54.47,4,0.5570146,Medium
9907-SWKKF,1,0,1,0,22,1,0,DSL,0,1,0,0,1,1,One year,1,Bank transfer (automatic),69.5,1498.2,1,68.1,3,0.26544473,Low
0587-DMGBH,0,0,1,0,54,1,1,Fiber optic,0,1,1,0,1,1,Month-to-month,1,Electronic check,104.3,5278.15,1,97.74,4,0.7845307,High
6397-JNZZG,1,0,0,0,1,1,1,Fiber optic,0,0,0,0,1,1,Month-to-month,1,Electronic check,93.85,93.85,1,93.85,2,0.95303583,High
3523-QRQLL,1,0,1,1,1,1,0,DSL,0,0,1,0,0,0,Month-to-month,0,Mailed check,50.45,50.45,1,50.45,1,0.59969217,Medium
0895-DQHEW,1,0,0,0,7,1,1,DSL,0,0,0,1,1,1,Month-to-month,1,Electronic check,74.65,521.1,1,74.44,3,0.6848246,High
8149-RSOUN,1,0,0,0,12,1,1,Fiber optic,0,0,0,0,1,1,Month-to-month,1,Electronic check,94.2,1046.1,1,87.18,2,0.89505273,High
7250-EQKIY,1,0,1,0,54,1,1,Fiber optic,1,1,0,0,1,1,One year,0,Bank transfer (automatic),106.55,5763.3,1,106.73,4,0.53831095,Medium
4013-UBXWQ,0,0,0,0,1,1,0,No,0,0,0,0,0,0,Month-to-month,0,Mailed check,20.1,20.1,1,20.1,0,0.60256684,High
5519-NPHVG,1,0,1,0,23,1,0,Fiber optic,0,1,1,1,0,0,Month-to-month,0,Electronic check,83.8,1900.25,1,82.62,3,0.5808078,Medium
8849-GYOKR,0,0,0,0,3,1,0,DSL,0,0,0,0,1,0,Month-to-month,0,Mailed check,55.15,159.15,1,53.05,1,0.6287716,High
3148-BLQJT,0,1,1,0,10,1,1,Fiber optic,0,0,0,0,0,1,Month-to-month,1,Electronic check,86.65,856.65,1,85.66,1,0.8959458,High
0461-CVKMU,1,1,0,0,37,1,1,Fiber optic,1,1,0,0,1,1,Month-to-month,1,Bank transfer (automatic),106.75,4056.75,1,109.64,4,0.7252289,High
8806-EAGWC,0,0,0,0,31,1,0,Fiber optic,0,1,0,1,0,0,Month-to-month,1,Electronic check,78.45,2435.15,1,78.55,2,0.630718,High
7779-LGOVN,1,0,1,0,34,1,1,Fiber optic,0,0,1,0,1,0,Month-to-month,0,Electronic check,87.45,2874.15,1,84.53,2,0.7297349,High
9710-ZUSHQ,0,0,1,0,29,1,0,Fiber optic,0,0,0,0,0,0,Month-to-month,1,Electronic check,70.75,1974.8,1,68.1,0,0.7001521,High
4183-WCSEP,0,1,1,0,12,1,1,Fiber optic,0,1,0,0,1,1,Month-to-month,1,Electronic check,101.35,1218.55,1,101.55,3,0.92409027,High
5498-TXHLF,0,0,0,0,1,1,1,Fiber optic,1,0,0,0,0,0,Month-to-month,1,Electronic check,81.7,81.7,1,81.7,1,0.89778984,High
9722-UJOJR,0,0,0,0,33,1,0,Fiber optic,0,0,0,0,0,0,Month-to-month,0,Electronic check,68.25,2171.15,1,65.79,0,0.54905707,Medium
3902-FOIGH,1,0,0,0,4,1,0,Fiber optic,0,0,0,0,0,1,Month-to-month,1,Electronic check,79.15,317.25,1,79.31,1,0.8638266,High
6772-KSATR,0,1,0,0,35,1,1,Fiber optic,0,0,0,0,1,1,Month-to-month,1,Electronic check,95.45,3474.05,1,99.26,2,0.7860035,High
7112-OPOTK,0,0,1,0,19,1,1,Fiber optic,0,0,0,1,1,1,One year,1,Electronic check,100.95,1875.55,1,98.71,3,0.70359325,High
4210-QFJMF,1,0,1,0,1,1,0,Fiber optic,0,0,0,0,0,0,Month-to-month,1,Mailed check,69.1,69.1,1,69.1,0,0.9032514,High
3318-OSATS,0,0,0,0,31,1,1,Fiber optic,0,1,1,0,1,1,One year,1,Electronic check,103.45,3066.45,1,98.92,4,0.6426938,High
5828-AVIPD,1,0,0,0,4,1,1,Fiber optic,0,1,0,0,0,0,Month-to-month,0,Bank transfer (automatic),77.95,305.55,1,76.39,1,0.75721925,High
1086-LXKFY,1,1,0,0,1,1,0,Fiber optic,0,0,0,0,1,0,Month-to-month,0,Electronic check,78.45,78.45,1,78.45,1,0.90772265,High
2636-ALXXZ,0,0,0,0,10,0,0,DSL,0,0,1,0,0,0,Month-to-month,0,Mailed check,29.5,255.25,1,25.52,1,0.45325363,Medium
7774-OJSXI,1,0,0,0,2,1,0,DSL,1,0,0,0,1,1,Month-to-month,1,Electronic check,70.75,146.9,1,73.45,3,0.78237265,High
7786-WBJYI,1,1,0,0,9,1,1,Fiber optic,0,0,0,0,0,1,Month-to-month,1,Electronic check,84.45,762.5,1,84.72,1,0.8821088,High
9885-CSMWE,0,0,0,0,4,1,1,Fiber optic,0,0,0,0,0,1,Month-to-month,1,Electronic check,85.65,338.9,1,84.72,1,0.9021729,High
5016-ETTFF,0,1,0,0,38,1,0,DSL,0,1,1,1,1,0,One year,1,Credit card (automatic),70.15,2497.35,1,65.72,4,0.24200183,Low
3866-MDTUB,0,1,0,0,51,1,1,Fiber optic,0,0,1,0,1,1,Month-to-month,1,Electronic check,97.8,4913.3,1,96.34,3,0.7778462,High
8058-JMEQO,0,0,0,0,1,1,0,DSL,0,0,0,0,0,0,Month-to-month,0,Mailed check,46.3,46.3,1,46.3,0,0.750282,High
0697-ZMSWS,1,0,0,0,41,1,1,Fiber optic,0,1,1,0,1,1,Month-to-month,1,Electronic check,106.3,4443.45,1,108.38,4,0.82018566,High
7657-DYEPJ,1,0,0,0,12,1,0,Fiber optic,0,0,1,1,0,1,Month-to-month,1,Electronic check,89.4,1095.65,1,91.3,3,0.80685216,High
8276-MQBYC,1,1,0,0,5,1,1,Fiber optic,0,0,0,0,1,0,Month-to-month,1,Credit card (automatic),83.15,446.05,1,89.21,1,0.88603,High
7593-XFKDI,0,0,0,0,10,1,1,Fiber optic,0,0,0,0,0,0,Month-to-month,1,Mailed check,74.15,811.8,1,81.18,0,0.78337336,High
0337-CNPZE,1,0,1,0,11,1,1,Fiber optic,0,0,1,0,1,1,Month-to-month,1,Electronic check,99.5,1056.95,1,96.09,3,0.9309405,High
1513-XNPPH,0,0,0,0,1,1,0,DSL,0,0,0,0,0,0,Month-to-month,1,Mailed check,44.15,44.15,1,44.15,0,0.80032986,High
6015-VVHHE,1,0,0,0,16,1,0,DSL,0,1,0,1,0,0,Month-to-month,1,Mailed check,53.9,834.15,1,52.13,2,0.42896357,Medium
6347-DCUIK,1,0,0,0,1,1,1,Fiber optic,0,0,0,0,0,1,Month-to-month,1,Mailed check,85.45,85.45,1,85.45,1,0.9245752,High
0897-FEGMU,1,0,1,1,4,1,1,DSL,0,0,0,0,0,0,Month-to-month,0,Mailed check,50.85,239.55,1,59.89,0,0.40606946,Medium
7663-RGWBC,1,0,0,1,1,1,0,DSL,0,0,1,0,0,1,Month-to-month,0,Electronic check,59.2,59.2,1,59.2,2,0.6948297,High
1120-BMWUB,0,0,0,0,13,1,0,Fiber optic,0,0,1,0,1,0,Month-to-month,1,Electronic check,83.2,1060.6,1,81.58,2,0.84683126,High
9124-LHCJQ,1,0,0,0,1,1,0,DSL,1,1,0,0,0,0,Month-to-month,1,Electronic check,54.9,54.9,1,54.9,2,0.7847362,High
2235-ZGKPT,1,0,1,0,21,1,1,Fiber optic,1,0,1,0,1,1,Month-to-month,1,Electronic check,103.9,2254.2,1,107.34,4,0.86671126,High
3891-PUQOD,1,0,1,1,11,1,0,No,0,0,0,0,0,0,Month-to-month,1,Mailed check,19.25,180.3,1,16.39,0,0.12047679,Low
0689-NKYLF,1,1,0,0,2,1,1,Fiber optic,0,0,0,0,0,0,Month-to-month,1,Mailed check,75.45,158.4,1,79.2,0,0.87424636,High
3658-KIBGF,1,1,0,0,2,1,0,DSL,1,1,0,0,0,0,Month-to-month,0,Mailed check,54.85,104.2,1,52.1,2,0.6281585,High
5519-YLDGW,0,1,1,0,1,1,1,Fiber optic,0,0,0,0,1,1,Month-to-month,1,Electronic check,95.1,95.1,1,95.1,2,0.9597473,High
4946-EDSEW,0,0,1,0,6,1,1,Fiber optic,0,0,0,0,0,0,Month-to-month,1,Electronic check,75.5,438.0,1,73.0,0,0.87508667,High
2516-VQRRV,1,0,1,0,4,1,0,Fiber optic,0,0,1,0,0,0,Month-to-month,1,Electronic check,73.75,325.45,1,81.36,1,0.8850298,High
7580-UGXNC,0,0,0,0,12,1,1,Fiber optic,0,0,0,0,1,1,Month-to-month,1,Electronic check,96.05,1148.1,1,95.68,2,0.9111288,High
5178-LMXOP,1,0,0,0,4,1,1,Fiber optic,0,1,0,0,0,1,Month-to-month,1,Electronic check,88.95,355.2,1,88.8,2,0.8934243,High
8185-UPYBR,1,0,0,0,4,1,0,DSL,0,1,0,0,0,0,Month-to-month,0,Credit card (automatic),50.7,151.3,1,37.83,1,0.6142398,High
4585-HETAI,0,0,0,0,3,1,0,DSL,0,0,0,0,1,0,Month-to-month,0,Credit card (automatic),53.4,188.7,1,62.9,1,0.6392017,High
7526-BEZQB,0,1,1,0,53,1,1,Fiber optic,0,1,0,0,1,1,Month-to-month,1,Electronic check,101.9,5549.4,1,104.71,3,0.83498603,High
4951-UKAAQ,1,0,1,0,68,1,1,Fiber optic,0,0,0,0,1,0,One year,1,Electronic check,83.0,5685.8,1,83.61,1,0.41166887,Medium
2108-YKQTY,0,0,0,1,1,1,0,DSL,1,0,0,0,0,0,Month-to-month,0,Mailed check,50.6,50.6,1,50.6,1,0.5233136,Medium
4918-QLLIW,0,0,0,0,10,1,0,Fiber optic,0,0,0,0,1,1,Month-to-month,1,Electronic check,89.5,863.1,1,86.31,2,0.86350435,High
7056-IMHCC,0,0,0,0,1,1,0,Fiber optic,0,0,0,0,0,0,Month-to-month,1,Electronic check,69.8,69.8,1,69.8,0,0.9221682,High
1625-JAIIY,0,1,1,0,51,1,1,Fiber optic,1,0,1,0,1,0,Month-to-month,1,Bank transfer (automatic),93.8,4750.95,1,93.16,3,0.6169493,High
2947-DOMLJ,0,0,1,0,24,1,1,Fiber optic,0,0,1,0,1,1,Month-to-month,1,Electronic check,101.05,2391.8,1,99.66,3,0.86503065,High
4112-LUEIZ,0,0,1,0,18,1,1,Fiber optic,0,0,0,0,1,1,Month-to-month,1,Electronic check,94.7,1687.95,1,93.78,2,0.8444219,High
4510-HIMLV,0,1,1,0,72,1,1,Fiber optic,0,1,1,0,1,1,Two year,1,Bank transfer (automatic),104.15,7689.95,1,106.8,4,0.32129684,Medium
8749-JMNKX,0,0,1,1,4,1,0,DSL,0,0,0,1,0,1,Month-to-month,0,Credit card (automatic),61.45,229.55,1,57.39,2,0.3648574,Medium
2430-USGXP,0,0,0,0,1,1,0,Fiber optic,0,0,0,0,1,1,Month-to-month,1,Electronic check,90.55,90.55,1,90.55,2,0.94210243,High
5955-ERIHD,1,0,0,0,26,1,0,Fiber optic,0,0,0,0,1,1,Month-to-month,1,Bank transfer (automatic),88.8,2274.35,1,87.48,2,0.68219167,High
0917-EZOLA,0,0,0,0,7,1,1,Fiber optic,0,0,0,0,0,1,Month-to-month,1,Mailed check,85.2,602.55,1,86.08,1,0.8298839,High
5949-EBSQK,0,1,0,0,5,1,0,Fiber optic,0,0,0,0,1,1,Month-to-month,1,Electronic check,91.4,449.75,1,89.95,2,0.90190727,High
7274-RTAPZ,0,0,1,0,42,1,1,Fiber optic,0,0,1,1,1,1,Month-to-month,1,Bank transfer (automatic),106.15,4512.7,1,107.45,4,0.7896765,High
0311-UNPFF,1,0,0,0,4,1,0,DSL,0,0,0,0,0,0,Month-to-month,1,Mailed check,45.3,196.95,1,49.24,0,0.6687749,High
3834-XUIFC,0,0,0,0,2,1,1,Fiber optic,0,0,0,0,0,0,Month-to-month,1,Credit card (automatic),73.25,131.05,1,65.53,0,0.86716366,High
8414-MYSHR,0,0,1,1,8,1,0,DSL,0,0,1,0,0,0,Month-to-month,1,Electronic check,51.05,415.05,1,51.88,1,0.3672976,Medium
7599-FKVXZ,1,0,1,0,9,1,1,Fiber optic,0,0,0,0,1,0,Month-to-month,1,Bank transfer (automatic),85.35,754.65,1,83.85,1,0.8548026,High
8229-TNIQA,0,1,0,0,1,1,1,Fiber optic,0,0,0,0,0,0,Month-to-month,1,Electronic check,75.35,75.35,1,75.35,0,0.9369787,High
6221-AVQYL,0,0,0,0,43,1,0,Fiber optic,1,0,0,0,0,0,Month-to-month,1,Electronic check,75.2,3198.6,1,74.39,1,0.6549602,High
7743-EXURX,1,0,0,0,1,1,0,No,0,0,0,0,0,0,Month-to-month,0,Mailed check,20.9,20.9,1,20.9,0,0.55032694,Medium
5569-KGJHX,0,0,0,0,3,1,0,DSL,0,0,0,0,0,0,Month-to-month,1,Electronic check,43.3,123.65,1,41.22,0,0.8016344,High
4988-IQIGL,0,0,1,0,70,1,0,Fiber optic,1,1,1,1,1,1,One year,1,Bank transfer (automatic),109.5,7534.65,1,107.64,6,0.53146815,Medium
7730-IUTDZ,1,1,0,0,11,1,1,Fiber optic,0,0,0,0,0,1,Month-to-month,1,Credit card (automatic),84.8,906.85,1,82.44,1,0.84307367,High
0426-TIRNE,1,1,1,0,50,1,1,Fiber optic,0,1,1,0,1,0,Month-to-month,1,Electronic check,95.05,4888.7,1,97.77,3,0.7326539,High
7587-RZNME,0,1,0,0,5,1,0,DSL,0,0,1,0,0,0,Month-to-month,0,Electronic check,50.35,237.25,1,47.45,1,0.6780795,High
0748-RDGGM,0,0,1,0,1,1,1,Fiber optic,0,0,0,0,0,0,Month-to-month,1,Bank transfer (automatic),74.6,74.6,1,74.6,0,0.9204536,High
4706-AXVKM,0,0,0,0,16,1,0,No,0,0,0,0,0,0,Month-to-month,1,Mailed check,19.7,342.4,1,21.4,0,0.25877276,Low
5889-JTMUL,1,0,0,0,15,1,0,DSL,0,0,1,0,0,1,Month-to-month,1,Electronic check,59.45,892.65,1,59.51,2,0.59556025,Medium
9026-RNUJS,1,0,0,0,46,1,0,Fiber optic,1,1,0,1,1,1,One year,1,Bank transfer (automatic),105.2,4822.85,1,104.84,5,0.510212,Medium
3746-EUBYR,0,0,0,0,8,1,0,DSL,0,0,0,0,0,0,Month-to-month,1,Mailed check,45.15,438.4,1,54.8,0,0.47304866,Medium
2332-EFBJY,0,0,1,0,31,1,1,Fiber optic,0,1,1,0,1,0,Month-to-month,0,Electronic check,93.8,3019.5,1,97.4,3,0.721965,High
9474-PHLYD,0,0,0,0,32,1,0,Fiber optic,0,0,0,1,1,1,Month-to-month,1,Electronic check,96.2,3183.4,1,99.48,3,0.74097013,High
2165-VOEGB,1,0,0,0,1,1,0,Fiber optic,0,0,0,0,0,1,Month-to-month,1,Electronic check,79.6,79.6,1,79.6,1,0.929685,High
2219-MVUSO,0,0,0,0,20,1,1,Fiber optic,0,0,0,0,1,0,Month-to-month,1,Electronic check,85.25,1734.5,1,86.72,1,0.772781,High
8914-RBTSB,0,0,0,0,26,1,1,Fiber optic,0,0,0,1,0,0,Month-to-month,1,Electronic check,80.5,2088.8,1,80.34,1,0.66844845,High
0963-ZBDRN,0,1,0,0,5,1,1,Fiber optic,0,1,0,0,0,1,Month-to-month,1,Electronic check,89.8,502.6,1,100.52,2,0.9041852,High
7594-RQHXR,0,0,0,0,1,1,0,DSL,0,1,0,0,0,0,Month-to-month,1,Electronic check,50.75,50.75,1,50.75,1,0.8445221,High
6331-EWIEB,1,0,1,0,14,1,0,Fiber optic,0,1,0,1,0,1,Month-to-month,1,Credit card (automatic),89.65,1208.35,1,86.31,3,0.72472626,High
5998-VVEJY,0,0,0,0,36,1,0,DSL,0,1,0,1,0,1,One year,1,Mailed check,65.4,2498.4,1,69.4,3,0.20554438,Low
1624-NALOJ,1,0,0,1,9,1,0,DSL,0,0,1,1,1,1,Month-to-month,1,Mailed check,72.9,651.4,1,72.38,4,0.34790462,Medium
4317-VTEOA,0,0,0,0,5,0,0,DSL,1,0,1,1,0,0,Month-to-month,0,Mailed check,40.0,223.45,1,44.69,3,0.4734021,Medium
1670-SVOWZ,0,1,0,0,9,1,1,Fiber optic,0,1,0,0,1,1,Month-to-month,1,Credit card (automatic),99.45,919.4,1,102.16,3,0.9005586,High
7541-YLXCL,1,0,0,0,2,1,0,Fiber optic,1,1,0,1,0,0,Month-to-month,1,Electronic check,86.25,181.65,1,90.82,3,0.7780833,High
0260-ZDLGK,1,0,0,0,1,1,0,DSL,0,0,0,0,0,0,Month-to-month,1,Electronic check,45.65,45.65,1,45.65,0,0.86839527,High
8722-NGNBH,0,0,0,0,8,1,0,Fiber optic,0,0,0,0,0,0,Month-to-month,1,Mailed check,70.1,551.35,1,68.92,0,0.72998816,High
6210-KBBPI,1,1,0,0,2,1,0,Fiber optic,0,0,0,0,0,0,Month-to-month,1,Bank transfer (automatic),70.2,115.95,1,57.98,0,0.86884725,High
0133-BMFZO,1,0,0,0,3,1,0,DSL,1,1,0,0,0,0,Month-to-month,0,Electronic check,55.35,165.2,1,55.07,2,0.59493667,Medium
6128-CZOMY,0,1,1,0,51,1,1,Fiber optic,0,1,1,0,0,0,Month-to-month,1,Electronic check,84.2,4146.05,1,81.3,2,0.6969459,High
9540-JYROE,0,0,0,0,2,1,0,DSL,0,0,0,0,0,0,Month-to-month,0,Mailed check,45.85,81.0,1,40.5,0,0.68886864,High
2260-USTRB,0,0,0,0,39,1,1,Fiber optic,0,0,0,0,0,0,Month-to-month,0,Electronic check,75.25,3017.65,1,77.38,0,0.65785354,High
3656-TKRVZ,1,0,0,0,12,1,1,Fiber optic,0,0,1,0,1,1,Month-to-month,1,Bank transfer (automatic),100.15,1164.3,1,97.02,3,0.8828034,High
8623-TMRBY,0,1,1,0,26,1,1,Fiber optic,0,1,1,0,1,1,Month-to-month,0,Electronic check,105.75,2710.25,1,104.24,4,0.8054064,High
1501-SGHBW,1,1,1,0,18,0,0,DSL,0,0,1,0,1,1,Month-to-month,1,Electronic check,48.35,810.7,1,45.04,3,0.7851791,High
3208-YPIOE,1,0,1,1,2,0,0,DSL,0,0,0,0,0,0,Month-to-month,1,Mailed check,24.4,36.55,1,18.27,0,0.54760575,Medium
2612-RANWT,1,0,0,0,4,1,0,No,0,0,0,0,0,0,Month-to-month,0,Bank transfer (automatic),20.95,85.5,1,21.38,0,0.3201806,Medium
6900-PXRMS,1,1,1,0,1,1,0,DSL,1,0,0,0,0,0,Month-to-month,1,Electronic check,49.55,49.55,1,49.55,1,0.85218835,High
3346-BRMIS,0,0,0,0,9,1,0,No,0,0,0,0,0,0,Month-to-month,0,Mailed check,20.25,178.5,1,19.83,0,0.21688291,Low
2933-FILNV,1,1,1,0,2,1,0,DSL,0,1,0,0,0,0,Month-to-month,0,Credit card (automatic),50.15,115.1,1,57.55,1,0.7222912,High
9986-BONCE,0,1,1,0,29,1,1,Fiber optic,0,1,1,0,0,1,Month-to-month,1,Electronic check,95.9,2745.2,1,94.66,3,0.8030121,High
2722-JMONI,1,1,0,0,1,0,0,DSL,0,0,0,0,0,0,Month-to-month,0,Electronic check,25.25,25.25,1,25.25,0,0.84335154,High
4083-EUGRJ,1,0,0,0,9,1,0,DSL,0,0,0,0,0,0,Month-to-month,0,Electronic check,45.15,416.45,1,46.27,0,0.53109574,Medium
7579-OOPEC,1,0,1,0,50,1,1,Fiber optic,0,0,0,0,1,0,Month-to-month,1,Bank transfer (automatic),84.4,4116.15,1,82.32,1,0.6223431,High
1771-OADNZ,1,0,0,0,1,1,1,Fiber optic,0,0,0,0,0,0,Month-to-month,1,Electronic check,75.1,75.1,1,75.1,0,0.93352115,High
0612-RTZZA,1,0,1,0,54,1,1,DSL,0,0,0,0,1,1,One year,1,Credit card (automatic),70.15,3715.65,1,68.81,2,0.31667402,Medium
6410-LEFEN,0,0,0,0,42,1,1,Fiber optic,0,1,0,0,1,1,Month-to-month,1,Electronic check,101.75,4273.45,1,101.75,3,0.8119555,High
3194-ORPIK,1,0,0,0,1,1,0,DSL,0,0,0,0,0,0,Month-to-month,0,Electronic check,45.8,45.8,1,45.8,0,0.80663604,High
8816-VXNZD,0,0,0,0,1,1,0,No,0,0,0,0,0,0,Month-to-month,1,Mailed check,20.1,20.1,1,20.1,0,0.6804019,High
9378-FXTIZ,0,0,1,0,9,0,0,DSL,0,0,0,1,1,0,Month-to-month,0,Mailed check,40.65,328.95,1,36.55,2,0.5732272,Medium
1723-HKXJQ,0,1,1,0,46,1,1,Fiber optic,0,0,1,0,1,1,Month-to-month,1,Electronic check,101.0,4680.05,1,101.74,3,0.85197604,High
7825-GKXMW,0,0,0,0,1,1,0,Fiber optic,0,0,0,0,0,0,Month-to-month,1,Electronic check,69.1,69.1,1,69.1,0,0.9221682,High
1240-KNSEZ,1,0,0,0,13,1,1,Fiber optic,0,0,0,0,0,0,Month-to-month,1,Mailed check,75.0,999.45,1,76.88,0,0.76787484,High
0836-SEYLU,0,0,1,0,19,1,0,Fiber optic,0,1,0,1,1,1,One year,0,Bank transfer (automatic),100.0,1888.65,1,99.4,4,0.48460934,Medium
4433-JCGCG,1,1,0,0,1,1,0,Fiber optic,0,0,0,0,0,0,Month-to-month,1,Electronic check,71.15,71.15,1,71.15,0,0.9273039,High
3716-BDVDB,1,0,0,0,24,0,0,DSL,0,1,1,0,1,1,Month-to-month,1,Credit card (automatic),54.15,1240.25,1,51.68,4,0.5036152,Medium
5899-MQZZL,1,0,1,0,67,1,1,Fiber optic,1,0,1,1,1,1,Two year,1,Credit card (automatic),108.75,7156.2,1,106.81,5,0.38104326,Medium
6849-OYAMU,1,0,1,0,6,1,0,DSL,0,0,0,1,0,0,Month-to-month,1,Electronic check,49.15,270.8,1,45.13,1,0.67420375,High
9488-HGMJH,0,0,0,1,20,1,0,No,0,0,0,0,0,0,Month-to-month,1,Electronic check,19.4,374.5,1,18.73,0,0.17216057,Low
6038-GCYEC,1,1,0,0,20,1,1,Fiber optic,1,0,0,0,0,0,Month-to-month,1,Electronic check,79.15,1520.9,1,76.04,1,0.72148305,High
1150-WFARN,0,1,1,0,46,1,0,Fiber optic,0,0,0,0,0,1,Month-to-month,1,Electronic check,80.4,3605.2,1,78.37,1,0.7124385,High
3144-AUDBS,1,0,1,0,11,1,1,Fiber optic,0,1,0,0,1,1,Month-to-month,1,Electronic check,102.0,1145.35,1,104.12,3,0.927452,High
5616-PRTNT,1,0,0,0,2,1,0,No,0,0,0,0,0,0,Month-to-month,0,Mailed check,20.65,38.7,1,19.35,0,0.42590708,Medium
4818-QIUFN,1,0,0,0,1,1,0,Fiber optic,0,0,0,0,0,0,Month-to-month,1,Mailed check,70.8,70.8,1,70.8,0,0.89567363,High
6961-VCPMC,0,0,0,0,16,1,1,Fiber optic,0,0,0,1,0,1,Month-to-month,1,Credit card (automatic),89.05,1448.6,1,90.54,2,0.72924465,High
6688-UZPWD,1,0,0,0,3,1,1,Fiber optic,0,0,0,0,1,1,Month-to-month,1,Electronic check,96.6,291.9,1,97.3,2,0.9322686,High
2839-RFSQE,1,0,1,0,57,1,1,Fiber optic,0,1,1,0,1,1,Month-to-month,1,Credit card (automatic),104.5,5921.35,1,103.88,4,0.7075043,High
0968-GSIKN,1,0,0,0,5,1,1,DSL,0,0,0,0,0,0,Month-to-month,1,Mailed check,50.6,249.95,1,49.99,0,0.6471491,High
1965-DDBWU,0,0,0,1,4,1,0,DSL,1,0,0,0,0,0,Month-to-month,0,Electronic check,49.35,219.65,1,54.91,1,0.48355478,Medium
9057-SIHCH,0,0,0,0,7,1,0,Fiber optic,0,1,0,0,1,1,Month-to-month,1,Electronic check,94.25,669.0,1,95.57,3,0.87481356,High
6771-XWBDM,1,0,1,0,1,1,0,Fiber optic,0,0,0,0,0,0,Month-to-month,1,Electronic check,68.95,68.95,1,68.95,0,0.92864835,High
8601-QACRS,0,1,0,0,2,1,1,Fiber optic,0,0,0,0,1,1,Month-to-month,1,Electronic check,93.85,196.75,1,98.38,2,0.9393333,High
2391-SOORI,0,0,0,0,4,1,1,Fiber optic,0,0,0,0,0,0,Month-to-month,1,Electronic check,76.05,318.9,1,79.72,0,0.87792283,High
2645-QTLMB,0,0,0,0,1,0,0,DSL,0,0,0,0,0,0,Month-to-month,1,Mailed check,24.45,24.45,1,24.45,0,0.8175243,High
4806-HIPDW,0,0,0,0,7,1,1,Fiber optic,0,0,1,0,1,0,Month-to-month,1,Credit card (automatic),89.35,631.85,1,90.26,2,0.84997165,High
4424-TKOPW,0,0,1,0,4,1,0,Fiber optic,0,0,0,0,1,0,Month-to-month,1,Electronic check,80.35,307.4,1,76.85,1,0.887478,High
8443-ZRDBZ,1,1,0,0,1,1,0,DSL,1,0,1,0,0,0,Month-to-month,1,Electronic check,55.8,55.8,1,55.8,2,0.8239461,High
9136-ALYBR,0,0,0,0,1,1,0,Fiber optic,0,0,0,0,1,0,Month-to-month,1,Electronic check,79.05,79.05,1,79.05,1,0.9320085,High
7479-NITWS,0,0,1,0,1,1,0,Fiber optic,1,0,0,0,1,1,Month-to-month,1,Electronic check,95.0,95.0,1,95.0,3,0.92599297,High
2959-MJHIC,1,0,0,0,1,0,0,DSL,0,0,0,0,0,0,Month-to-month,0,Mailed check,25.2,25.2,1,25.2,0,0.7709589,High
4201-JMNGR,0,1,0,0,41,1,1,Fiber optic,0,0,1,0,1,1,Month-to-month,1,Electronic check,98.4,4187.75,1,102.14,3,0.8267387,High
5960-WPXQM,0,1,1,0,66,1,1,DSL,1,1,1,1,1,0,Two year,0,Credit card (automatic),79.4,5154.6,1,78.1,5,0.063942485,Low
0684-AOSIH,0,1,0,0,35,1,1,Fiber optic,0,0,1,0,1,1,Month-to-month,1,Electronic check,101.4,3496.3,1,99.89,3,0.7912688,High
8260-NGFNY,0,1,1,0,10,1,1,Fiber optic,0,0,1,0,0,1,Month-to-month,1,Electronic check,89.8,914.3,1,91.43,2,0.89708847,High
1866-RZZQS,0,0,1,0,54,1,0,Fiber optic,1,1,1,1,1,1,Two year,0,Bank transfer (automatic),109.75,6110.2,1,113.15,6,0.37756896,Medium
8631-NBHFZ,0,0,0,0,2,1,0,No,0,0,0,0,0,0,One year,0,Credit card (automatic),19.3,28.3,1,14.15,0,0.1759673,Low
4958-XCBDQ,1,1,0,0,26,1,0,Fiber optic,0,0,0,0,1,1,Month-to-month,1,Electronic check,91.25,2351.8,1,90.45,2,0.7774386,High
8337-UPOAQ,1,0,0,0,15,1,1,DSL,0,0,0,0,0,0,Month-to-month,1,Electronic check,49.1,679.55,1,45.3,0,0.6566706,High
1725-IQNIY,1,0,0,0,31,1,1,DSL,1,0,1,1,0,0,Month-to-month,0,Credit card (automatic),65.25,1994.3,1,64.33,3,0.21338858,Low
6598-RFFVI,1,1,0,0,18,1,1,Fiber optic,0,1,0,1,0,0,Month-to-month,1,Electronic check,85.45,1505.85,1,83.66,2,0.71702313,High
6712-OAWRH,0,0,1,0,61,1,1,Fiber optic,0,1,0,1,1,0,Two year,1,Electronic check,94.1,5638.3,1,92.43,3,0.20237467,Low
8614-VGMMV,0,1,0,0,1,1,0,Fiber optic,0,0,0,0,0,0,Month-to-month,1,Electronic check,71.65,71.65,1,71.65,0,0.9251254,High
2930-UOTMB,0,0,1,0,24,1,1,Fiber optic,0,1,1,0,1,1,Month-to-month,1,Electronic check,104.65,2542.45,1,105.94,4,0.88291806,High
5914-DVBWJ,1,0,0,0,3,1,1,Fiber optic,0,0,0,0,0,0,Month-to-month,1,Electronic check,74.25,210.3,1,70.1,0,0.8896308,High
2533-QVMSK,1,1,0,0,1,1,1,Fiber optic,0,0,0,0,0,0,Month-to-month,1,Electronic check,74.2,74.2,1,74.2,0,0.93862784,High
8644-XLFBW,0,1,1,0,43,1,1,Fiber optic,0,1,0,0,1,1,Month-to-month,1,Electronic check,101.0,4388.4,1,102.06,3,0.85130095,High
8625-AZYZY,0,0,1,0,4,1,1,Fiber optic,0,1,0,0,1,1,Month-to-month,1,Electronic check,100.2,420.2,1,105.05,3,0.9447765,High
9306-CPCBC,0,1,1,0,25,1,1,Fiber optic,1,0,0,0,0,1,One year,1,Electronic check,89.05,2177.45,1,87.1,2,0.56858796,Medium
1833-VGRUM,1,0,1,0,57,1,0,DSL,1,0,0,0,1,1,One year,1,Bank transfer (automatic),70.1,3913.3,1,68.65,3,0.24530567,Low
8374-XGEJJ,1,0,0,0,4,1,0,Fiber optic,0,1,1,1,1,1,One year,1,Electronic check,105.65,443.9,1,110.98,5,0.80970997,High
2656-TABEH,0,1,1,0,36,1,1,Fiber optic,0,1,0,0,1,1,Month-to-month,1,Electronic check,96.5,3436.1,1,95.45,3,0.8105172,High
6946-LMSQS,0,1,1,0,1,1,0,Fiber optic,0,0,0,0,0,0,Month-to-month,0,Mailed check,70.85,70.85,1,70.85,0,0.8801111,High
2325-ZUSFD,1,0,0,0,35,1,1,DSL,1,0,1,1,1,1,One year,1,Credit card (automatic),85.95,3110.1,1,88.86,5,0.23178165,Low
3932-CMDTD,0,0,0,0,4,1,0,Fiber optic,0,0,1,0,0,0,Month-to-month,1,Electronic check,73.9,280.85,1,70.21,1,0.866084,High
4039-HEUNW,1,0,1,0,58,1,1,Fiber optic,1,1,1,0,1,1,Two year,1,Bank transfer (automatic),109.45,6144.55,1,105.94,5,0.44502655,Medium
0812-WUPTB,1,0,0,0,30,1,1,Fiber optic,0,1,0,0,1,1,Month-to-month,1,Electronic check,100.2,2983.8,1,99.46,3,0.8136612,High
3594-UVONA,1,0,1,0,21,1,0,Fiber optic,0,1,0,0,0,0,Month-to-month,1,Bank transfer (automatic),74.05,1565.7,1,74.56,1,0.62863725,High
0004-TLHLJ,0,0,0,0,3,1,1,Fiber optic,0,0,1,0,1,1,Month-to-month,1,Bank transfer (automatic),101.55,298.35,1,99.45,3,0.91278267,High
5089-IFSDP,0,1,1,0,41,1,1,Fiber optic,0,1,1,1,1,1,One year,1,Electronic check,111.95,4534.9,1,110.61,5,0.7016409,High
4817-VYYWS,1,0,1,0,21,0,0,DSL,1,0,1,0,1,1,One year,1,Electronic check,55.95,1157.05,1,55.1,4,0.4795698,Medium
1396-QWFBJ,0,0,0,0,1,1,0,DSL,0,0,0,0,0,0,Month-to-month,0,Electronic check,45.75,45.75,1,45.75,0,0.80946743,High
5299-SJCZT,0,0,0,0,11,1,0,Fiber optic,0,1,0,0,0,0,Month-to-month,0,Electronic check,74.95,815.5,1,74.14,1,0.71552974,High
2403-BCASL,1,0,0,0,1,1,0,Fiber optic,0,0,0,0,0,1,Month-to-month,0,Credit card (automatic),80.15,80.15,1,80.15,1,0.86160004,High
2898-LSJGD,1,0,1,0,72,1,1,Fiber optic,0,1,1,1,1,1,One year,1,Electronic check,109.25,8109.8,1,112.64,5,0.45676252,Medium
7359-PTSXY,1,0,0,0,3,0,0,DSL,0,0,0,0,1,0,Month-to-month,0,Credit card (automatic),35.2,108.95,1,36.32,1,0.7511421,High
4503-BDXBD,1,0,1,0,1,1,0,Fiber optic,0,0,0,0,1,0,Month-to-month,0,Electronic check,78.8,78.8,1,78.8,1,0.9179265,High
6086-ESGRL,1,0,0,0,47,1,1,Fiber optic,0,1,1,0,1,1,Month-to-month,1,Electronic check,106.4,5127.95,1,109.11,4,0.8049996,High
3886-CERTZ,0,0,0,0,18,1,0,DSL,1,0,0,0,0,0,Month-to-month,0,Electronic check,49.4,874.8,1,48.6,1,0.41671607,Medium
5759-RCVCB,0,1,0,0,1,1,0,Fiber optic,0,0,0,0,0,0,Month-to-month,0,Electronic check,69.1,69.1,1,69.1,0,0.8954238,High
6372-RFVNS,0,0,1,0,20,1,0,Fiber optic,0,0,0,0,1,1,Month-to-month,1,Electronic check,90.2,1776.55,1,88.83,2,0.7968308,High
8938-UMKPI,1,0,0,0,6,1,1,Fiber optic,0,0,0,0,1,1,Month-to-month,1,Bank transfer (automatic),93.55,536.4,1,89.4,2,0.8678567,High
0991-BRRFB,0,0,0,0,1,1,0,Fiber optic,0,0,0,0,0,1,Month-to-month,1,Mailed check,80.85,80.85,1,80.85,1,0.8990249,High
3871-IKPYH,1,0,1,0,48,1,1,Fiber optic,0,0,0,0,0,1,One year,1,Mailed check,82.05,4029.95,1,83.96,1,0.42153212,Medium
6319-IEJWJ,0,0,1,0,3,1,0,No,0,0,0,0,0,0,Month-to-month,1,Credit card (automatic),20.55,51.15,1,17.05,0,0.31944513,Medium
9025-AOMKI,1,1,0,0,2,1,1,Fiber optic,0,0,1,0,0,0,Month-to-month,1,Electronic check,78.55,149.55,1,74.78,1,0.9183786,High
5275-SQEIZ,1,0,0,0,1,1,0,Fiber optic,0,0,0,0,0,1,Month-to-month,0,Electronic check,78.65,78.65,1,78.65,1,0.89419776,High
7716-YTYHG,0,0,0,0,1,1,0,DSL,0,0,0,0,0,0,Month-to-month,1,Electronic check,42.9,42.9,1,42.9,0,0.86163175,High
4390-KYULV,1,0,0,0,3,0,0,DSL,1,0,0,1,0,0,Month-to-month,0,Mailed check,34.25,139.35,1,46.45,2,0.57552373,Medium
1304-NECVQ,1,0,0,0,9,0,0,DSL,1,0,1,1,1,1,Month-to-month,0,Mailed check,58.5,539.85,1,59.98,5,0.4419157,Medium
8945-GRKHX,0,1,0,0,49,1,1,Fiber optic,0,0,0,0,1,1,Month-to-month,1,Electronic check,96.2,4718.25,1,96.29,2,0.81274194,High
6959-UWKHF,1,1,0,0,6,1,0,Fiber optic,0,0,1,0,0,0,Month-to-month,0,Electronic check,74.4,434.1,1,72.35,1,0.7782743,High
3815-SLMEF,1,0,1,0,6,1,1,Fiber optic,0,1,1,0,1,1,Month-to-month,1,Electronic check,105.3,545.2,1,90.87,4,0.9189541,High
5154-VEKBL,0,0,1,0,16,1,1,Fiber optic,0,0,0,0,0,0,Month-to-month,1,Bank transfer (automatic),73.85,1284.2,1,80.26,0,0.7900554,High
5655-JSMZM,1,1,1,0,7,1,1,Fiber optic,0,0,0,0,0,1,Month-to-month,1,Electronic check,84.55,646.85,1,92.41,1,0.90811425,High
4505-EXZHB,1,0,0,0,25,1,1,No,0,0,0,0,0,0,Two year,0,Credit card (automatic),24.75,692.1,1,27.68,0,0.061283577,Low
4587-VVTOX,1,1,0,0,20,1,1,Fiber optic,0,0,0,0,0,1,Month-to-month,1,Credit card (automatic),85.8,1727.5,1,86.38,1,0.7082855,High
4652-NNHNY,1,0,0,0,4,0,0,DSL,0,0,0,0,0,0,Month-to-month,1,Electronic check,24.45,86.6,1,21.65,0,0.79338074,High
8972-HJWNV,0,0,0,0,28,1,1,Fiber optic,0,1,1,0,1,1,Month-to-month,1,Electronic check,105.7,2979.5,1,106.41,4,0.8422021,High
8515-OCTJS,0,0,0,0,1,0,0,DSL,0,0,0,0,0,0,Month-to-month,1,Electronic check,24.25,24.25,1,24.25,0,0.86847925,High
2860-RANUS,1,0,0,0,11,1,1,Fiber optic,0,0,0,0,0,0,Month-to-month,1,Electronic check,76.5,837.95,1,76.18,0,0.8439465,High
5261-QSHQM,1,0,0,0,4,1,1,Fiber optic,0,1,0,1,0,1,Month-to-month,1,Electronic check,93.5,362.2,1,90.55,3,0.83826536,High
8868-WOZGU,1,1,1,0,54,1,1,Fiber optic,0,1,0,0,1,1,One year,1,Credit card (automatic),101.5,5373.1,1,99.5,3,0.5774781,Medium
1334-FJSVR,0,0,0,0,28,1,0,Fiber optic,1,0,0,0,0,0,Month-to-month,1,Bank transfer (automatic),74.9,2068.55,1,73.88,1,0.5109826,Medium
7625-XCQRH,1,1,0,0,2,1,0,Fiber optic,0,0,0,0,0,0,Month-to-month,1,Electronic check,69.6,131.65,1,65.82,0,0.88852406,High
1731-TVIUK,0,0,0,0,1,1,1,No,0,0,0,0,0,0,Month-to-month,1,Mailed check,24.05,24.05,1,24.05,0,0.6724108,High
0406-BPDVR,1,0,0,0,1,1,0,DSL,0,1,0,0,0,0,Month-to-month,0,Electronic check,50.55,50.55,1,50.55,1,0.7685145,High
0618-XWMSS,0,0,0,0,14,1,1,Fiber optic,0,1,0,0,1,1,Month-to-month,1,Electronic check,100.55,1415.55,1,101.11,3,0.89241534,High
5276-KQWHG,1,0,1,1,1,1,0,No,0,0,0,0,0,0,Month-to-month,1,Mailed check,20.5,20.5,1,20.5,0,0.44998762,Medium
2565-JSLRY,0,0,0,0,4,1,0,Fiber optic,0,0,1,0,0,0,Month-to-month,1,Bank transfer (automatic),74.8,321.9,1,80.47,1,0.8045726,High
6689-KXGBO,1,0,1,0,20,0,0,DSL,0,0,0,0,0,0,Month-to-month,1,Electronic check,24.45,482.8,1,24.14,0,0.6368765,High
6615-NGGZJ,1,0,0,0,14,1,0,Fiber optic,0,0,0,0,0,0,Month-to-month,1,Credit card (automatic),71.0,914.0,1,65.29,0,0.7242709,High
4255-DDUOU,1,1,0,0,30,0,0,DSL,0,0,1,0,1,0,Month-to-month,1,Electronic check,40.3,1172.95,1,39.1,2,0.6788013,High
2984-MIIZL,1,0,0,0,3,0,0,DSL,0,1,0,0,1,1,Month-to-month,1,Electronic check,50.6,155.35,1,51.78,3,0.8346709,High
5590-YRFJT,1,0,1,0,40,1,1,Fiber optic,0,0,1,1,0,0,Month-to-month,1,Electronic check,84.85,3303.05,1,82.58,2,0.74555147,High
3677-TNKIO,1,0,1,1,2,1,0,DSL,0,0,0,0,1,1,Month-to-month,0,Mailed check,65.7,134.35,1,67.18,2,0.5295721,Medium
9667-EQRXU,1,0,0,0,1,1,0,Fiber optic,0,0,0,0,0,0,Month-to-month,0,Electronic check,70.5,70.5,1,70.5,0,0.88848096,High
3329-WDIOK,1,0,0,0,10,1,1,Fiber optic,0,1,1,0,0,1,Month-to-month,1,Electronic check,94.85,953.45,1,95.34,3,0.8648403,High
2873-ZLIWT,0,0,0,0,1,1,0,No,0,0,0,0,0,0,Month-to-month,0,Mailed check,19.75,19.75,1,19.75,0,0.63696635,High
3415-TAILE,0,0,1,1,14,1,0,DSL,1,1,0,0,1,0,Month-to-month,1,Electronic check,65.45,937.6,1,66.97,3,0.23573501,Low
1915-IOFGU,0,1,1,0,58,1,1,Fiber optic,0,0,1,0,1,1,Month-to-month,1,Electronic check,98.7,5812.6,1,100.22,3,0.79396486,High
3045-XETSH,0,0,1,0,22,1,0,DSL,1,0,1,1,1,0,One year,1,Bank transfer (automatic),67.5,1544.05,1,70.18,4,0.1735889,Low
7239-HZZCX,1,0,0,0,1,1,0,Fiber optic,0,0,0,0,0,0,Month-to-month,1,Electronic check,69.6,69.6,1,69.6,0,0.9234171,High
7683-CBDKJ,0,0,1,0,49,1,1,DSL,1,0,1,1,1,1,One year,0,Electronic check,84.35,4059.35,1,82.84,5,0.27598235,Low
0946-CLJTI,1,1,1,0,68,1,1,Fiber optic,0,1,0,0,1,1,Month-to-month,1,Electronic check,100.2,6851.65,1,100.76,3,0.72563416,High
0628-CNQRM,1,0,0,0,1,1,0,Fiber optic,0,0,0,0,1,0,Month-to-month,0,Electronic check,78.05,78.05,1,78.05,1,0.9017286,High
7665-TOALD,0,0,0,0,7,1,1,Fiber optic,0,0,0,0,0,0,Month-to-month,0,Electronic check,73.6,520.0,1,74.29,0,0.77828825,High
0112-QWPNC,1,0,0,0,9,1,1,Fiber optic,0,0,0,0,0,0,Month-to-month,1,Electronic check,74.75,706.6,1,78.51,0,0.84348917,High
0324-BRPCJ,1,1,1,0,24,1,1,Fiber optic,0,0,0,0,1,1,Month-to-month,1,Electronic check,93.55,2264.05,1,94.34,2,0.8424879,High
2777-PHDEI,0,0,0,0,2,0,0,DSL,0,0,0,0,0,0,Month-to-month,1,Electronic check,25.05,56.35,1,28.18,0,0.831752,High
1196-AMORA,0,1,1,0,27,1,1,Fiber optic,0,1,1,0,0,1,Month-to-month,1,Electronic check,95.55,2510.2,1,92.97,3,0.7922381,High
4282-YMKNA,0,0,0,0,57,0,0,DSL,0,1,0,0,1,0,Month-to-month,1,Electronic check,39.3,2111.45,1,37.04,2,0.58426726,Medium
5356-RHIPP,1,0,0,0,1,1,0,No,0,0,0,0,0,0,Month-to-month,1,Mailed check,20.25,20.25,1,20.25,0,0.6656767,High
9189-JWSHV,1,0,0,0,13,0,0,DSL,0,0,0,0,0,0,Month-to-month,1,Electronic check,23.9,300.8,1,23.14,0,0.6467573,High
0746-JTRFU,1,0,0,0,1,1,0,Fiber optic,0,0,1,0,1,0,Month-to-month,1,Electronic check,85.45,85.45,1,85.45,2,0.9391077,High
0576-WNXXC,1,0,0,0,63,1,1,Fiber optic,0,1,0,0,1,1,One year,0,Bank transfer (automatic),99.9,6137.0,1,97.41,3,0.29804277,Low
4628-CTTLA,0,0,0,0,25,1,1,Fiber optic,0,0,0,0,0,1,Month-to-month,1,Electronic check,84.8,2043.45,1,81.74,1,0.7539417,High
2876-VBBBL,0,0,1,0,35,1,1,Fiber optic,0,0,0,0,0,0,Month-to-month,1,Electronic check,75.2,2576.2,1,73.61,0,0.7742687,High
6834-NXDCA,0,0,1,0,71,0,0,DSL,0,1,0,0,1,1,Two year,0,Electronic check,49.35,3515.25,1,49.51,3,0.09882657,Low
5597-GLBUC,0,0,0,0,6,1,1,Fiber optic,0,0,0,0,0,0,Month-to-month,1,Electronic check,74.9,469.8,1,78.3,0,0.8541781,High
2748-MYRVK,1,0,0,0,15,1,0,Fiber optic,0,1,1,0,1,1,Month-to-month,1,Electronic check,101.25,1457.25,1,97.15,4,0.8613839,High
4822-YCXMX,0,0,0,0,9,1,0,No,0,0,0,0,0,0,Month-to-month,1,Mailed check,18.95,185.6,1,20.62,0,0.30598944,Medium
9821-POOTN,1,0,0,0,37,0,0,DSL,0,0,0,1,0,0,Month-to-month,0,Credit card (automatic),28.6,973.55,1,26.31,1,0.33696842,Medium
6559-ILWKJ,1,1,0,0,2,0,0,DSL,0,0,0,0,0,0,Month-to-month,0,Electronic check,24.35,41.85,1,20.92,0,0.7753257,High
4229-CZMLL,1,1,0,0,29,1,1,Fiber optic,0,0,0,1,1,1,Month-to-month,0,Electronic check,98.65,2862.75,1,98.72,3,0.7175781,High
3663-MITLP,0,1,1,0,5,1,1,Fiber optic,0,0,1,0,0,0,Month-to-month,1,Bank transfer (automatic),79.9,343.95,1,68.79,1,0.8700471,High
9025-ZRPVR,1,1,0,0,28,1,1,Fiber optic,0,0,1,1,1,1,Month-to-month,1,Electronic check,103.3,2890.65,1,103.24,4,0.7954525,High
3285-UCQVC,1,0,1,0,11,1,1,Fiber optic,1,0,0,1,1,0,Month-to-month,1,Credit card (automatic),96.2,1222.05,1,111.1,3,0.8399055,High
5482-PLVPE,0,0,1,0,55,1,1,Fiber optic,0,0,1,1,1,1,One year,1,Electronic check,104.15,5743.05,1,104.42,4,0.69608283,High
4902-OHLSK,0,1,0,0,24,1,1,Fiber optic,0,1,1,0,1,1,Month-to-month,1,Credit card (automatic),102.95,2496.7,1,104.03,4,0.80471927,High
0495-ZBNGW,1,0,0,0,1,1,0,Fiber optic,0,0,0,0,1,1,Month-to-month,0,Electronic check,90.6,90.6,1,90.6,2,0.914692,High
2357-COQEK,1,0,0,0,6,1,0,DSL,0,0,0,1,0,0,Month-to-month,1,Bank transfer (automatic),50.8,288.05,1,48.01,1,0.5204353,Medium
3737-GCSPV,0,0,0,0,4,1,1,Fiber optic,0,1,0,0,0,1,Month-to-month,1,Electronic check,90.05,368.1,1,92.02,2,0.8904517,High
4088-YLDSU,1,0,1,0,3,1,1,Fiber optic,0,0,0,0,0,0,Month-to-month,1,Electronic check,75.85,256.6,1,85.53,0,0.90990704,High
2034-CGRHZ,0,0,1,0,1,1,0,Fiber optic,0,0,0,0,0,0,Month-to-month,1,Electronic check,68.5,68.5,1,68.5,0,0.9236912,High
5797-APWZC,0,0,0,0,11,1,0,Fiber optic,1,0,0,0,0,0,Month-to-month,1,Electronic check,73.5,791.75,1,71.98,1,0.7650168,High
3683-QKIUE,1,0,0,0,1,1,0,Fiber optic,0,0,0,0,0,0,Month-to-month,1,Mailed check,69.95,69.95,1,69.95,0,0.89294857,High
4228-ZGYUW,0,0,0,0,5,1,0,DSL,0,0,1,0,1,1,Month-to-month,1,Electronic check,70.05,346.4,1,69.28,3,0.78223526,High
3519-ZKXGG,0,0,0,0,8,1,1,Fiber optic,0,1,1,0,1,0,Month-to-month,1,Electronic check,94.0,773.65,1,96.71,3,0.8829147,High
6416-TVAIH,1,0,1,1,22,1,0,DSL,1,1,1,0,0,0,Month-to-month,0,Mailed check,61.15,1422.05,1,64.64,3,0.0903403,Low
5108-ADXWO,0,0,1,0,29,1,1,Fiber optic,1,1,0,0,0,0,Month-to-month,1,Electronic check,84.45,2467.1,1,85.07,2,0.71869373,High
3066-RRJIO,0,0,1,0,13,1,1,DSL,0,0,1,0,1,1,One year,1,Mailed check,75.3,989.45,1,76.11,3,0.4372907,Medium
6715-OFDBP,1,1,1,0,43,1,1,Fiber optic,1,0,1,1,1,1,One year,1,Mailed check,109.55,4830.25,1,112.33,5,0.5970507,Medium
1567-DSCIC,1,0,0,0,3,1,0,No,0,0,0,0,0,0,Month-to-month,1,Mailed check,19.6,59.75,1,19.92,0,0.42942378,Medium
2150-UWTFY,0,1,0,0,2,1,0,DSL,1,0,1,0,1,0,Month-to-month,0,Bank transfer (automatic),66.4,94.55,1,47.28,3,0.69882697,High
2683-BPJSO,0,1,1,0,66,1,1,Fiber optic,0,0,0,1,1,1,Month-to-month,1,Credit card (automatic),100.05,6871.9,1,104.12,3,0.68442625,High
2157-MXBJS,0,0,0,0,62,1,1,Fiber optic,1,1,0,1,0,1,One year,0,Electronic check,102.0,6529.25,1,105.31,4,0.42260492,Medium
9360-AHGNL,0,0,1,0,17,1,1,Fiber optic,1,1,1,0,0,0,Month-to-month,0,Credit card (automatic),90.2,1454.15,1,85.54,3,0.5897302,Medium
1087-UDSIH,0,0,1,0,56,1,1,No,0,0,0,0,0,0,Two year,1,Credit card (automatic),25.15,1327.15,1,23.7,0,0.050831463,Low
5485-WUYWF,1,0,0,0,31,1,1,Fiber optic,0,0,0,1,0,0,Month-to-month,1,Credit card (automatic),79.85,2404.15,1,77.55,1,0.588649,Medium
2632-UCGVD,1,0,0,0,2,1,0,DSL,0,1,0,0,0,0,Month-to-month,1,Mailed check,49.6,114.7,1,57.35,1,0.7413789,High
5445-PZWGX,1,1,1,0,66,1,1,Fiber optic,0,0,1,1,1,1,One year,1,Credit card (automatic),105.95,6975.25,1,105.69,4,0.57168,Medium
9170-CCKOU,0,0,0,0,3,1,1,Fiber optic,0,0,1,0,0,1,Month-to-month,0,Electronic check,91.85,257.05,1,85.68,2,0.84004986,High
1043-YCUTE,1,0,1,1,1,0,0,DSL,0,0,0,1,1,0,Month-to-month,0,Electronic check,40.1,40.1,1,40.1,2,0.7056116,High
3814-MLAXC,1,1,0,0,31,1,1,Fiber optic,0,0,0,0,0,0,Month-to-month,1,Electronic check,73.9,2217.15,1,71.52,0,0.7462037,High
1226-UDFZR,1,0,0,0,14,1,0,Fiber optic,0,0,0,0,1,1,Month-to-month,1,Mailed check,89.8,1129.1,1,80.65,2,0.7877791,High
6425-YQLLO,1,0,1,1,35,1,1,DSL,1,0,1,1,1,0,Month-to-month,0,Electronic check,72.25,2568.55,1,73.39,4,0.14606473,Low
5442-UTCVD,1,1,0,0,37,1,1,Fiber optic,0,0,0,0,1,1,Month-to-month,1,Electronic check,96.55,3580.3,1,96.76,2,0.80446696,High
7734-DBOAI,1,0,0,0,7,0,0,DSL,0,1,0,0,0,1,Month-to-month,1,Credit card (automatic),40.1,293.3,1,41.9,2,0.6482204,High
2091-RFFBA,0,1,0,0,24,1,1,Fiber optic,0,1,0,0,1,1,Month-to-month,1,Electronic check,101.25,2440.15,1,101.67,3,0.8546004,High
2114-MGINA,1,0,0,0,1,1,0,Fiber optic,0,0,0,0,1,0,Month-to-month,0,Electronic check,79.55,79.55,1,79.55,1,0.9017286,High
4489-SNOJF,1,0,0,0,32,1,1,Fiber optic,0,0,0,0,1,0,One year,0,Electronic check,84.05,2781.85,1,86.93,1,0.37919727,Medium
6899-PPEEA,0,0,0,0,1,1,0,Fiber optic,0,0,0,0,1,1,Month-to-month,1,Electronic check,89.1,89.1,1,89.1,2,0.94282424,High
2187-LZGPL,1,0,1,0,17,1,1,Fiber optic,1,0,1,0,1,0,Month-to-month,0,Electronic check,94.4,1607.2,1,94.54,3,0.7668962,High
4597-NUCQV,0,0,0,0,19,1,0,Fiber optic,0,1,1,0,0,0,Month-to-month,1,Electronic check,78.25,1490.95,1,78.47,2,0.70058995,High
9019-QVLZD,0,1,0,0,2,1,0,DSL,0,0,0,0,0,0,Month-to-month,1,Electronic check,44.15,92.65,1,46.32,0,0.8433893,High
3707-LRWZD,1,1,0,0,8,1,1,Fiber optic,0,0,0,0,0,0,Month-to-month,1,Electronic check,75.75,606.25,1,75.78,0,0.85644376,High
1455-ESIQH,1,0,0,0,1,1,0,No,0,0,0,0,0,0,Month-to-month,1,Mailed check,19.1,19.1,1,19.1,0,0.6409556,High
2979-SXESE,0,1,1,0,1,1,1,Fiber optic,1,0,0,0,0,0,Month-to-month,1,Electronic check,80.3,80.3,1,80.3,1,0.91304356,High
4013-TLDHQ,1,0,0,0,1,1,0,Fiber optic,0,0,1,0,0,0,Month-to-month,1,Electronic check,74.9,74.9,1,74.9,1,0.9267505,High
3754-DXMRT,1,1,0,0,9,1,0,Fiber optic,0,0,0,0,1,0,Month-to-month,1,Electronic check,80.85,751.65,1,83.52,1,0.86442035,High
7130-VTEWQ,0,0,0,0,3,0,0,DSL,0,0,0,0,0,0,Month-to-month,0,Electronic check,24.75,66.95,1,22.32,0,0.72974825,High
6121-VZNQB,1,1,0,0,49,1,1,Fiber optic,0,0,1,0,0,1,Month-to-month,1,Credit card (automatic),90.85,4515.85,1,92.16,2,0.6383439,High
7903-CMPEY,1,0,1,0,2,1,0,Fiber optic,0,1,1,0,0,0,Month-to-month,0,Bank transfer (automatic),79.7,165.0,1,82.5,2,0.82121664,High
6996-KNSML,0,0,1,0,55,1,0,DSL,1,1,0,1,0,0,Two year,0,Bank transfer (automatic),57.55,3046.4,1,55.39,3,0.07503043,Low
1704-NRWYE,1,0,1,0,21,1,1,Fiber optic,0,0,0,0,0,1,Month-to-month,1,Electronic check,86.5,1808.7,1,86.13,1,0.80108845,High
2592-SEIFQ,1,0,1,0,69,1,1,Fiber optic,0,1,1,0,1,1,Month-to-month,1,Electronic check,103.95,7446.9,1,107.93,4,0.75105864,High
7481-ATQQS,0,1,0,0,1,0,0,DSL,0,0,0,0,0,0,Month-to-month,1,Electronic check,25.1,25.1,1,25.1,0,0.88543576,High
8642-GVWRF,0,0,0,0,39,0,0,DSL,1,1,0,1,1,0,Month-to-month,1,Credit card (automatic),48.95,1880.85,1,48.23,4,0.36692473,Medium
3400-ESFUW,0,0,1,0,6,1,0,Fiber optic,0,1,0,0,0,1,Month-to-month,1,Credit card (automatic),83.55,477.55,1,79.59,2,0.77788454,High
2057-ZBLPD,1,1,0,0,17,1,0,Fiber optic,0,1,1,0,1,0,Month-to-month,1,Electronic check,89.15,1496.9,1,88.05,3,0.7899517,High
5502-RLUYV,0,0,0,0,1,1,0,Fiber optic,0,0,0,0,0,0,Month-to-month,1,Mailed check,70.45,70.45,1,70.45,0,0.89248085,High
0023-HGHWL,0,0,1,0,58,1,0,DSL,1,1,1,0,0,0,One year,0,Credit card (automatic),60.3,3563.8,1,61.44,3,0.12607297,Low
9039-RBEEE,0,0,0,1,1,0,0,DSL,0,0,0,0,0,0,Month-to-month,0,Electronic check,24.75,24.75,1,24.75,0,0.66125673,High
8417-FMLZI,0,0,1,0,19,1,1,Fiber optic,0,0,1,1,1,1,Month-to-month,0,Electronic check,103.3,2012.7,1,105.93,4,0.82204545,High
1792-UXAFY,0,0,0,0,3,1,0,Fiber optic,0,0,0,0,1,0,Month-to-month,1,Electronic check,78.5,242.05,1,80.68,1,0.87725097,High
0515-YPMCW,1,0,0,0,3,1,0,No,0,0,0,0,0,0,Month-to-month,0,Mailed check,19.85,63.75,1,21.25,0,0.3437903,Medium
0378-XSZPU,0,1,0,0,3,1,0,Fiber optic,0,0,0,0,1,0,Month-to-month,1,Electronic check,79.9,260.9,1,86.97,1,0.89254737,High
4729-XKASR,1,1,0,0,30,1,1,Fiber optic,0,1,0,0,1,1,Month-to-month,1,Electronic check,99.7,2967.35,1,98.91,3,0.82210505,High
5449-FIBXJ,0,0,0,0,15,1,1,DSL,0,1,0,1,0,0,Month-to-month,1,Credit card (automatic),58.6,939.7,1,62.65,2,0.4857558,Medium
9837-BMCLM,0,0,1,0,10,1,1,Fiber optic,0,0,1,0,1,1,Month-to-month,1,Electronic check,98.5,1037.75,1,103.78,3,0.93781984,High
0137-UDEUO,1,0,0,0,1,1,0,DSL,0,0,1,0,0,0,Month-to-month,1,Mailed check,50.45,50.45,1,50.45,1,0.8058348,High
6161-UUUTA,0,0,1,0,38,1,1,Fiber optic,0,1,1,0,1,0,Month-to-month,1,Electronic check,94.65,3624.3,1,95.38,3,0.7517461,High
6543-XRMYR,1,0,0,0,1,1,1,Fiber optic,0,1,0,0,1,1,Month-to-month,1,Credit card (automatic),100.25,100.25,1,100.25,3,0.9412771,High
4925-LMHOK,1,0,0,0,16,1,1,Fiber optic,0,0,1,0,0,1,Month-to-month,1,Electronic check,88.45,1422.1,1,88.88,2,0.8363388,High
1455-UGQVH,0,0,0,0,1,1,0,Fiber optic,0,0,0,0,0,0,Month-to-month,1,Electronic check,69.85,69.85,1,69.85,0,0.9221682,High
8280-MQRQN,0,0,0,0,12,1,0,Fiber optic,1,0,1,0,0,0,Month-to-month,0,Bank transfer (automatic),81.7,858.6,1,71.55,2,0.59893113,Medium
2037-SGXHH,0,0,0,0,4,1,0,Fiber optic,0,0,0,0,0,1,Month-to-month,1,Electronic check,79.9,324.3,1,81.08,1,0.86964774,High
3178-FESZO,1,0,0,0,15,1,1,No,0,0,0,0,0,0,Month-to-month,1,Credit card (automatic),25.4,399.6,1,26.64,0,0.3491738,Medium
6087-MVHJH,0,1,1,0,41,1,1,Fiber optic,1,0,1,0,0,0,Month-to-month,1,Bank transfer (automatic),83.75,3273.55,1,79.84,2,0.6581954,High
4603-JANFB,1,0,1,0,1,1,0,Fiber optic,0,0,0,0,0,0,Month-to-month,1,Mailed check,69.4,69.4,1,69.4,0,0.9032514,High
3018-TFTSU,1,0,0,0,7,1,1,Fiber optic,0,0,0,0,0,0,Month-to-month,1,Electronic check,74.9,541.15,1,77.31,0,0.85041714,High
4806-KEXQR,1,1,1,0,42,1,0,Fiber optic,1,0,0,0,0,0,Month-to-month,1,Credit card (automatic),74.15,3229.4,1,76.89,1,0.6252775,High
7083-YNSKY,1,0,0,0,1,1,0,Fiber optic,0,0,0,0,0,0,Month-to-month,1,Electronic check,70.1,70.1,1,70.1,0,0.9296991,High
2479-BRAMR,1,0,0,0,12,1,1,Fiber optic,1,0,0,0,0,0,Month-to-month,1,Electronic check,78.3,909.25,1,75.77,1,0.78930014,High
7434-SHXLS,0,0,0,0,55,1,1,Fiber optic,0,0,0,0,1,1,Month-to-month,1,Electronic check,96.8,5283.95,1,96.07,2,0.76548195,High
7908-QCBCA,1,0,0,0,17,1,1,Fiber optic,1,1,0,0,1,0,Month-to-month,1,Electronic check,94.4,1617.5,1,95.15,3,0.7789487,High
6711-FLDFB,1,0,0,0,1,1,0,Fiber optic,0,1,0,0,1,0,Month-to-month,0,Electronic check,84.3,84.3,1,84.3,2,0.8954376,High
3714-JTVOV,1,1,1,0,72,1,1,DSL,1,1,1,1,1,1,Two year,0,Credit card (automatic),92.45,6440.25,1,89.45,6,0.045398556,Low
4702-IOQDC,1,1,1,0,11,1,1,Fiber optic,0,0,1,0,1,1,Month-to-month,1,Electronic check,99.55,1131.2,1,102.84,3,0.9387543,High
6178-KFNHS,0,1,0,0,8,1,1,Fiber optic,0,0,1,0,0,0,Month-to-month,1,Electronic check,81.25,585.95,1,73.24,1,0.8577958,High
1264-BYWMS,0,0,1,1,1,1,0,No,0,0,0,0,0,0,Month-to-month,0,Bank transfer (automatic),19.95,19.95,1,19.95,0,0.48257783,Medium
9658-WYUFB,0,0,1,0,23,1,1,Fiber optic,1,1,1,0,1,0,Month-to-month,1,Electronic check,99.25,2186.4,1,95.06,4,0.80101246,High
2013-SGDXK,1,0,0,0,39,1,0,Fiber optic,0,0,1,1,0,0,Two year,1,Electronic check,80.45,3201.55,1,82.09,2,0.260664,Low
8580-QVLOC,0,0,1,0,9,1,1,Fiber optic,0,0,1,0,0,0,Month-to-month,1,Bank transfer (automatic),79.35,661.25,1,73.47,1,0.82331115,High
2012-NWRPA,1,0,0,0,15,1,1,Fiber optic,0,1,0,0,0,0,Month-to-month,1,Electronic check,79.75,1111.85,1,74.12,1,0.83135694,High
8808-ELEHO,1,0,1,0,30,1,1,Fiber optic,0,0,1,0,1,1,Month-to-month,1,Electronic check,100.05,3046.15,1,101.54,3,0.8650078,High
3506-LCJDC,0,0,0,0,1,1,0,Fiber optic,0,0,0,0,0,0,Month-to-month,1,Electronic check,69.35,69.35,1,69.35,0,0.9221682,High
3934-HXCFZ,1,0,0,0,3,1,0,Fiber optic,0,0,0,1,0,1,Month-to-month,0,Electronic check,85.8,272.2,1,90.73,2,0.79370636,High
7666-WKRON,0,0,1,0,67,1,1,DSL,1,0,1,0,1,1,Two year,1,Electronic check,79.7,5293.4,1,79.01,4,0.13407184,Low
4910-AQFFX,1,1,0,0,1,1,1,DSL,0,0,0,0,0,0,Month-to-month,0,Mailed check,50.55,50.55,1,50.55,0,0.7823799,High
2154-KVJFF,0,0,1,0,1,1,0,Fiber optic,0,0,0,0,1,0,Month-to-month,1,Electronic check,80.55,80.55,1,80.55,1,0.93864614,High
9647-ERGBE,1,0,1,0,12,1,1,Fiber optic,0,1,1,0,0,0,Month-to-month,1,Electronic check,84.5,916.9,1,76.41,2,0.8527329,High
3428-XZMAZ,1,0,0,0,22,1,0,Fiber optic,0,1,0,0,0,1,Month-to-month,1,Mailed check,84.3,1855.65,1,84.35,2,0.61011016,High
0378-TOVMS,0,0,0,0,2,1,0,Fiber optic,0,0,0,0,0,0,Month-to-month,1,Electronic check,67.75,116.65,1,58.32,0,0.8784427,High
4355-HBJHH,1,1,0,0,27,1,1,Fiber optic,0,0,0,0,0,1,Month-to-month,1,Electronic check,85.25,2287.25,1,84.71,1,0.78071284,High
9058-CBREO,1,0,0,0,10,1,1,Fiber optic,0,1,0,0,0,0,Month-to-month,1,Bank transfer (automatic),80.05,830.7,1,83.07,1,0.8077928,High
0318-QUUOB,0,0,0,0,1,1,0,No,0,0,0,0,0,0,Month-to-month,0,Mailed check,20.0,20.0,1,20.0,0,0.6105899,High
5520-FVEWJ,1,0,0,0,22,1,0,DSL,1,0,0,0,0,0,Month-to-month,1,Credit card (automatic),48.8,1054.6,1,47.94,1,0.40470427,Medium
5572-ZDXHY,1,1,0,0,1,1,1,Fiber optic,0,0,0,0,0,1,Month-to-month,1,Electronic check,85.05,85.05,1,85.05,1,0.9479252,High
3750-CKVKH,1,0,1,0,21,1,0,Fiber optic,0,1,1,1,1,1,Month-to-month,1,Electronic check,102.8,2110.15,1,100.48,5,0.7787133,High
8063-GBATB,1,0,0,0,6,1,0,Fiber optic,0,0,1,1,1,1,Month-to-month,1,Mailed check,99.95,547.65,1,91.28,4,0.83318764,High
4547-KQRTM,0,0,1,0,72,1,1,Fiber optic,1,1,1,1,1,1,One year,1,Bank transfer (automatic),117.8,8684.8,1,120.62,6,0.3350707,Medium
4877-EVATK,1,1,0,0,54,1,1,Fiber optic,0,1,0,0,0,0,Month-to-month,1,Electronic check,79.5,4370.25,1,80.93,1,0.6578943,High
7639-SUPCW,0,0,1,0,3,1,1,Fiber optic,0,0,0,1,0,0,Month-to-month,1,Bank transfer (automatic),79.65,251.75,1,83.92,1,0.8544593,High
1069-XAIEM,0,0,0,0,8,1,0,Fiber optic,0,0,1,0,1,1,Month-to-month,1,Electronic check,94.7,740.3,1,92.54,3,0.8842921,High
4658-HCOHW,0,0,0,0,5,1,1,Fiber optic,0,0,1,0,1,0,Month-to-month,1,Electronic check,92.5,452.7,1,90.54,2,0.9075546,High
3440-JPSCL,1,0,1,1,1,1,0,No,0,0,0,0,0,0,Month-to-month,0,Mailed check,19.45,19.45,1,19.45,0,0.4630992,Medium
2889-FPWRM,1,0,0,0,2,1,1,Fiber optic,0,0,0,0,0,0,Month-to-month,1,Electronic check,75.55,166.3,1,83.15,0,0.9125682,High
6987-XQSJT,0,0,1,0,1,1,0,Fiber optic,0,0,0,0,0,0,Month-to-month,1,Electronic check,70.0,70.0,1,70.0,0,0.9347874,High
4290-BSXUX,0,0,1,0,65,1,0,DSL,1,0,0,1,1,1,Two year,1,Bank transfer (automatic),74.8,4820.15,1,74.16,4,0.07576916,Low
0325-XBFAC,1,0,1,0,33,1,1,Fiber optic,0,1,1,0,1,1,Month-to-month,1,Electronic check,104.4,3409.6,1,103.32,4,0.8104408,High
2462-XIIJB,1,0,0,0,15,1,0,Fiber optic,1,0,0,0,1,0,Month-to-month,0,Electronic check,86.2,1270.2,1,84.68,2,0.7101887,High
4760-XOHVN,1,0,1,1,30,0,0,DSL,0,0,0,1,1,1,Month-to-month,0,Credit card (automatic),51.2,1561.5,1,52.05,3,0.124201305,Low
7817-BOQPW,1,0,0,0,2,1,0,No,0,0,0,0,0,0,Month-to-month,0,Mailed check,19.5,31.55,1,15.78,0,0.39371967,Medium
1853-UDXBW,1,1,0,0,4,1,1,Fiber optic,0,0,0,0,0,0,Month-to-month,1,Electronic check,74.9,321.75,1,80.44,0,0.89172566,High
5458-CQJTA,1,0,0,0,2,1,1,Fiber optic,0,0,0,0,0,0,Month-to-month,0,Credit card (automatic),74.9,147.15,1,73.58,0,0.8237338,High
5219-YIPTK,1,0,0,0,25,1,1,Fiber optic,0,1,0,0,1,1,Month-to-month,1,Electronic check,100.25,2387.75,1,95.51,3,0.8291585,High
3540-RZJYU,1,1,0,0,25,1,1,Fiber optic,1,1,0,0,1,1,Month-to-month,1,Mailed check,102.8,2660.2,1,106.41,4,0.7671607,High
2091-MJTFX,0,0,0,0,43,1,1,Fiber optic,0,0,0,1,1,1,One year,1,Electronic check,100.0,4211.55,1,97.94,3,0.5560557,Medium
0883-EIBTI,0,0,1,0,10,1,0,Fiber optic,0,1,0,1,1,1,Month-to-month,1,Electronic check,99.85,990.9,1,99.09,4,0.87154967,High
0722-TROQR,1,0,0,0,2,1,1,Fiber optic,0,0,0,0,1,1,Month-to-month,1,Bank transfer (automatic),94.2,193.8,1,96.9,2,0.9138162,High
7571-YXDAD,0,1,0,0,9,1,1,Fiber optic,0,0,0,0,0,1,Month-to-month,1,Electronic check,83.85,790.15,1,87.79,1,0.88017213,High
3393-FMZPV,1,1,0,0,27,1,1,Fiber optic,0,0,1,0,0,1,Month-to-month,0,Credit card (automatic),88.3,2467.75,1,91.4,2,0.6215434,High
6402-ZFPPI,0,0,0,0,69,1,0,Fiber optic,0,1,1,1,1,1,One year,1,Bank transfer (automatic),104.05,7262.0,1,105.25,5,0.5444319,Medium
7486-KSRVI,0,0,1,0,22,1,0,Fiber optic,0,0,1,0,1,1,Month-to-month,1,Credit card (automatic),94.7,1914.9,1,87.04,3,0.70516586,High
8443-WVPSS,1,1,1,0,56,1,1,Fiber optic,0,0,1,0,1,1,Month-to-month,1,Bank transfer (automatic),100.65,5688.05,1,101.57,3,0.7446457,High
3006-XIMLN,1,1,1,0,66,1,1,DSL,0,1,1,0,1,1,Two year,1,Bank transfer (automatic),80.55,5265.1,1,79.77,4,0.0989177,Low
9965-YOKZB,0,1,1,0,24,1,1,Fiber optic,1,0,0,0,0,0,Month-to-month,1,Electronic check,78.85,1772.25,1,73.84,1,0.73620653,High
0504-HHAPI,1,0,0,0,1,1,0,DSL,0,0,0,0,0,0,Month-to-month,1,Mailed check,44.45,44.45,1,44.45,0,0.80299026,High
6305-YLBMM,0,0,0,0,36,1,1,Fiber optic,0,0,0,0,0,1,Month-to-month,1,Electronic check,84.9,3067.2,1,85.2,1,0.7763753,High
3647-GMGDH,0,0,0,0,1,1,0,No,0,0,0,0,0,0,Month-to-month,0,Mailed check,20.25,20.25,1,20.25,0,0.5823714,Medium
3791-LGQCY,0,0,0,0,1,1,0,Fiber optic,0,1,0,0,0,0,Month-to-month,1,Electronic check,74.35,74.35,1,74.35,1,0.9168066,High
8166-ZZTFS,0,0,0,0,1,1,1,DSL,0,0,1,1,0,0,Month-to-month,0,Mailed check,62.05,62.05,1,62.05,2,0.7099652,High
2956-GGUCQ,0,0,1,0,39,1,0,DSL,1,0,1,1,1,1,One year,0,Credit card (automatic),80.0,3182.95,1,81.61,5,0.21210109,Low
6595-COKXZ,0,0,0,0,5,1,1,Fiber optic,0,1,1,0,1,1,Month-to-month,0,Mailed check,104.1,541.9,1,108.38,4,0.8680221,High
0362-ZBZWJ,0,1,1,0,24,0,0,DSL,1,0,0,0,0,1,Month-to-month,0,Bank transfer (automatic),39.1,971.3,1,40.47,2,0.55550885,Medium
4211-MMAZN,0,0,0,0,2,1,1,Fiber optic,0,0,0,0,0,0,Month-to-month,1,Electronic check,76.5,162.45,1,81.22,0,0.9082732,High
4274-OWWYO,0,0,0,0,5,1,0,DSL,0,0,0,1,0,0,Month-to-month,1,Electronic check,49.2,216.9,1,43.38,1,0.7297319,High
1541-ETJZO,0,0,0,0,11,1,1,No,0,0,0,0,0,0,Month-to-month,0,Credit card (automatic),23.15,245.2,1,22.29,0,0.22661825,Low
4106-HADHQ,1,0,1,0,4,1,0,Fiber optic,0,0,0,0,0,1,Month-to-month,0,Electronic check,80.85,302.75,1,75.69,1,0.8375083,High
2369-UAPKZ,0,0,0,0,1,1,1,DSL,0,1,0,1,0,0,Month-to-month,0,Mailed check,60.1,60.1,1,60.1,2,0.7048742,High
2778-OCLGR,0,0,0,0,1,1,0,Fiber optic,0,0,0,0,1,0,Month-to-month,1,Electronic check,78.95,78.95,1,78.95,1,0.9320085,High
0637-KVDLV,0,0,0,0,2,1,0,DSL,0,0,0,0,0,0,Month-to-month,1,Electronic check,45.15,98.5,1,49.25,0,0.8201783,High
6633-MPWBS,1,0,0,0,3,1,0,Fiber optic,0,0,0,0,1,0,Month-to-month,1,Electronic check,79.4,244.65,1,81.55,1,0.88047147,High
8785-EPNCG,0,0,0,0,44,0,0,DSL,0,1,1,0,1,1,One year,1,Mailed check,53.95,2375.4,1,53.99,4,0.35196882,Medium
5729-KLZAR,1,0,1,0,24,1,0,Fiber optic,0,1,1,0,1,1,Month-to-month,1,Credit card (automatic),99.3,2431.35,1,101.31,4,0.76800513,High
1582-RAFML,0,0,0,0,18,1,1,Fiber optic,0,1,0,0,0,0,Month-to-month,1,Electronic check,80.65,1451.9,1,80.66,1,0.7455213,High
8740-CRYFY,1,0,0,0,1,1,0,Fiber optic,0,0,0,0,0,0,Month-to-month,0,Mailed check,71.1,71.1,1,71.1,0,0.8474233,High
2962-XPMCQ,1,1,1,0,65,1,1,Fiber optic,0,1,1,0,1,1,One year,1,Electronic check,106.25,6979.8,1,107.38,4,0.6331783,High
1678-FYZOW,1,0,1,0,53,1,0,No,0,0,0,0,0,0,One year,0,Bank transfer (automatic),20.8,1021.8,1,19.28,0,0.10481278,Low
8627-EHGIP,0,1,0,0,1,1,1,Fiber optic,0,0,0,0,1,1,Month-to-month,1,Electronic check,94.0,94.0,1,94.0,2,0.95566416,High
5480-TBGPH,1,1,0,0,15,1,1,Fiber optic,0,1,0,0,0,1,Month-to-month,0,Electronic check,89.85,1424.95,1,95.0,2,0.7627806,High
8854-CCVSQ,1,0,0,0,4,1,0,DSL,0,0,0,0,0,0,Month-to-month,1,Mailed check,46.0,193.6,1,48.4,0,0.6737125,High
0511-JTEOY,1,0,0,0,9,1,0,DSL,0,1,0,1,1,0,Month-to-month,0,Mailed check,66.25,620.55,1,68.95,3,0.360217,Medium
7067-KSAZT,1,0,0,0,22,1,1,Fiber optic,0,0,0,1,1,0,Month-to-month,1,Electronic check,90.0,1993.8,1,90.63,2,0.7230464,High
6532-YLWSI,0,0,0,0,38,1,0,Fiber optic,0,0,0,0,0,0,One year,1,Bank transfer (automatic),70.45,2597.6,1,68.36,0,0.36599588,Medium
9300-AGZNL,0,0,0,0,53,1,0,No,0,0,0,0,0,0,Two year,0,Bank transfer (automatic),19.75,1052.35,1,19.86,0,0.051825862,Low
1112-CUNAO,0,0,0,0,1,1,0,DSL,1,0,0,1,0,0,Month-to-month,1,Electronic check,53.95,53.95,1,53.95,2,0.7679754,High
5175-AOBHI,1,1,0,0,8,1,1,Fiber optic,0,1,1,0,1,1,Month-to-month,1,Electronic check,105.5,829.55,1,103.69,4,0.91800827,High
5174-RNGBH,1,0,0,0,16,1,0,Fiber optic,0,0,0,0,1,0,Month-to-month,1,Electronic check,81.0,1312.15,1,82.01,1,0.8203843,High
7270-BDIOA,1,0,1,0,1,1,0,Fiber optic,0,0,0,0,0,0,Month-to-month,1,Electronic check,69.8,69.8,1,69.8,0,0.930074,High
9565-JSNFM,0,1,0,0,7,1,1,Fiber optic,0,0,0,0,0,0,Month-to-month,0,Mailed check,73.75,545.15,1,77.88,0,0.7340788,High
0607-DAAHE,0,1,0,0,9,1,1,DSL,1,0,0,0,0,0,Month-to-month,0,Electronic check,54.55,494.05,1,54.89,1,0.5213749,Medium
9732-KPKBW,1,1,0,0,37,1,1,Fiber optic,0,0,0,0,0,0,Month-to-month,1,Electronic check,76.25,2841.55,1,76.8,0,0.7651869,High
3389-YGYAI,1,0,0,0,5,1,1,Fiber optic,0,0,0,0,1,1,Month-to-month,1,Mailed check,93.9,486.85,1,97.37,2,0.8889017,High
9560-ARGQJ,1,1,0,0,3,1,0,Fiber optic,0,0,0,0,0,0,Month-to-month,1,Electronic check,70.4,204.7,1,68.23,0,0.86749035,High
5134-IKDAY,1,0,1,0,31,1,1,Fiber optic,0,1,0,0,0,1,Month-to-month,1,Electronic check,91.15,2995.45,1,96.63,2,0.77228314,High
3070-DVEYC,1,0,0,0,2,1,0,Fiber optic,0,0,0,0,0,0,Month-to-month,1,Electronic check,70.95,137.95,1,68.97,0,0.8957468,High
5707-ORNDZ,1,0,1,0,37,1,1,Fiber optic,0,0,1,0,1,1,Month-to-month,1,Electronic check,99.5,3762.0,1,101.68,3,0.825724,High
8696-JKZNU,1,0,0,0,38,1,0,Fiber optic,1,1,1,0,0,0,Month-to-month,1,Credit card (automatic),83.9,3233.6,1,85.09,3,0.5473558,Medium
5380-AFSSK,1,1,1,0,48,1,1,Fiber optic,1,1,1,1,1,1,Month-to-month,0,Electronic check,117.45,5438.9,1,113.31,6,0.6844365,High
2055-PDADH,0,0,0,0,10,1,0,Fiber optic,1,1,1,0,1,1,Month-to-month,1,Electronic check,104.4,1081.45,1,108.15,5,0.8759051,High
8714-EUHJO,0,1,0,0,8,0,0,DSL,0,0,1,0,0,0,Month-to-month,1,Electronic check,29.4,221.9,1,27.74,1,0.76845115,High
3721-CNEYS,0,0,0,0,2,1,0,DSL,0,0,0,0,0,0,Month-to-month,0,Mailed check,44.65,74.9,1,37.45,0,0.6732153,High
2568-OIADY,1,0,0,0,3,0,0,DSL,0,0,0,0,0,0,Month-to-month,0,Electronic check,25.25,58.9,1,19.63,0,0.75127965,High
1193-RTSLK,1,0,0,0,4,1,1,Fiber optic,0,1,1,0,0,0,Month-to-month,0,Bank transfer (automatic),84.05,333.55,1,83.39,2,0.7799388,High
2302-ANTDP,0,1,1,0,37,1,1,Fiber optic,0,0,0,0,1,0,Month-to-month,1,Electronic check,85.7,3171.15,1,85.71,1,0.8154226,High
5923-GXUOC,1,0,0,0,1,1,0,Fiber optic,0,1,0,0,0,0,Month-to-month,1,Electronic check,74.7,74.7,1,74.7,1,0.9174055,High
5233-GEEAX,1,0,0,0,5,1,1,Fiber optic,0,1,0,0,1,0,Month-to-month,1,Electronic check,90.8,455.5,1,91.1,2,0.899352,High
4432-ADRLB,1,1,0,0,28,1,1,Fiber optic,0,1,1,0,1,1,Month-to-month,1,Electronic check,106.15,3152.5,1,112.59,4,0.8512746,High
8993-PHFWD,1,0,0,0,30,1,0,DSL,1,1,1,1,1,1,One year,0,Bank transfer (automatic),85.35,2530.4,1,84.35,6,0.15498456,Low
1565-RHDJD,0,1,0,0,36,1,1,Fiber optic,1,0,0,0,1,0,Month-to-month,1,Electronic check,90.85,3186.7,1,88.52,2,0.73724514,High
7137-RYLPP,1,0,0,0,1,0,0,DSL,0,0,0,0,1,0,Month-to-month,1,Electronic check,35.75,35.75,1,35.75,1,0.9057779,High
3765-JXVKY,1,1,1,1,4,1,0,DSL,0,0,0,0,0,0,Month-to-month,0,Electronic check,46.0,181.6,1,45.4,0,0.5681388,Medium
7330-WZLNC,0,0,1,0,17,1,0,Fiber optic,1,0,1,0,1,0,Month-to-month,1,Electronic check,89.4,1539.45,1,90.56,3,0.7864473,High
3957-LXOLK,0,0,0,0,3,1,0,No,0,0,0,0,0,0,Month-to-month,1,Mailed check,19.8,58.15,1,19.38,0,0.46190932,Medium
6635-MYYYZ,0,0,1,1,4,1,1,DSL,0,0,0,0,0,0,Month-to-month,1,Electronic check,50.9,225.6,1,56.4,0,0.6062281,High
5281-BUZGT,0,0,0,0,4,1,0,Fiber optic,0,0,0,0,1,0,Month-to-month,1,Electronic check,81.0,340.85,1,85.21,1,0.88247716,High
5378-IKEEG,0,0,0,0,26,1,1,Fiber optic,0,0,1,0,1,1,Month-to-month,1,Electronic check,98.35,2515.3,1,96.74,3,0.8309,High
2718-GAXQD,0,0,0,0,5,0,0,DSL,0,1,0,0,1,1,Month-to-month,1,Mailed check,51.0,305.95,1,61.19,3,0.7117437,High
6413-XKKPU,1,0,1,0,4,1,1,Fiber optic,0,1,0,0,1,0,Month-to-month,1,Electronic check,91.65,365.4,1,91.35,2,0.9102645,High
1449-XQEMT,0,0,0,0,1,1,0,Fiber optic,0,0,0,0,1,1,Month-to-month,1,Electronic check,90.85,90.85,1,90.85,2,0.94210243,High
2626-URJFX,0,0,0,0,1,1,0,Fiber optic,0,0,0,0,0,0,Month-to-month,0,Mailed check,69.4,69.4,1,69.4,0,0.85002285,High
2612-RRIDN,1,1,0,0,8,1,0,Fiber optic,0,0,1,0,1,1,Month-to-month,1,Credit card (automatic),94.45,742.95,1,92.87,3,0.8499436,High
4735-ASGMA,1,0,1,1,1,1,0,No,0,0,0,0,0,0,Month-to-month,1,Credit card (automatic),20.15,20.15,1,20.15,0,0.4774546,Medium
3669-LVWZB,0,1,0,0,50,1,1,Fiber optic,0,0,0,0,1,1,Month-to-month,1,Electronic check,95.7,4816.7,1,96.33,2,0.78954357,High
6892-EZDTG,1,0,0,0,26,1,1,Fiber optic,0,0,0,0,0,0,Month-to-month,1,Bank transfer (automatic),74.95,1834.95,1,70.58,0,0.6041867,High
9725-SCPZG,1,0,0,0,6,0,0,DSL,0,0,1,0,1,1,Month-to-month,1,Electronic check,47.95,305.1,1,50.85,3,0.7748428,High
5884-GCYMI,1,0,0,0,3,1,1,DSL,0,0,0,1,1,0,Month-to-month,1,Electronic check,63.6,155.65,1,51.88,2,0.7823419,High
3217-FZDMN,0,0,0,0,3,0,0,DSL,0,1,0,1,0,0,Month-to-month,1,Mailed check,36.85,108.7,1,36.23,2,0.7148419,High
7853-GVUDZ,1,0,0,0,1,1,0,DSL,0,0,0,0,0,0,Month-to-month,1,Electronic check,44.1,44.1,1,44.1,0,0.8578757,High
7480-QNVZJ,0,0,0,0,14,0,0,DSL,0,0,1,0,1,1,Month-to-month,1,Electronic check,50.75,712.75,1,50.91,3,0.7271103,High
3943-KDREE,1,1,1,0,61,1,1,Fiber optic,0,1,1,0,1,1,One year,1,Credit card (automatic),104.4,6405.0,1,105.0,4,0.57092315,Medium
9239-ZBZZV,1,1,1,0,40,0,0,DSL,0,1,0,0,1,0,Month-to-month,1,Electronic check,39.3,1637.4,1,40.94,2,0.7053658,High
4398-HSCJH,1,0,0,0,58,1,0,Fiber optic,1,1,1,0,1,1,One year,1,Electronic check,106.45,6145.85,1,105.96,5,0.6102911,High
4430-UZIPO,1,0,0,0,18,1,0,Fiber optic,1,0,0,0,1,1,Month-to-month,1,Electronic check,96.05,1740.7,1,96.71,3,0.7740172,High
4855-SNKMY,1,0,0,0,7,1,1,Fiber optic,0,0,0,0,0,0,Month-to-month,1,Bank transfer (automatic),75.1,552.95,1,78.99,0,0.8043471,High
8008-HAWED,0,1,0,0,2,1,0,DSL,0,0,0,0,0,0,Month-to-month,1,Electronic check,44.7,93.7,1,46.85,0,0.8433893,High
7124-UGSUR,0,0,0,0,19,1,0,DSL,0,0,1,1,0,0,Month-to-month,1,Credit card (automatic),55.0,1046.5,1,55.08,2,0.38143295,Medium
1862-SKORY,0,0,1,0,11,1,1,Fiber optic,0,0,0,0,0,0,Month-to-month,1,Electronic check,74.35,834.2,1,75.84,0,0.867887,High
1502-XFCVR,1,0,1,0,39,1,0,Fiber optic,1,0,1,1,1,1,One year,1,Credit card (automatic),104.7,4134.85,1,106.02,5,0.5699952,Medium
9692-TUSXH,1,0,0,0,15,1,1,DSL,1,0,0,0,0,0,Month-to-month,1,Mailed check,55.7,899.8,1,59.99,1,0.45069993,Medium
7912-SYRQT,1,0,0,0,5,1,0,No,0,0,0,0,0,0,Month-to-month,0,Credit card (automatic),19.85,108.05,1,21.61,0,0.30868375,Medium
4816-JBHOV,1,0,0,0,1,1,0,Fiber optic,0,0,0,0,0,0,Month-to-month,1,Electronic check,70.3,70.3,1,70.3,0,0.9257331,High
8292-TYSPY,0,1,1,0,10,1,1,Fiber optic,0,0,0,0,0,1,Month-to-month,0,Electronic check,85.55,851.75,1,85.18,1,0.85428596,High
1867-BDVFH,0,0,0,0,6,1,0,Fiber optic,0,0,1,0,1,1,Month-to-month,0,Mailed check,94.5,575.45,1,95.91,3,0.77166116,High
2359-QWQUL,1,1,1,0,16,1,1,Fiber optic,0,0,0,0,0,1,Month-to-month,1,Credit card (automatic),85.35,1375.15,1,85.95,1,0.81213,High
9103-TCIHJ,1,0,0,0,2,1,0,Fiber optic,0,0,0,0,1,0,Month-to-month,1,Mailed check,79.65,152.7,1,76.35,1,0.8545567,High
4140-WJAWW,1,1,0,0,2,1,0,Fiber optic,0,0,0,0,0,1,Month-to-month,1,Electronic check,79.6,195.05,1,97.52,1,0.9167056,High
6653-CBBOM,0,1,0,0,19,1,1,Fiber optic,1,0,0,0,1,0,Month-to-month,1,Electronic check,90.6,1660.0,1,87.37,2,0.7485504,High
3247-ZVOUO,1,0,0,0,1,1,0,No,0,0,0,0,0,0,Month-to-month,1,Bank transfer (automatic),20.2,20.2,1,20.2,0,0.6853203,High
6101-IMRMM,0,0,1,0,66,1,1,Fiber optic,1,0,1,0,1,1,Two year,1,Credit card (automatic),106.05,6981.35,1,105.78,4,0.51541895,Medium
1268-ASBGA,1,0,0,0,36,1,1,Fiber optic,0,1,0,0,1,1,Month-to-month,1,Electronic check,99.15,3615.6,1,100.43,3,0.7857327,High
8943-URTMR,1,0,1,0,39,0,0,DSL,1,0,1,0,1,1,Month-to-month,0,Electronic check,55.9,2184.35,1,56.01,4,0.5857924,Medium
4713-LZDRV,0,0,0,0,21,1,1,Fiber optic,0,1,0,0,0,0,Month-to-month,1,Electronic check,82.35,1852.85,1,88.23,1,0.72529376,High
4325-NFSKC,0,0,0,0,2,0,0,DSL,0,1,1,1,0,0,Month-to-month,1,Credit card (automatic),40.4,77.15,1,38.58,3,0.71410865,High
2955-PSXOE,1,0,0,0,4,1,1,Fiber optic,0,0,0,0,0,0,Month-to-month,0,Electronic check,75.35,338.1,1,84.52,0,0.83578795,High
7762-URZQH,0,0,0,0,35,1,0,Fiber optic,0,0,1,0,1,0,One year,1,Electronic check,85.15,3030.6,1,86.59,2,0.48759773,Medium
6907-NZZIJ,1,0,1,0,33,1,0,Fiber optic,0,0,1,0,1,1,One year,1,Electronic check,93.8,3124.5,1,94.68,3,0.62519383,High
2911-UREFD,0,0,0,0,45,1,0,No,0,0,0,0,0,0,One year,1,Electronic check,20.4,930.45,1,20.68,0,0.16011989,Low
3744-ZRRDZ,0,1,1,0,7,1,1,Fiber optic,1,1,0,0,0,1,Month-to-month,1,Credit card (automatic),94.7,673.1,1,96.16,3,0.8318168,High
5673-TIYIB,0,0,0,0,6,0,0,DSL,0,1,0,0,0,0,Month-to-month,1,Credit card (automatic),30.5,208.7,1,34.78,1,0.65866613,High
1602-IJQQE,0,1,0,0,3,1,1,Fiber optic,0,0,0,0,0,0,Month-to-month,1,Electronic check,77.0,237.75,1,79.25,0,0.8916946,High
4628-WQCQQ,1,0,0,1,11,1,0,No,0,0,0,0,0,0,Month-to-month,0,Credit card (automatic),20.1,221.35,1,20.12,0,0.12501043,Low
1644-IRKSF,1,0,0,0,1,1,0,Fiber optic,0,0,1,0,0,0,Month-to-month,0,Electronic check,75.3,75.3,1,75.3,1,0.88930976,High
3705-PSNGL,1,1,1,0,40,1,0,Fiber optic,0,1,0,1,1,1,One year,1,Credit card (automatic),99.2,4062.2,1,101.56,4,0.5032174,Medium
6502-HCJTI,0,1,0,0,47,1,0,Fiber optic,1,0,0,0,0,1,Month-to-month,0,Mailed check,85.5,4042.3,1,86.01,2,0.48458162,Medium
2606-RMDHZ,1,0,0,0,7,1,0,No,0,0,0,0,0,0,Month-to-month,0,Mailed check,20.05,164.85,1,23.55,0,0.2100867,Low
8258-GSTJK,0,0,0,0,1,1,0,Fiber optic,0,0,0,0,0,0,Month-to-month,0,Electronic check,70.4,70.4,1,70.4,0,0.8886069,High
6861-OKBCE,0,0,1,0,7,1,0,DSL,1,0,0,0,0,0,One year,1,Electronic check,49.75,331.3,1,47.33,1,0.42905602,Medium
9940-RHLFB,1,1,0,0,15,1,0,Fiber optic,0,1,0,0,0,0,Month-to-month,1,Credit card (automatic),75.3,1147.45,1,76.5,1,0.75907373,High
2995-UPRYS,1,0,1,0,11,1,1,Fiber optic,0,0,0,0,1,1,Month-to-month,1,Electronic check,94.0,1078.9,1,98.08,2,0.91725683,High
6686-YPGHK,0,0,0,0,67,1,1,Fiber optic,1,1,1,1,1,1,One year,1,Bank transfer (automatic),118.35,7804.15,1,116.48,6,0.5282208,Medium
1383-EZRWL,0,0,0,0,8,0,0,DSL,1,0,0,0,0,0,Month-to-month,1,Electronic check,30.45,226.45,1,28.31,1,0.6705147,High
4759-TRPLW,1,0,1,0,44,1,1,Fiber optic,0,0,0,0,1,1,Month-to-month,1,Electronic check,96.1,4364.1,1,99.18,2,0.8118766,High
8563-IIOXK,0,1,1,0,24,1,1,Fiber optic,0,1,1,0,1,1,Month-to-month,1,Electronic check,104.25,2433.9,1,101.41,4,0.87286866,High
8020-BWHYL,0,1,0,0,15,1,1,Fiber optic,0,1,0,0,0,0,Month-to-month,1,Electronic check,80.2,1217.25,1,81.15,1,0.8319172,High
2982-VPSGI,1,0,1,0,17,1,1,Fiber optic,1,0,1,0,1,1,Month-to-month,1,Electronic check,104.2,1743.5,1,102.56,4,0.87445706,High
8199-ZLLSA,0,1,0,0,1,1,0,Fiber optic,0,0,0,0,0,0,Month-to-month,1,Electronic check,69.65,69.65,1,69.65,0,0.9272763,High
4625-EWPTF,0,0,0,0,9,1,0,Fiber optic,0,0,0,0,0,1,Month-to-month,1,Electronic check,80.8,713.1,1,79.23,1,0.8231813,High
5980-NOPLP,1,0,0,0,7,1,0,Fiber optic,0,0,0,0,1,0,Month-to-month,1,Mailed check,80.3,526.7,1,75.24,1,0.7767752,High
6892-XPFPU,0,1,1,0,36,1,1,Fiber optic,0,0,0,0,0,1,Month-to-month,1,Electronic check,84.1,3021.6,1,83.93,1,0.81283087,High
8010-EZLOU,0,0,0,0,3,1,0,DSL,0,0,0,1,1,1,Month-to-month,1,Electronic check,69.35,191.35,1,63.78,3,0.7521308,High
9874-QLCLH,1,1,1,0,34,1,1,Fiber optic,0,1,0,0,0,0,Month-to-month,1,Mailed check,79.6,2718.3,1,79.95,1,0.6851975,High
8062-YBDOE,1,1,0,0,1,0,0,DSL,0,0,0,0,1,0,Month-to-month,1,Electronic check,36.45,36.45,1,36.45,1,0.9159968,High
6000-APYLU,0,0,0,0,22,1,0,Fiber optic,0,1,1,0,1,0,Month-to-month,1,Electronic check,89.4,2001.5,1,90.98,3,0.71544635,High
0947-IDHRQ,1,1,1,0,47,1,1,Fiber optic,1,0,0,0,0,0,Month-to-month,0,Electronic check,80.35,3825.85,1,81.4,1,0.62295586,High
3672-YITQD,1,1,1,0,24,0,0,DSL,0,0,1,0,0,1,Month-to-month,1,Credit card (automatic),40.65,933.3,1,38.89,2,0.63365126,High
9048-JVYVF,0,0,1,0,53,0,0,DSL,0,1,1,1,1,1,One year,1,Electronic check,60.45,3184.25,1,60.08,5,0.44389185,Medium
8988-ECPJR,1,0,1,0,8,1,1,Fiber optic,0,0,0,0,0,1,Month-to-month,1,Electronic check,84.9,764.95,1,95.62,1,0.9022033,High
3776-EKTKM,1,0,1,0,2,1,0,Fiber optic,0,1,0,0,0,0,Month-to-month,1,Bank transfer (automatic),73.55,145.4,1,72.7,1,0.86711997,High
1902-XBTFB,1,0,1,0,8,1,0,No,0,0,0,0,0,0,Month-to-month,0,Bank transfer (automatic),20.15,156.25,1,19.53,0,0.2786377,Low
0643-OKLRP,1,0,1,0,48,0,0,DSL,0,1,1,0,0,0,One year,0,Mailed check,34.7,1604.5,1,33.43,2,0.2194616,Low
9381-NDKME,1,1,1,0,43,1,1,Fiber optic,0,0,1,1,1,1,One year,1,Electronic check,107.55,4533.9,1,105.44,4,0.7148372,High
2794-XIMMO,0,1,1,0,16,1,1,Fiber optic,0,0,1,0,1,1,Month-to-month,1,Electronic check,98.75,1587.55,1,99.22,3,0.9042465,High
8382-SHQEH,1,0,1,0,8,1,0,Fiber optic,0,1,1,0,1,1,Month-to-month,0,Electronic check,101.15,842.9,1,105.36,4,0.8797574,High
2983-ZANRP,0,0,0,0,20,1,1,Fiber optic,0,0,1,0,1,0,Month-to-month,1,Electronic check,88.7,1761.45,1,88.07,2,0.7743824,High
7845-URHJN,1,0,0,0,2,1,0,Fiber optic,0,0,0,0,1,0,Month-to-month,1,Electronic check,79.75,164.5,1,82.25,1,0.90667903,High
3034-ZBEQN,1,0,0,0,27,1,1,Fiber optic,0,0,0,0,1,1,Month-to-month,1,Mailed check,94.55,2724.6,1,100.91,2,0.7335419,High
8327-LZKAS,1,1,0,0,5,1,0,Fiber optic,0,0,0,0,0,0,Month-to-month,1,Mailed check,69.05,318.5,1,63.7,0,0.7751024,High
1075-BGWOH,0,0,1,0,52,1,1,Fiber optic,0,0,1,1,0,1,Two year,1,Bank transfer (automatic),96.25,4990.25,1,95.97,3,0.28853115,Low
0302-JOIVN,0,1,0,0,37,1,1,Fiber optic,0,0,1,0,1,1,Month-to-month,1,Electronic check,101.1,3744.05,1,101.19,3,0.80499715,High
5366-IJEQJ,0,0,0,0,69,1,1,Fiber optic,0,1,0,1,1,1,One year,1,Bank transfer (automatic),104.7,7220.35,1,104.64,4,0.58405495,Medium
1981-INRFU,0,0,0,1,40,1,0,DSL,1,1,0,0,0,0,Month-to-month,1,Mailed check,55.25,2139.2,1,53.48,2,0.12963088,Low
4971-PUYQO,1,0,0,0,6,1,1,Fiber optic,0,1,0,0,1,0,Month-to-month,1,Electronic check,90.1,521.3,1,86.88,2,0.87278616,High
8485-GJCDN,0,0,0,0,11,1,1,DSL,0,0,1,0,0,0,Month-to-month,0,Electronic check,53.75,608.0,1,55.27,1,0.5360016,Medium
1527-SXDPN,1,0,0,0,6,1,0,Fiber optic,0,0,0,0,1,1,Month-to-month,0,Electronic check,89.3,577.6,1,96.27,2,0.82833284,High
6029-WTIPC,1,0,1,0,3,1,1,Fiber optic,0,0,0,0,1,1,Month-to-month,1,Electronic check,95.2,292.85,1,97.62,2,0.93495154,High
8634-CILSZ,1,1,0,0,5,0,0,DSL,0,0,0,0,1,1,Month-to-month,0,Electronic check,45.7,198.0,1,39.6,2,0.82387954,High
6682-QJDGB,0,0,1,0,8,1,0,Fiber optic,1,0,0,0,0,0,Month-to-month,1,Electronic check,74.5,609.9,1,76.24,1,0.79931104,High
8780-IXSTS,1,0,0,0,1,1,0,Fiber optic,0,0,0,0,1,0,Month-to-month,1,Electronic check,79.65,79.65,1,79.65,1,0.9331109,High
9530-EHPOH,1,1,1,0,28,1,1,Fiber optic,0,0,0,1,1,1,Month-to-month,1,Credit card (automatic),101.3,2812.2,1,100.44,3,0.7651067,High
0345-HKJVM,1,0,1,0,1,1,0,Fiber optic,0,0,0,0,1,0,Month-to-month,1,Mailed check,80.05,80.05,1,80.05,1,0.91511434,High
3049-SOLAY,0,0,1,0,29,1,1,Fiber optic,0,0,1,0,0,1,Month-to-month,1,Electronic check,89.2,2698.35,1,93.05,2,0.79778916,High
3317-HRTNN,0,0,1,0,19,1,1,Fiber optic,0,0,0,0,0,1,Month-to-month,1,Electronic check,83.65,1465.75,1,77.14,1,0.8053085,High
3235-ETOOB,1,0,1,0,6,1,0,No,0,0,0,0,0,0,Month-to-month,0,Bank transfer (automatic),19.5,146.3,1,24.38,0,0.32809073,Medium
8058-INTPH,0,0,0,0,1,1,0,DSL,0,0,0,1,0,0,Month-to-month,0,Mailed check,51.25,51.25,1,51.25,1,0.7037764,High
5569-OUICF,0,0,0,0,1,1,0,DSL,0,0,0,0,0,0,Month-to-month,1,Electronic check,45.6,45.6,1,45.6,0,0.868333,High
8821-XNHVZ,1,0,0,0,6,1,0,DSL,0,0,0,1,0,0,Month-to-month,1,Bank transfer (automatic),49.65,267.35,1,44.56,1,0.5170748,Medium
2082-OJVTK,0,0,1,1,15,1,0,No,0,0,0,0,0,0,Month-to-month,1,Electronic check,20.0,288.05,1,19.2,0,0.17369306,Low
5940-NFXKV,1,0,1,0,25,0,0,DSL,0,0,0,0,1,0,Month-to-month,1,Bank transfer (automatic),34.0,853.0,1,34.12,1,0.6107107,High
8053-WWDRO,0,1,1,0,10,1,0,Fiber optic,0,1,1,1,1,0,Month-to-month,1,Mailed check,92.5,934.1,1,93.41,4,0.7757411,High
9564-KCLHR,1,0,1,0,13,1,0,Fiber optic,0,0,0,0,1,1,Month-to-month,0,Electronic check,88.35,1222.8,1,94.06,2,0.8348464,High
2082-CEFLT,1,0,1,0,49,1,1,Fiber optic,0,1,1,1,1,1,Two year,1,Bank transfer (automatic),107.95,5293.2,1,108.02,5,0.52063155,Medium
1213-NGCUN,1,1,0,0,1,1,1,Fiber optic,0,0,0,0,0,0,Month-to-month,1,Mailed check,74.45,74.45,1,74.45,0,0.9190866,High
5688-KZTSN,1,0,0,0,37,1,0,DSL,0,0,0,0,1,1,Month-to-month,1,Electronic check,64.75,2345.2,1,63.38,2,0.56438667,Medium
2894-QOJRX,0,0,0,0,26,1,0,Fiber optic,0,1,1,0,1,0,Month-to-month,0,Electronic check,89.8,2335.3,1,89.82,3,0.6241225,High
5747-PMBSQ,1,0,0,0,12,1,0,Fiber optic,0,0,1,0,1,1,One year,0,Mailed check,95.5,1115.15,1,92.93,3,0.5397608,Medium
3143-JQEGI,1,1,0,0,10,0,0,DSL,0,0,0,1,0,0,Month-to-month,1,Electronic check,29.65,291.4,1,29.14,1,0.6658647,High
6386-SZZKH,0,0,1,0,5,1,1,Fiber optic,1,0,1,0,0,0,Month-to-month,1,Electronic check,84.5,453.75,1,90.75,2,0.8673717,High
2982-IHMFT,0,0,0,0,18,1,1,Fiber optic,0,0,1,0,0,1,Month-to-month,1,Credit card (automatic),90.7,1597.25,1,88.74,2,0.66049755,High
3521-SYVOR,1,1,0,0,3,1,0,Fiber optic,0,0,0,0,0,0,Month-to-month,1,Electronic check,70.3,235.5,1,78.5,0,0.8586787,High
9526-JAWYF,1,0,0,0,54,1,1,Fiber optic,1,0,1,0,1,1,One year,1,Bank transfer (automatic),103.95,5639.05,1,104.43,4,0.52112746,Medium
5649-VUKMC,1,0,0,0,10,1,1,Fiber optic,0,0,0,0,0,0,Month-to-month,1,Electronic check,74.75,799.65,1,79.96,0,0.8429601,High
5143-EGQFK,1,0,0,0,1,1,0,DSL,0,0,0,1,0,0,Month-to-month,1,Electronic check,50.8,50.8,1,50.8,1,0.82700896,High
4919-IKATY,0,0,0,0,2,1,0,Fiber optic,0,0,0,0,1,0,Month-to-month,1,Electronic check,80.25,144.55,1,72.28,1,0.90545774,High
9050-QLROH,0,0,1,0,32,1,1,Fiber optic,0,0,1,0,0,0,Month-to-month,1,Electronic check,78.9,2447.95,1,76.5,1,0.776199,High
6168-WFVVF,0,0,0,0,36,1,1,Fiber optic,0,0,0,0,0,1,Month-to-month,1,Electronic check,84.75,3050.15,1,84.73,1,0.7763753,High
0877-SDMBN,0,0,0,0,53,1,1,Fiber optic,0,0,0,0,1,0,Month-to-month,0,Bank transfer (automatic),85.45,4517.25,1,85.23,1,0.50917333,Medium
8065-YKXKD,0,0,1,1,1,1,0,No,0,0,0,0,0,0,Month-to-month,0,Mailed check,19.9,19.9,1,19.9,0,0.4847391,Medium
9637-EIHEQ,0,1,0,0,12,1,1,Fiber optic,0,0,1,0,1,1,Month-to-month,1,Electronic check,99.45,1200.15,1,100.01,3,0.91739774,High
9689-PTNPG,1,0,0,0,1,1,0,Fiber optic,0,0,0,0,0,0,Month-to-month,1,Electronic check,70.6,70.6,1,70.6,0,0.9257331,High
9465-RWMXL,1,0,0,0,5,1,0,Fiber optic,0,0,0,0,1,0,Month-to-month,1,Credit card (automatic),81.0,389.6,1,77.92,1,0.8123459,High
2362-IBOOY,0,0,0,0,6,1,0,Fiber optic,0,1,0,0,1,0,Month-to-month,1,Electronic check,84.85,523.5,1,87.25,2,0.8500317,High
0843-WTBXE,1,1,0,0,26,1,1,Fiber optic,0,1,0,0,1,0,Month-to-month,1,Electronic check,89.15,2277.65,1,87.6,2,0.7728048,High
5515-IDEJJ,1,1,1,0,1,0,0,DSL,0,0,0,0,0,0,Month-to-month,1,Electronic check,24.8,24.8,1,24.8,0,0.89612883,High
7450-NWRTR,0,0,0,0,64,1,1,Fiber optic,0,1,0,1,1,1,One year,1,Credit card (automatic),105.65,6903.1,1,107.86,4,0.51273775,Medium
5376-DEQCP,0,0,0,0,13,1,0,Fiber optic,0,0,0,0,0,1,Month-to-month,1,Electronic check,80.85,1008.7,1,77.59,1,0.815292,High
9095-HFAFX,1,0,1,0,9,1,0,Fiber optic,0,0,0,0,1,1,Month-to-month,0,Electronic check,89.45,853.1,1,94.79,2,0.8567315,High
2379-ENZGV,0,0,0,0,10,1,1,DSL,0,0,0,0,1,1,Month-to-month,1,Credit card (automatic),72.15,794.25,1,79.42,2,0.635712,High
6005-OBZPH,1,0,0,0,2,1,0,DSL,0,0,1,1,1,1,Month-to-month,0,Electronic check,76.4,160.8,1,80.4,4,0.74791336,High
7932-WPTDS,1,1,0,0,20,1,1,DSL,0,0,0,0,0,1,Month-to-month,1,Mailed check,61.6,1174.35,1,58.72,1,0.4871694,Medium
2722-VOJQL,0,0,1,0,9,1,0,Fiber optic,0,1,1,0,0,0,Month-to-month,1,Electronic check,79.9,741.7,1,82.41,2,0.84407425,High
5228-EXCET,0,1,0,0,32,1,1,Fiber optic,0,0,0,0,1,1,Month-to-month,1,Credit card (automatic),96.15,3019.25,1,94.35,2,0.7765371,High
7394-FKDNK,1,0,1,0,70,1,1,DSL,1,0,1,1,0,0,Two year,0,Credit card (automatic),65.3,4759.75,1,68.0,3,0.05357339,Low
6331-LWDTQ,0,0,0,0,1,1,0,No,0,0,0,0,0,0,Month-to-month,0,Mailed check,19.65,19.65,1,19.65,0,0.5992451,Medium
1597-FZREH,0,0,0,0,1,1,1,Fiber optic,0,0,0,0,1,0,Month-to-month,1,Mailed check,84.65,84.65,1,84.65,1,0.92478865,High
7000-WCEVQ,1,1,1,0,1,1,0,Fiber optic,0,0,0,0,0,0,Month-to-month,1,Electronic check,69.55,69.55,1,69.55,0,0.9333599,High
0727-IWKVK,1,0,0,0,13,0,0,DSL,0,1,0,0,0,0,Month-to-month,1,Electronic check,31.05,347.25,1,26.71,1,0.68623215,High
5959-BELXA,0,0,0,0,7,1,0,DSL,1,0,0,0,0,0,Month-to-month,1,Mailed check,51.0,354.05,1,50.58,1,0.43260777,Medium
3512-IZIKN,1,0,1,1,1,1,0,DSL,0,0,0,0,0,0,Month-to-month,1,Bank transfer (automatic),44.35,44.35,1,44.35,0,0.6511927,High
6141-OOXUQ,1,0,0,0,7,1,0,Fiber optic,0,0,0,0,1,0,Month-to-month,1,Electronic check,79.7,586.05,1,83.72,1,0.8620862,High
7503-ZGUZJ,0,0,0,1,54,1,1,DSL,0,1,0,0,0,0,Month-to-month,1,Credit card (automatic),55.0,3092.65,1,57.27,1,0.14308132,Low
2506-TNFCO,1,1,0,0,5,1,0,Fiber optic,0,0,1,0,1,0,Month-to-month,1,Mailed check,84.85,415.55,1,83.11,2,0.84255403,High
8718-PTMEZ,0,1,0,0,1,1,1,Fiber optic,0,0,0,0,0,0,Month-to-month,1,Electronic check,73.65,73.65,1,73.65,0,0.9382642,High
2207-OBZNX,0,0,1,0,33,1,0,DSL,0,0,1,1,1,1,One year,1,Mailed check,73.9,2405.05,1,72.88,4,0.26873094,Low
6142-VSJQO,1,0,1,0,55,1,1,Fiber optic,0,0,1,0,0,0,Month-to-month,1,Electronic check,77.75,4458.15,1,81.06,1,0.66921496,High
6437-UKHMV,1,1,1,0,6,1,1,Fiber optic,0,0,0,0,0,1,Month-to-month,1,Electronic check,84.35,474.9,1,79.15,1,0.89189196,High
1114-CENIM,1,0,0,0,8,1,0,Fiber optic,1,0,0,0,1,0,Month-to-month,0,Electronic check,84.95,668.4,1,83.55,2,0.75128627,High
6060-DRTNL,0,0,0,0,11,1,0,Fiber optic,0,0,0,1,0,0,Month-to-month,1,Electronic check,73.85,926.25,1,84.2,1,0.7970551,High
8473-VUVJN,0,0,1,0,49,0,0,DSL,0,1,0,0,1,1,One year,1,Bank transfer (automatic),51.8,2541.25,1,51.86,3,0.42365032,Medium
6289-CPNLD,1,1,1,0,1,1,0,DSL,0,0,0,0,0,0,Month-to-month,0,Electronic check,46.0,46.0,1,46.0,0,0.853569,High
5536-SLHPM,0,1,0,0,15,1,0,Fiber optic,0,0,0,0,0,1,Month-to-month,1,Electronic check,79.4,1156.1,1,77.07,1,0.8366162,High
0196-VULGZ,0,1,1,0,16,1,0,Fiber optic,0,0,0,0,0,0,Month-to-month,1,Bank transfer (automatic),71.8,1167.8,1,72.99,0,0.7726084,High
8837-VVWLQ,0,1,1,0,44,1,1,Fiber optic,0,1,0,0,0,1,One year,0,Mailed check,88.4,3912.9,1,88.93,2,0.3993886,Medium
2696-NARTR,1,0,0,1,5,1,0,DSL,0,0,0,0,0,0,Month-to-month,0,Mailed check,46.0,221.7,1,44.34,0,0.4172893,Medium
7614-QVWQL,0,0,0,0,4,1,1,DSL,0,0,0,0,0,0,Month-to-month,0,Credit card (automatic),51.75,201.1,1,50.28,0,0.6117756,High
1976-CFOCS,0,0,1,0,30,1,1,Fiber optic,1,1,0,0,1,0,Month-to-month,1,Electronic check,94.4,2838.7,1,94.62,3,0.76272607,High
4631-OACRM,1,0,0,0,1,1,0,Fiber optic,0,0,0,0,0,0,Month-to-month,1,Mailed check,70.15,70.15,1,70.15,0,0.9010732,High
3755-JBMNH,0,0,0,0,9,0,0,DSL,0,0,0,0,1,0,Month-to-month,1,Credit card (automatic),34.7,296.1,1,32.9,1,0.6569719,High
6345-ULYRW,1,0,0,0,1,1,0,Fiber optic,0,0,0,0,0,1,Month-to-month,1,Electronic check,81.1,81.1,1,81.1,1,0.930118,High
1809-DMJHQ,1,0,1,1,1,1,0,No,0,0,0,0,0,0,Month-to-month,0,Mailed check,20.55,20.55,1,20.55,0,0.41264284,Medium
6923-EFPNL,1,0,0,0,61,1,1,Fiber optic,0,0,1,1,1,1,Two year,1,Electronic check,106.6,6428.4,1,105.38,4,0.47354975,Medium
9574-RKJIF,0,0,1,0,59,1,1,Fiber optic,1,1,1,1,1,0,Month-to-month,1,Electronic check,106.75,6252.9,1,105.98,5,0.69153655,High
2619-WFQWU,1,0,0,0,3,1,0,Fiber optic,0,0,0,0,1,1,Month-to-month,1,Electronic check,89.45,240.45,1,80.15,2,0.88328016,High
0778-NELLA,1,0,0,0,3,1,0,Fiber optic,0,1,0,1,1,1,Month-to-month,1,Electronic check,97.9,315.3,1,105.1,4,0.88148576,High
4614-NUVZD,0,0,0,0,1,1,0,DSL,0,0,0,0,0,1,Month-to-month,1,Mailed check,55.7,55.7,1,55.7,1,0.8112547,High
3803-KMQFW,0,0,0,0,13,1,0,Fiber optic,0,1,1,0,0,0,Month-to-month,1,Electronic check,79.8,973.45,1,74.88,2,0.7989651,High
6804-GDMOI,1,0,1,0,18,0,0,DSL,0,0,1,0,1,0,Month-to-month,1,Electronic check,39.05,669.85,1,37.21,2,0.7519967,High
9572-MTILT,1,1,1,0,3,1,0,Fiber optic,0,0,0,1,1,0,Month-to-month,1,Mailed check,83.9,267.4,1,89.13,2,0.84592,High
9611-CTWIH,1,1,0,0,1,1,0,Fiber optic,0,0,0,0,0,0,Month-to-month,1,Electronic check,69.85,69.85,1,69.85,0,0.9284496,High
0329-GTIAJ,1,0,0,0,1,1,0,DSL,0,0,0,0,1,0,Month-to-month,1,Mailed check,53.55,53.55,1,53.55,1,0.8193658,High
6629-CZTTH,1,0,1,0,70,1,1,Fiber optic,1,1,1,1,0,0,Two year,0,Bank transfer (automatic),93.9,6579.05,1,93.99,4,0.09965681,Low
5364-EVNIB,0,0,1,0,68,1,1,Fiber optic,1,1,1,1,1,1,Two year,1,Electronic check,113.15,7856.0,1,115.53,6,0.33040535,Medium
5087-SUURX,1,1,1,0,26,1,0,Fiber optic,0,1,0,0,0,1,Month-to-month,0,Electronic check,84.95,2169.75,1,83.45,2,0.680582,High
0013-EXCHZ,0,0,1,0,11,1,1,Fiber optic,0,1,0,0,0,0,Month-to-month,1,Bank transfer (automatic),80.5,896.9,1,81.54,1,0.8264664,High
5550-VFRLC,0,0,0,0,1,1,0,No,0,0,0,0,0,0,Month-to-month,1,Mailed check,19.3,19.3,1,19.3,0,0.6812321,High
4929-BSTRX,0,0,0,0,1,1,0,DSL,0,0,1,0,0,0,Month-to-month,1,Mailed check,49.65,49.65,1,49.65,1,0.800248,High
2225-ZRGSG,1,0,0,0,46,1,0,DSL,0,0,1,1,0,0,Two year,0,Credit card (automatic),54.35,2460.15,1,53.48,2,0.08192753,Low
5271-YNWVR,0,0,0,0,4,1,0,Fiber optic,0,0,0,0,1,1,Month-to-month,1,Electronic check,88.45,370.65,1,92.66,2,0.8974119,High
2657-ALMWY,0,1,0,0,22,1,1,Fiber optic,0,0,0,1,1,0,Month-to-month,1,Bank transfer (automatic),90.5,1910.6,1,86.85,2,0.635171,High
6330-JKLPC,0,0,1,0,9,1,0,Fiber optic,0,1,1,1,1,0,Month-to-month,1,Mailed check,94.85,890.6,1,98.96,4,0.79313046,High
4667-OHGKG,0,0,1,0,7,1,0,Fiber optic,0,0,0,0,0,0,Month-to-month,1,Bank transfer (automatic),69.95,529.5,1,75.64,0,0.7549363,High
1660-HSOOQ,1,0,0,0,1,1,0,DSL,1,0,0,0,0,0,Month-to-month,1,Credit card (automatic),48.6,48.6,1,48.6,1,0.7744029,High
7253-UVNDW,1,1,0,0,40,0,0,DSL,1,1,0,0,1,1,Month-to-month,1,Electronic check,55.8,2109.35,1,52.73,4,0.57911056,Medium
7228-OMTPN,0,0,1,0,29,1,1,Fiber optic,0,1,0,0,0,0,Month-to-month,1,Bank transfer (automatic),80.15,2265.25,1,78.11,1,0.6720645,High
6284-AHOOQ,1,0,0,0,3,1,1,Fiber optic,0,0,0,0,0,0,Month-to-month,1,Electronic check,75.5,220.6,1,73.53,0,0.88231593,High
2344-JMOGN,0,0,0,0,1,1,0,No,0,0,0,0,0,0,Month-to-month,1,Bank transfer (automatic),20.2,20.2,1,20.2,0,0.6852027,High
3799-ISUZQ,1,0,1,0,3,1,1,Fiber optic,0,0,0,0,0,0,Month-to-month,1,Credit card (automatic),74.75,229.5,1,76.5,0,0.8592625,High
1794-HBQTJ,0,0,0,0,23,1,1,Fiber optic,0,0,1,1,1,1,Month-to-month,1,Mailed check,104.05,2470.1,1,107.4,4,0.7765917,High
2460-FPSYH,1,0,0,0,13,1,1,Fiber optic,1,1,0,0,1,0,Month-to-month,1,Electronic check,96.65,1244.5,1,95.73,3,0.8517292,High
4818-DRBQT,0,1,0,0,1,1,0,No,0,0,0,0,0,0,Month-to-month,0,Mailed check,20.05,20.05,1,20.05,0,0.63411945,High
1320-HTRDR,1,0,0,0,39,1,1,Fiber optic,0,1,1,0,1,1,Month-to-month,1,Electronic check,103.45,3994.45,1,102.42,4,0.7901698,High
1493-AMTIE,1,0,1,1,1,1,0,No,0,0,0,0,0,0,Month-to-month,1,Electronic check,19.9,19.9,1,19.9,0,0.58223426,Medium
6424-ELEYH,0,0,1,0,14,0,0,DSL,0,0,0,0,1,1,Month-to-month,0,Electronic check,46.35,667.7,1,47.69,2,0.7342846,High
4391-RESHN,0,0,0,0,1,1,0,No,0,0,0,0,0,0,Month-to-month,0,Electronic check,19.95,19.95,1,19.95,0,0.6899261,High
6821-BUXUX,0,0,0,0,1,1,0,Fiber optic,0,0,0,0,0,1,Month-to-month,0,Electronic check,79.6,79.6,1,79.6,1,0.894318,High
5028-HTLJB,0,0,0,0,1,1,0,Fiber optic,0,0,0,1,0,0,Month-to-month,1,Electronic check,75.9,75.9,1,75.9,1,0.8990698,High
9801-GDWGV,0,0,1,0,1,1,0,Fiber optic,0,0,1,0,0,0,Month-to-month,0,Electronic check,76.2,76.2,1,76.2,1,0.9098908,High
2320-JRSDE,0,0,0,1,1,1,0,No,0,0,0,0,0,0,Month-to-month,0,Mailed check,19.25,19.25,1,19.25,0,0.4568655,Medium
0601-WZHJF,1,0,1,0,42,1,1,Fiber optic,0,0,1,1,0,0,Month-to-month,1,Electronic check,84.3,3588.4,1,85.44,2,0.6596269,High
5143-WMWOG,1,0,0,0,7,1,0,Fiber optic,0,0,0,0,1,0,Month-to-month,1,Electronic check,79.0,522.95,1,74.71,1,0.84564114,High
5393-RXQSZ,1,0,0,0,1,1,0,Fiber optic,0,0,0,0,0,0,Month-to-month,1,Electronic check,70.25,70.25,1,70.25,0,0.9268894,High
0231-LXVAP,1,1,0,0,10,1,0,Fiber optic,0,0,1,0,0,1,Month-to-month,1,Credit card (automatic),84.6,865.55,1,86.56,2,0.80095404,High
9444-JTXHZ,1,0,1,1,17,1,1,No,0,0,0,0,0,0,Month-to-month,0,Mailed check,24.1,409.9,1,24.11,0,0.10640482,Low
5510-BOIUJ,1,0,0,1,1,1,0,DSL,1,1,0,1,0,0,Month-to-month,1,Electronic check,60.0,60.0,1,60.0,3,0.65649587,High
4471-KXAUH,0,0,0,0,8,1,1,Fiber optic,0,0,0,0,0,1,Month-to-month,1,Electronic check,86.55,649.65,1,81.21,1,0.86259645,High
7638-QVMVY,1,1,1,0,1,1,0,No,0,0,0,0,0,0,Month-to-month,1,Mailed check,20.85,20.85,1,20.85,0,0.6893934,High
3244-DCJWY,1,0,0,0,39,0,0,DSL,0,0,1,0,1,1,Month-to-month,1,Electronic check,50.75,2011.4,1,51.57,3,0.6270508,High
0875-CABNR,1,1,1,0,58,1,0,Fiber optic,1,1,0,1,1,1,One year,1,Credit card (automatic),105.5,6205.5,1,106.99,5,0.54153633,Medium
7812-FZHPE,0,1,0,0,6,1,0,Fiber optic,1,0,0,0,1,0,Month-to-month,1,Bank transfer (automatic),85.15,503.6,1,83.93,2,0.77046436,High
4797-AXPXK,0,0,1,0,22,1,0,DSL,1,0,0,1,0,0,Month-to-month,1,Electronic check,54.2,1152.7,1,52.4,2,0.49989948,Medium
5229-PRWKT,1,0,1,0,70,1,1,Fiber optic,0,1,1,1,1,1,One year,1,Electronic check,109.5,7674.55,1,109.64,5,0.612172,High
6982-UQZLY,0,0,1,0,21,1,1,Fiber optic,0,1,1,0,1,1,Month-to-month,0,Electronic check,104.4,2157.95,1,102.76,4,0.8089466,High
5057-LCOUI,0,1,1,0,71,1,1,Fiber optic,1,1,0,0,1,1,Month-to-month,1,Credit card (automatic),105.1,7548.1,1,106.31,4,0.6079656,High
0193-ESZXP,1,0,0,0,1,1,0,Fiber optic,0,1,0,0,0,0,Month-to-month,1,Electronic check,75.7,75.7,1,75.7,1,0.91945106,High
4369-HTUIF,1,1,1,0,20,1,1,Fiber optic,0,0,1,0,1,0,Month-to-month,0,Electronic check,90.8,1951.0,1,97.55,2,0.7643077,High
0156-FVPTA,1,0,1,0,4,1,1,Fiber optic,0,1,0,0,1,1,Month-to-month,1,Electronic check,97.95,384.5,1,96.12,3,0.9336609,High
1984-FCOWB,0,0,0,0,32,1,1,Fiber optic,1,1,0,1,1,1,Month-to-month,1,Credit card (automatic),108.15,3432.9,1,107.28,5,0.64974284,High
0654-HMSHN,0,0,0,0,6,1,0,Fiber optic,0,0,0,0,1,0,Month-to-month,1,Credit card (automatic),80.5,463.05,1,77.18,1,0.77577966,High
5287-QWLKY,1,1,1,0,27,1,1,Fiber optic,1,0,0,1,1,1,Month-to-month,1,Bank transfer (automatic),104.3,2867.75,1,106.21,4,0.7829274,High
5196-SGOAK,0,0,0,0,1,1,0,Fiber optic,0,0,0,0,0,0,Month-to-month,1,Mailed check,71.35,71.35,1,71.35,0,0.88611454,High
1891-UAWWU,1,0,0,0,13,1,1,Fiber optic,0,1,1,1,0,0,Month-to-month,0,Electronic check,89.4,1132.35,1,87.1,3,0.7300081,High
6108-OQZDQ,0,0,0,0,1,1,0,No,0,0,0,0,0,0,Month-to-month,0,Mailed check,20.6,20.6,1,20.6,0,0.54515857,Medium
0363-QJVFX,0,0,0,0,19,1,1,Fiber optic,0,1,0,0,1,1,Month-to-month,1,Electronic check,99.95,1931.75,1,101.67,3,0.848884,High
9840-DVNDC,1,0,0,0,10,1,1,Fiber optic,0,1,0,0,0,0,Month-to-month,1,Credit card (automatic),81.0,818.05,1,81.8,1,0.80062264,High
3096-JRDSO,1,1,1,0,13,1,0,Fiber optic,0,0,0,0,0,0,Month-to-month,1,Electronic check,70.15,916.75,1,70.52,0,0.84688896,High
8042-JVNFH,1,1,1,0,68,1,1,Fiber optic,1,1,0,0,0,1,One year,1,Credit card (automatic),96.55,6581.9,1,96.79,3,0.39247423,Medium
3374-LXDEV,1,0,0,0,39,1,0,Fiber optic,1,0,1,1,1,0,One year,1,Electronic check,95.55,3692.85,1,94.69,4,0.36093113,Medium
5049-GLYVG,1,1,0,0,1,1,0,Fiber optic,0,0,0,0,0,0,Month-to-month,1,Electronic check,69.65,69.65,1,69.65,0,0.9284496,High
5883-GTGVD,1,1,0,0,1,1,0,Fiber optic,0,0,0,0,1,1,Month-to-month,1,Electronic check,89.3,89.3,1,89.3,2,0.9468161,High
4817-QRJSX,1,0,0,0,36,1,0,Fiber optic,0,0,1,1,0,1,Month-to-month,1,Electronic check,87.55,3078.1,1,85.5,3,0.6627112,High
2398-YPMUR,1,1,0,0,15,1,0,Fiber optic,1,0,1,1,0,1,Month-to-month,1,Mailed check,96.3,1426.75,1,95.12,4,0.69612026,High
9985-MWVIX,1,0,0,0,5,1,1,Fiber optic,0,0,0,0,1,0,Month-to-month,1,Electronic check,85.2,474.8,1,94.96,1,0.9119307,High
1265-XTECC,1,0,0,0,13,0,0,DSL,0,0,0,0,0,1,Month-to-month,1,Electronic check,35.1,446.1,1,34.32,1,0.7334924,High
2237-ZFSMY,0,0,1,0,5,1,1,Fiber optic,0,1,0,0,0,0,Month-to-month,1,Electronic check,81.3,416.3,1,83.26,1,0.89906466,High
4871-JTKJF,1,0,0,1,2,1,0,No,0,0,0,0,0,0,Month-to-month,1,Electronic check,19.6,35.85,1,17.92,0,0.38914096,Medium
1415-YFWLT,1,0,1,0,17,1,1,Fiber optic,0,0,0,0,0,1,Month-to-month,1,Electronic check,85.45,1451.6,1,85.39,1,0.83887273,High
6711-VTNRE,0,0,1,0,1,1,0,Fiber optic,0,0,0,0,0,0,Month-to-month,1,Electronic check,71.0,71.0,1,71.0,0,0.92778665,High
3500-RMZLT,0,1,0,0,9,1,1,Fiber optic,0,0,0,0,0,1,Month-to-month,1,Electronic check,85.05,746.5,1,82.94,1,0.8809383,High
4548-SDBKE,0,0,0,1,1,1,0,DSL,0,0,0,0,0,0,Month-to-month,1,Electronic check,44.4,44.4,1,44.4,0,0.73278576,High
8066-POXGX,0,1,1,0,1,1,0,Fiber optic,0,0,0,0,0,0,Month-to-month,1,Electronic check,70.3,70.3,1,70.3,0,0.93432885,High
4143-OOBWZ,1,0,1,0,1,1,0,Fiber optic,0,0,0,0,1,0,Month-to-month,1,Bank transfer (automatic),79.35,79.35,1,79.35,1,0.9165278,High
7854-EKTJL,1,0,0,0,9,1,0,Fiber optic,0,0,0,0,1,1,Month-to-month,1,Bank transfer (automatic),90.8,809.75,1,89.97,2,0.8233843,High
9102-IAYHT,0,0,1,0,20,1,0,Fiber optic,0,0,0,0,0,0,Month-to-month,1,Electronic check,70.45,1470.95,1,73.55,0,0.73552746,High
3422-LYEPQ,0,1,0,0,70,0,0,DSL,0,0,0,0,1,1,One year,1,Electronic check,45.25,3264.45,1,46.64,2,0.45822045,Medium
2642-DTVCO,1,0,0,0,3,1,1,Fiber optic,0,0,0,0,0,0,Month-to-month,1,Electronic check,75.8,246.3,1,82.1,0,0.8926658,High
4361-JEIVL,0,1,0,0,20,1,0,Fiber optic,0,0,0,0,0,0,Month-to-month,0,Credit card (automatic),71.3,1389.2,1,69.46,0,0.5383331,Medium
1363-TXLSL,0,1,1,0,21,1,0,Fiber optic,0,0,0,0,0,0,Month-to-month,1,Electronic check,69.1,1474.75,1,70.23,0,0.7475219,High
9507-EXLTT,1,0,1,0,17,1,1,Fiber optic,0,0,1,0,1,0,Month-to-month,0,Electronic check,88.25,1460.65,1,85.92,2,0.7904814,High
9846-GKXAS,1,0,0,0,2,1,0,Fiber optic,0,0,0,0,0,0,Month-to-month,0,Bank transfer (automatic),70.0,153.05,1,76.53,0,0.7846268,High
6017-PPLPX,1,0,0,0,21,1,1,Fiber optic,0,0,0,0,1,1,Month-to-month,1,Electronic check,97.35,2119.5,1,100.93,2,0.8534399,High
7136-RVDTZ,0,0,1,1,5,1,1,No,0,0,0,0,0,0,Month-to-month,1,Bank transfer (automatic),25.9,135.0,1,27.0,0,0.31585923,Medium
4581-SSPWD,0,0,0,0,24,1,1,DSL,1,0,0,0,0,0,Month-to-month,1,Bank transfer (automatic),55.65,1400.55,1,58.36,1,0.3287221,Medium
6927-WTFIV,1,0,0,0,1,1,0,Fiber optic,0,0,0,0,0,0,Month-to-month,1,Electronic check,69.65,69.65,1,69.65,0,0.9234171,High
3398-ZOUAA,1,0,0,0,10,1,1,Fiber optic,0,0,1,0,1,1,Month-to-month,1,Electronic check,100.6,1060.2,1,106.02,3,0.92786545,High
0378-NHQXU,1,1,0,0,1,1,0,Fiber optic,0,1,0,0,0,1,Month-to-month,1,Electronic check,86.0,86.0,1,86.0,2,0.93103474,High
4512-ZUIYL,1,0,0,0,53,1,1,Fiber optic,1,0,1,0,1,1,One year,1,Credit card (automatic),106.95,5785.5,1,109.16,4,0.5253489,Medium
7969-AULMZ,0,0,0,0,3,0,0,DSL,0,1,0,0,0,0,Month-to-month,1,Electronic check,29.6,79.45,1,26.48,1,0.818883,High
0568-ONFPC,0,1,1,0,46,0,0,DSL,0,1,1,1,1,1,One year,1,Bank transfer (automatic),59.9,2816.65,1,61.23,5,0.3998217,Medium
0733-VUNUW,1,0,1,0,49,1,1,Fiber optic,0,0,0,0,1,1,Month-to-month,1,Electronic check,95.6,4783.5,1,97.62,2,0.7969497,High
4550-EVXNY,0,0,0,0,11,0,0,DSL,0,0,1,0,1,0,One year,1,Electronic check,41.6,470.6,1,42.78,2,0.546866,Medium
2968-SSGAA,0,0,0,0,45,1,1,Fiber optic,0,1,0,0,1,1,Month-to-month,1,Credit card (automatic),100.85,4740.0,1,105.33,3,0.7631372,High
4844-JJWUY,0,0,1,1,37,0,0,DSL,1,1,1,0,0,0,Month-to-month,0,Bank transfer (automatic),40.2,1448.8,1,39.16,3,0.13393158,Low
6777-TGHTM,0,0,1,0,49,1,1,Fiber optic,0,0,0,0,1,0,Month-to-month,0,Electronic check,84.5,4254.85,1,86.83,1,0.6825972,High
3538-WZPHD,1,1,0,0,14,1,1,Fiber optic,0,1,0,0,0,0,Month-to-month,1,Electronic check,78.95,1101.85,1,78.7,1,0.84895456,High
4785-QRJHC,0,0,0,0,1,1,0,No,0,0,0,0,0,0,Month-to-month,0,Mailed check,20.2,20.2,1,20.2,0,0.60256684,High
8610-WFCJF,1,1,0,0,47,1,1,Fiber optic,0,1,1,0,0,0,Month-to-month,1,Bank transfer (automatic),85.2,3969.35,1,84.45,2,0.5994263,Medium
4905-JEFDW,0,1,1,0,13,1,0,Fiber optic,0,1,1,0,1,1,Month-to-month,1,Electronic check,98.0,1237.85,1,95.22,4,0.8947293,High
7881-INRLC,0,0,1,0,5,1,0,Fiber optic,0,0,1,0,1,1,Month-to-month,1,Electronic check,94.45,498.1,1,99.62,3,0.9139496,High
0117-LFRMW,0,1,0,0,3,1,1,Fiber optic,0,1,1,0,1,1,Month-to-month,1,Electronic check,105.0,294.45,1,98.15,4,0.9270757,High
6172-FECYY,1,1,1,0,26,1,1,Fiber optic,0,1,1,0,0,1,Month-to-month,1,Electronic check,93.85,2381.55,1,91.6,3,0.78552496,High
1965-AKTSX,1,1,1,0,8,1,1,Fiber optic,0,0,0,0,0,1,Month-to-month,1,Electronic check,84.0,613.4,1,76.68,1,0.88400143,High
4786-UKSNZ,1,0,1,0,9,0,0,DSL,0,0,1,0,1,1,Month-to-month,1,Electronic check,48.75,442.2,1,49.13,3,0.79922056,High
7248-VZQLC,0,0,0,0,1,1,0,Fiber optic,0,0,1,0,1,0,Month-to-month,1,Electronic check,84.85,84.85,1,84.85,2,0.93809766,High
0011-IGKFF,0,0,0,0,12,1,0,DSL,1,0,0,1,0,0,Month-to-month,0,Mailed check,56.65,654.85,1,54.57,2,0.3053641,Medium
4192-GORJT,1,0,0,0,42,1,0,DSL,1,1,1,1,0,1,One year,0,Credit card (automatic),73.9,3160.55,1,75.25,5,0.18494684,Low
6496-SLWHQ,1,0,1,0,33,1,1,No,0,0,0,0,0,0,Two year,1,Mailed check,24.5,740.3,1,22.43,0,0.0772026,Low
9912-GVSEQ,1,0,0,0,31,1,1,Fiber optic,0,0,1,0,0,1,Month-to-month,1,Electronic check,89.9,2806.9,1,90.55,2,0.7574925,High
5383-MMTWC,0,1,1,0,18,1,0,Fiber optic,0,0,0,0,0,1,Month-to-month,0,Electronic check,78.55,1422.65,1,79.04,1,0.72973937,High
7240-ETPTR,0,0,1,0,42,1,1,Fiber optic,0,1,1,1,0,1,Month-to-month,1,Electronic check,99.45,4138.05,1,98.52,4,0.70313233,High
2202-CUYXZ,0,1,0,0,4,0,0,DSL,0,0,0,0,0,0,Month-to-month,1,Bank transfer (automatic),25.2,102.5,1,25.62,0,0.77248025,High
5995-OIGLP,1,0,0,0,12,1,1,DSL,0,0,0,1,1,1,One year,0,Mailed check,74.05,872.65,1,72.72,3,0.2619514,Low
6261-RCVNS,1,1,0,0,15,1,1,DSL,0,0,0,1,0,0,Month-to-month,0,Credit card (automatic),55.0,757.1,1,50.47,1,0.46355787,Medium
7951-QKZPL,0,0,1,0,7,1,0,Fiber optic,0,1,0,1,1,0,Month-to-month,1,Electronic check,89.75,608.8,1,86.97,3,0.8241994,High
3640-PHQXK,0,0,1,0,14,1,1,Fiber optic,0,0,0,0,0,1,Month-to-month,1,Electronic check,85.15,1139.2,1,81.37,1,0.88659,High
6877-LGWXO,0,1,1,0,3,1,1,Fiber optic,0,0,0,0,1,1,Month-to-month,1,Electronic check,94.6,279.55,1,93.18,2,0.9380136,High
8019-ENHXU,0,0,0,0,16,1,0,Fiber optic,1,0,0,0,1,1,Month-to-month,1,Electronic check,94.25,1483.25,1,92.7,3,0.8083294,High
5167-GBFRE,0,0,1,0,65,1,1,DSL,1,1,1,0,0,1,One year,0,Credit card (automatic),72.45,4653.85,1,71.6,4,0.17234074,Low
9033-EOXWV,1,0,0,0,42,1,1,Fiber optic,1,0,1,0,1,1,Month-to-month,1,Electronic check,105.2,4400.75,1,104.78,4,0.78514487,High
1324-NLTJE,0,0,1,0,6,1,1,Fiber optic,0,0,0,0,1,0,Month-to-month,1,Electronic check,82.85,460.25,1,76.71,1,0.88650215,High
1522-VVDMG,0,1,1,0,53,1,1,Fiber optic,0,1,1,0,1,1,Month-to-month,1,Electronic check,103.85,5485.5,1,103.5,4,0.82328784,High
9185-TQCVP,1,0,1,0,5,1,0,Fiber optic,0,1,0,0,0,1,Month-to-month,1,Electronic check,83.6,404.2,1,80.84,2,0.87422824,High
5567-WSELE,0,0,0,0,68,1,1,Fiber optic,0,1,1,1,1,1,One year,0,Electronic check,108.45,7176.55,1,105.54,5,0.6272937,High
8063-RJYNF,1,0,1,0,3,1,1,Fiber optic,0,1,0,0,0,1,Month-to-month,1,Credit card (automatic),91.5,242.95,1,80.98,2,0.86410695,High
0687-ZVTHB,0,0,1,0,12,1,0,Fiber optic,1,0,0,1,0,0,Month-to-month,0,Bank transfer (automatic),80.85,866.45,1,72.2,2,0.6345811,High
9661-ACXBS,1,0,0,0,43,0,0,DSL,0,0,1,0,1,1,Month-to-month,1,Bank transfer (automatic),49.05,2076.2,1,48.28,3,0.5368184,Medium
3727-RJMEO,0,1,1,0,68,1,1,Fiber optic,0,1,1,0,1,1,Month-to-month,1,Electronic check,105.3,7299.65,1,107.35,4,0.792747,High
6646-VRFOL,0,1,0,0,25,1,1,Fiber optic,0,1,0,0,1,0,Month-to-month,1,Electronic check,88.95,2291.2,1,91.65,2,0.7769285,High
5685-IIXLY,0,1,1,0,66,1,1,Fiber optic,0,1,1,1,1,1,One year,1,Electronic check,110.85,7491.75,1,113.51,5,0.6882735,High
4250-ZBWLV,1,0,1,0,70,1,1,Fiber optic,1,1,1,1,1,1,Two year,1,Bank transfer (automatic),114.2,7723.9,1,110.34,6,0.2149163,Low
5095-AESKG,0,1,1,0,27,0,0,DSL,0,0,0,0,0,1,Month-to-month,0,Bank transfer (automatic),36.5,1032.0,1,38.22,1,0.57607746,Medium
1871-MOWRM,1,0,0,0,1,1,0,Fiber optic,0,0,0,0,0,0,Month-to-month,0,Mailed check,70.75,70.75,1,70.75,0,0.85381836,High
2027-OAQQC,0,0,0,0,3,0,0,DSL,0,0,1,0,1,0,Month-to-month,1,Mailed check,40.15,130.75,1,43.58,2,0.8110351,High
9090-SGQXL,0,1,1,0,29,1,1,Fiber optic,0,0,0,0,1,1,Month-to-month,1,Electronic check,94.45,2653.65,1,91.51,2,0.8430864,High
6595-YGXIT,1,0,1,0,36,1,1,Fiber optic,0,1,1,0,1,0,Month-to-month,1,Bank transfer (automatic),97.35,3457.9,1,96.05,3,0.69505817,High
9835-ZIITK,0,0,0,0,1,0,0,DSL,0,0,0,0,1,1,Month-to-month,1,Mailed check,45.3,45.3,1,45.3,2,0.87357366,High
1555-DJEQW,0,0,0,0,2,1,0,Fiber optic,0,0,1,0,1,1,Month-to-month,0,Electronic check,94.95,178.1,1,89.05,3,0.8888014,High
5649-TJHOV,1,0,0,1,12,1,0,DSL,0,0,0,0,0,0,Month-to-month,1,Electronic check,44.55,480.6,1,40.05,0,0.40172908,Medium
0519-XUZJU,0,0,1,0,1,0,0,DSL,0,0,0,0,0,0,Month-to-month,1,Electronic check,23.45,23.45,1,23.45,0,0.88000786,High
6338-AVWCY,0,0,0,0,1,0,0,DSL,1,0,0,0,0,0,Month-to-month,0,Mailed check,29.7,29.7,1,29.7,1,0.71197873,High
9253-QXKBE,1,0,1,0,59,1,1,Fiber optic,0,1,0,0,1,1,Month-to-month,0,Electronic check,101.1,6039.9,1,102.37,3,0.7108094,High
9445-SZLCH,1,0,0,0,3,1,1,DSL,0,0,0,0,0,0,Month-to-month,1,Mailed check,50.65,151.3,1,50.43,0,0.7588384,High
7568-PODML,1,0,0,0,1,1,0,DSL,0,0,0,0,0,1,Month-to-month,1,Electronic check,55.4,55.4,1,55.4,1,0.8647201,High
5349-IECLD,1,1,1,0,1,1,1,Fiber optic,0,1,0,0,1,0,Month-to-month,1,Electronic check,90.6,90.6,1,90.6,2,0.9476752,High
3945-GFWQL,0,1,1,0,2,1,1,Fiber optic,0,0,0,0,1,0,Month-to-month,1,Mailed check,86.85,156.35,1,78.18,1,0.89836866,High
3797-VTIDR,1,1,1,0,29,1,1,Fiber optic,0,0,1,0,1,1,Month-to-month,1,Bank transfer (automatic),99.05,2952.85,1,101.82,3,0.8201127,High
9526-BIHHD,1,0,0,0,52,1,1,Fiber optic,1,1,0,1,1,1,One year,1,Credit card (automatic),111.25,5916.45,1,113.78,5,0.5296016,Medium
4523-WXCEF,0,0,0,0,2,1,0,DSL,1,0,1,0,0,0,Month-to-month,1,Mailed check,55.1,113.35,1,56.68,2,0.67526674,High
8364-TRMMK,0,0,1,0,13,1,1,Fiber optic,0,0,1,0,1,1,Month-to-month,1,Credit card (automatic),102.25,1359.0,1,104.54,3,0.8794263,High
3063-QFSZL,0,1,0,0,19,1,0,Fiber optic,0,0,1,0,1,1,Month-to-month,1,Credit card (automatic),95.9,1777.9,1,93.57,3,0.73690784,High
8775-LHDJH,1,1,0,0,47,1,1,Fiber optic,0,1,0,1,1,0,Month-to-month,1,Electronic check,95.05,4504.55,1,95.84,3,0.6809695,High
3097-NQYSN,1,0,0,0,5,1,0,DSL,1,0,0,1,0,0,Month-to-month,0,Credit card (automatic),53.85,259.8,1,51.96,2,0.42647204,Medium
3565-UNOCC,0,1,1,0,52,1,1,Fiber optic,1,0,1,0,1,1,Month-to-month,1,Electronic check,104.2,5568.35,1,107.08,4,0.81010795,High
9249-FXSCK,1,0,1,0,42,1,1,DSL,0,0,0,0,0,0,Month-to-month,1,Electronic check,50.25,2203.65,1,52.47,0,0.57443726,Medium
5493-SDRDQ,1,0,0,0,25,1,0,Fiber optic,0,1,1,0,1,1,Month-to-month,1,Electronic check,99.5,2369.05,1,94.76,4,0.8031227,High
0871-URUWO,1,0,0,0,9,1,0,Fiber optic,0,0,0,0,0,0,Month-to-month,0,Electronic check,71.0,672.55,1,74.73,0,0.72718596,High
9190-MFJLN,1,0,0,0,16,1,0,Fiber optic,0,1,1,0,0,1,Month-to-month,1,Credit card (automatic),93.2,1573.7,1,98.36,3,0.6993166,High
1095-JUDTC,0,0,1,0,5,1,0,No,0,0,0,0,0,0,Month-to-month,0,Mailed check,19.35,126.05,1,25.21,0,0.38796237,Medium
0870-VEMYL,0,0,0,0,3,1,0,No,0,0,0,0,0,0,Month-to-month,0,Mailed check,19.85,64.55,1,21.52,0,0.3365385,Medium
5385-SUIRI,1,0,1,0,31,1,1,Fiber optic,0,0,1,1,1,1,Month-to-month,1,Electronic check,104.2,3243.45,1,104.63,4,0.82788575,High
3982-XWFZQ,0,0,0,0,1,1,0,Fiber optic,0,0,0,0,0,1,Month-to-month,1,Electronic check,79.25,79.25,1,79.25,1,0.9285304,High
4009-ALQFH,1,0,0,0,1,1,0,DSL,0,0,0,0,0,0,Month-to-month,1,Bank transfer (automatic),44.9,44.9,1,44.9,0,0.8140466,High
3627-FCRDW,0,0,1,0,10,1,0,Fiber optic,0,0,0,0,0,0,Month-to-month,1,Electronic check,70.1,659.65,1,65.96,0,0.83480775,High
7562-GSUHK,0,0,0,0,4,0,0,DSL,0,0,1,0,0,0,Month-to-month,1,Electronic check,29.65,118.5,1,29.62,1,0.8242886,High
4903-UYAVB,0,0,0,0,43,1,1,Fiber optic,0,1,0,0,0,0,Month-to-month,1,Electronic check,77.85,3365.85,1,78.28,1,0.6463908,High
6776-TLWOI,0,0,0,0,4,1,0,DSL,0,0,0,0,0,1,Month-to-month,0,Electronic check,54.3,195.3,1,48.82,1,0.70382017,High
4077-CROMM,1,1,0,0,11,1,1,Fiber optic,0,0,0,0,1,1,Month-to-month,1,Bank transfer (automatic),95.15,997.65,1,90.7,2,0.877417,High
2868-MZAGQ,0,0,1,0,47,1,1,Fiber optic,1,0,1,1,1,1,One year,1,Credit card (automatic),110.85,5275.8,1,112.25,5,0.56943166,Medium
4847-QNOKA,0,0,0,0,1,1,0,Fiber optic,0,0,0,0,0,1,Month-to-month,0,Electronic check,80.5,80.5,1,80.5,1,0.89494425,High
6379-RXJRQ,0,0,0,0,4,1,1,Fiber optic,0,0,0,0,0,0,Month-to-month,1,Bank transfer (automatic),72.2,305.55,1,76.39,0,0.8379977,High
8650-RHRKE,0,0,0,0,17,1,0,DSL,0,0,0,1,0,0,Month-to-month,0,Mailed check,51.5,900.5,1,52.97,1,0.3242727,Medium
0475-RIJEP,0,1,0,0,43,1,0,Fiber optic,0,0,0,0,1,1,Month-to-month,1,Mailed check,89.55,3856.75,1,89.69,2,0.6305029,High
1260-TTRXI,0,0,1,0,21,1,1,DSL,1,1,0,1,1,0,One year,0,Mailed check,77.5,1625.0,1,77.38,4,0.14212413,Low
6328-ZPBGN,0,0,1,0,42,1,1,Fiber optic,0,1,1,0,1,0,Month-to-month,1,Bank transfer (automatic),95.25,3959.35,1,94.27,3,0.65903306,High
4789-KWMXN,0,1,0,0,46,1,0,Fiber optic,1,0,0,0,0,1,Month-to-month,0,Electronic check,85.0,3969.4,1,86.29,2,0.57328814,Medium
2867-UIMSS,1,0,1,0,5,1,0,Fiber optic,0,0,0,1,1,0,Month-to-month,1,Electronic check,85.75,470.95,1,94.19,2,0.8805743,High
8111-RKSPX,1,1,0,0,6,1,1,Fiber optic,0,1,0,0,1,1,Month-to-month,1,Electronic check,98.25,560.6,1,93.43,3,0.9134128,High
1585-MQSSU,1,1,0,0,1,0,0,DSL,0,0,0,0,0,0,Month-to-month,1,Mailed check,25.7,25.7,1,25.7,0,0.8520102,High
2856-NNASM,1,0,1,0,7,1,0,Fiber optic,0,0,0,0,0,0,Month-to-month,1,Electronic check,69.0,506.9,1,72.41,0,0.8186523,High
8559-CIZFV,0,0,0,0,2,1,0,DSL,0,0,0,0,0,0,Month-to-month,0,Bank transfer (automatic),46.05,80.35,1,40.17,0,0.7047896,High
7547-EKNFS,1,1,1,0,1,1,0,Fiber optic,0,1,0,0,0,0,Month-to-month,1,Mailed check,76.4,76.4,1,76.4,1,0.9078765,High
6769-DYBQN,1,0,0,0,5,1,1,Fiber optic,0,0,1,0,1,1,Month-to-month,1,Electronic check,100.5,514.0,1,102.8,3,0.9340372,High
4439-JMPMT,0,1,1,1,22,0,0,DSL,1,0,0,0,0,1,Month-to-month,0,Mailed check,40.05,880.2,1,40.01,2,0.22262864,Low
2446-BEGGB,0,0,0,0,1,1,0,Fiber optic,0,0,0,0,0,0,Month-to-month,0,Electronic check,69.95,69.95,1,69.95,0,0.88665676,High
1496-GGSUK,0,0,0,0,1,1,1,Fiber optic,0,0,0,0,1,1,Month-to-month,1,Electronic check,93.3,93.3,1,93.3,2,0.94879943,High
2575-GFSOE,0,0,0,0,3,1,0,DSL,0,0,1,0,0,0,Month-to-month,1,Electronic check,49.15,169.05,1,56.35,1,0.78843963,High
2842-JTCCU,1,0,0,0,1,0,0,DSL,0,0,0,0,0,1,Month-to-month,0,Mailed check,35.05,35.05,1,35.05,1,0.80733883,High
3296-SILRA,1,1,0,0,1,1,0,Fiber optic,0,1,0,0,0,0,Month-to-month,1,Electronic check,73.0,73.0,1,73.0,1,0.9239936,High
9681-OXGVC,0,1,0,0,33,1,1,Fiber optic,0,1,1,0,0,0,Month-to-month,1,Credit card (automatic),83.85,2716.3,1,82.31,2,0.65118396,High
5180-UCIIQ,1,1,0,0,2,1,0,Fiber optic,0,0,0,0,0,0,Month-to-month,1,Electronic check,70.65,142.35,1,71.18,0,0.8948485,High
7153-OANIO,0,0,0,0,2,1,0,No,0,0,0,0,0,0,Month-to-month,0,Mailed check,20.35,33.2,1,16.6,0,0.37009588,Medium
6521-YYTYI,1,0,0,0,3,1,0,Fiber optic,1,0,1,0,1,1,Month-to-month,1,Credit card (automatic),99.0,287.4,1,95.8,4,0.8471944,High
8878-HMWBV,0,0,0,0,26,1,1,Fiber optic,0,0,0,0,0,1,Month-to-month,1,Electronic check,83.95,2254.2,1,86.7,1,0.7692046,High
3751-KTZEL,0,0,0,0,67,1,1,Fiber optic,1,1,1,1,1,1,Two year,0,Credit card (automatic),116.2,7752.3,1,115.71,6,0.27979034,Low
1977-STDKI,1,0,1,0,71,1,1,Fiber optic,0,0,0,0,1,1,Two year,1,Bank transfer (automatic),93.7,6585.35,1,92.75,2,0.176177,Low
5813-UECBU,0,0,0,0,1,1,0,No,0,0,0,0,0,0,Month-to-month,0,Mailed check,19.7,19.7,1,19.7,0,0.6218551,High
0328-GRPMV,1,0,0,0,5,1,1,Fiber optic,0,0,0,0,0,0,Month-to-month,0,Electronic check,75.55,413.65,1,82.73,0,0.83598876,High
4342-HENTK,1,0,0,0,9,1,0,Fiber optic,0,0,0,0,1,0,Month-to-month,1,Bank transfer (automatic),77.65,714.15,1,79.35,1,0.7771489,High
4195-SMMNX,1,1,0,0,26,1,1,Fiber optic,1,1,0,0,0,1,Month-to-month,1,Electronic check,95.0,2497.2,1,96.05,3,0.73017675,High
6956-SMUCM,0,0,0,0,54,1,0,Fiber optic,1,1,0,1,1,1,One year,1,Credit card (automatic),105.4,5643.4,1,104.51,5,0.52177685,Medium
3223-WZWJM,0,0,0,0,2,1,0,Fiber optic,0,0,1,0,1,1,Month-to-month,1,Electronic check,95.85,197.7,1,98.85,3,0.9264145,High
9053-JZFKV,0,0,0,0,1,1,1,Fiber optic,0,1,0,0,0,0,Month-to-month,1,Electronic check,79.15,79.15,1,79.15,1,0.9273747,High
2530-ENDWQ,1,0,1,0,30,1,0,No,0,0,0,0,0,0,Month-to-month,0,Bank transfer (automatic),19.65,655.85,1,21.86,0,0.21915852,Low
6615-ZGEDR,1,0,0,0,4,1,0,Fiber optic,0,0,0,0,1,0,Month-to-month,1,Electronic check,79.0,303.15,1,75.79,1,0.8701341,High
9250-WYPLL,1,0,1,0,17,1,0,Fiber optic,1,0,0,1,1,0,Month-to-month,0,Electronic check,91.85,1574.45,1,92.61,3,0.69357264,High
2754-XBHTB,1,1,0,0,60,1,1,Fiber optic,0,0,1,1,1,1,One year,1,Electronic check,106.0,6441.4,1,107.36,4,0.60787237,High
1597-LHYNC,0,0,0,1,1,1,0,DSL,0,0,0,1,0,0,Month-to-month,1,Mailed check,49.9,49.9,1,49.9,1,0.6299764,High
7055-VKGDA,1,0,0,0,13,1,1,Fiber optic,1,0,0,0,1,1,Month-to-month,1,Electronic check,100.35,1358.85,1,104.53,3,0.8767505,High
0754-UKWQP,1,1,1,0,38,1,1,Fiber optic,0,0,0,0,0,0,Month-to-month,1,Bank transfer (automatic),74.95,2869.85,1,75.52,0,0.71651787,High
7493-TPUWZ,0,1,1,1,1,1,0,DSL,0,0,0,1,0,0,Month-to-month,1,Credit card (automatic),49.25,49.25,1,49.25,1,0.596475,Medium
1577-HKTFG,0,0,1,0,50,1,1,Fiber optic,0,1,0,1,1,1,Month-to-month,0,Electronic check,103.7,5071.05,1,101.42,4,0.72225493,High
8752-STIVR,0,0,1,0,65,1,1,Fiber optic,1,1,1,0,0,0,One year,0,Electronic check,89.75,5769.6,1,88.76,3,0.31626555,Medium
4558-FANTW,1,0,0,0,1,1,0,No,0,0,0,0,0,0,Month-to-month,1,Mailed check,20.3,20.3,1,20.3,0,0.6656767,High
8651-ENBZX,0,1,1,0,7,1,1,Fiber optic,0,0,1,0,1,1,Month-to-month,1,Electronic check,101.95,700.85,1,100.12,3,0.9372413,High
7623-TRNQN,0,1,0,0,2,1,1,Fiber optic,0,0,0,0,1,1,Month-to-month,1,Electronic check,94.0,181.7,1,90.85,2,0.9404277,High
9330-IJWIO,1,0,0,0,45,1,1,Fiber optic,0,1,0,0,1,0,Month-to-month,1,Credit card (automatic),89.3,4016.85,1,89.26,2,0.5872485,Medium
9286-DOJGF,1,0,0,0,1,1,0,Fiber optic,0,1,0,0,0,0,Month-to-month,1,Credit card (automatic),74.3,74.3,1,74.3,1,0.8920777,High
9661-MHUMO,0,0,0,0,1,0,0,DSL,0,1,0,1,0,1,Month-to-month,1,Mailed check,44.65,44.65,1,44.65,3,0.7542811,High
1842-EZJMK,0,0,1,0,13,1,0,Fiber optic,1,0,0,0,0,1,Month-to-month,0,Electronic check,84.05,1095.3,1,84.25,2,0.7718308,High
8079-XRJRS,0,0,0,0,10,1,1,Fiber optic,0,1,0,0,0,0,Month-to-month,1,Bank transfer (automatic),80.7,788.8,1,78.88,1,0.780032,High
8073-IJDCM,0,0,0,0,4,1,1,Fiber optic,0,1,0,0,1,1,Month-to-month,1,Electronic check,101.7,364.55,1,91.14,3,0.9215732,High
8884-ADFVN,1,0,0,0,1,1,0,No,0,0,0,0,0,0,Month-to-month,0,Mailed check,20.4,20.4,1,20.4,0,0.54629415,Medium
2720-WGKHP,0,0,1,0,41,1,1,Fiber optic,0,0,1,1,1,1,One year,1,Electronic check,102.6,4213.35,1,102.76,4,0.6679483,High
2869-ADAWR,0,0,1,0,71,1,1,Fiber optic,0,1,1,0,1,1,Two year,1,Bank transfer (automatic),106.0,7723.7,1,108.78,4,0.43416643,Medium
9894-EZEWG,1,0,0,1,3,1,0,DSL,1,0,0,1,0,0,Month-to-month,1,Mailed check,55.1,154.65,1,51.55,2,0.48961025,Medium
7851-FLGGQ,0,0,0,0,69,1,1,Fiber optic,0,0,1,1,1,1,Two year,1,Bank transfer (automatic),106.5,7348.8,1,106.5,4,0.5356093,Medium
0637-UBJRP,1,0,1,0,32,1,1,Fiber optic,0,0,1,0,0,1,Month-to-month,1,Bank transfer (automatic),91.05,2954.5,1,92.33,2,0.7062696,High
0940-OUQEC,1,1,1,0,51,1,1,Fiber optic,1,0,0,0,0,0,Month-to-month,1,Electronic check,77.5,3807.35,1,74.65,1,0.64305663,High
0702-PGIBZ,1,0,1,0,72,0,0,DSL,0,1,1,0,1,1,Two year,1,Electronic check,54.2,3937.45,1,54.69,4,0.10609008,Low
1963-VAUKV,1,0,0,0,6,1,0,Fiber optic,0,0,0,0,0,0,Month-to-month,1,Mailed check,69.25,418.4,1,69.73,0,0.72531474,High
3058-HJCUY,0,0,0,0,1,1,0,DSL,0,0,1,0,0,0,Month-to-month,1,Electronic check,50.5,50.5,1,50.5,1,0.8608628,High
3259-FDWOY,0,1,0,0,1,1,1,Fiber optic,0,0,0,0,0,0,Month-to-month,1,Electronic check,74.4,74.4,1,74.4,0,0.9382642,High
0807-ZABDG,0,0,0,0,31,1,1,DSL,0,1,0,1,1,1,One year,1,Mailed check,79.45,2587.7,1,83.47,4,0.23645905,Low
5748-RNCJT,0,0,0,0,58,1,1,Fiber optic,0,0,1,1,1,1,One year,1,Electronic check,104.65,6219.6,1,107.23,4,0.6858368,High
7739-LAXOG,0,1,1,0,47,1,1,Fiber optic,0,0,1,0,1,1,Month-to-month,1,Electronic check,100.05,4871.05,1,103.64,3,0.85069144,High
9776-CLUJA,0,0,0,0,44,1,0,Fiber optic,0,1,0,1,1,1,Month-to-month,0,Electronic check,100.55,4398.15,1,99.96,4,0.62630874,High
6034-ZRYCV,0,0,0,0,2,1,0,Fiber optic,0,1,0,0,1,1,Month-to-month,0,Electronic check,95.65,167.3,1,83.65,3,0.8659686,High
2079-FBMZK,1,0,0,0,1,1,0,Fiber optic,0,0,1,0,1,1,Month-to-month,0,Electronic check,94.4,94.4,1,94.4,3,0.9195336,High
6608-QQLVK,1,0,0,0,1,1,0,DSL,0,0,0,0,1,0,Month-to-month,1,Credit card (automatic),55.0,55.0,1,55.0,1,0.8195424,High
3551-HUAZH,0,0,0,0,1,1,1,Fiber optic,0,0,1,0,1,1,Month-to-month,1,Electronic check,101.45,101.45,1,101.45,3,0.961348,High
6302-JGYRJ,1,0,1,0,5,1,1,DSL,0,0,1,1,1,0,Month-to-month,0,Bank transfer (automatic),67.95,350.3,1,70.06,3,0.6267519,High
3685-YLCMQ,1,0,0,0,1,1,0,Fiber optic,0,0,0,0,0,0,Month-to-month,1,Electronic check,69.5,69.5,1,69.5,0,0.9234171,High
8634-MPHTR,0,0,0,0,1,1,0,No,0,0,0,0,0,0,Month-to-month,1,Mailed check,18.85,18.85,1,18.85,0,0.5876141,Medium
8761-NSOBC,1,0,0,0,1,1,0,Fiber optic,0,0,0,0,0,0,Month-to-month,1,Electronic check,69.2,69.2,1,69.2,0,0.9234171,High
8413-VONUO,0,0,0,0,1,1,0,Fiber optic,0,0,0,0,0,0,Month-to-month,1,Electronic check,69.65,69.65,1,69.65,0,0.9221682,High
9223-UCPVT,0,1,1,0,40,1,1,Fiber optic,1,0,0,0,1,1,Month-to-month,0,Electronic check,101.85,4086.3,1,102.16,3,0.7903516,High
4351-QLCSU,1,0,0,0,1,1,0,Fiber optic,0,1,1,0,0,0,Month-to-month,1,Electronic check,82.3,82.3,1,82.3,2,0.92387116,High
5419-JPRRN,0,0,0,0,3,1,0,Fiber optic,0,0,0,0,1,0,Month-to-month,0,Electronic check,79.25,267.6,1,89.2,1,0.84139246,High
2100-BDNSN,1,0,0,0,13,1,1,Fiber optic,0,0,0,0,0,1,Month-to-month,1,Electronic check,84.6,1115.2,1,85.78,1,0.87214255,High
0488-GSLFR,1,0,1,0,58,1,1,Fiber optic,1,1,0,0,0,1,Month-to-month,1,Bank transfer (automatic),93.4,5435.6,1,93.72,3,0.50740033,Medium
9318-NKNFC,1,0,1,0,42,1,1,Fiber optic,0,0,0,0,1,1,Month-to-month,1,Electronic check,94.2,4186.3,1,99.67,2,0.7990179,High
9728-FTTVZ,0,1,1,0,1,0,0,DSL,0,0,0,0,0,0,Month-to-month,0,Electronic check,25.05,25.05,1,25.05,0,0.862985,High
7254-IQWOZ,1,0,0,0,29,0,0,DSL,0,0,0,0,0,0,Month-to-month,1,Credit card (automatic),25.1,712.85,1,24.58,0,0.39081135,Medium
2474-BRUCM,0,0,0,1,1,1,0,DSL,0,0,1,0,0,0,Month-to-month,0,Electronic check,48.95,48.95,1,48.95,1,0.68613946,High
0742-NXBGR,0,0,0,0,2,1,0,Fiber optic,0,0,1,0,0,1,Month-to-month,1,Electronic check,85.85,167.3,1,83.65,2,0.906033,High
6110-OHIHY,0,0,0,0,10,1,1,Fiber optic,0,0,0,0,1,1,Month-to-month,0,Electronic check,95.2,930.4,1,93.04,2,0.8475873,High
5889-LFOLL,0,0,0,0,49,1,1,Fiber optic,0,0,0,1,1,1,One year,1,Bank transfer (automatic),100.6,5069.65,1,103.46,3,0.5292707,Medium
5708-EVONK,0,0,1,1,6,1,0,DSL,0,1,1,0,0,0,Month-to-month,1,Mailed check,55.3,324.25,1,54.04,2,0.2450652,Low
8708-XPXHZ,0,1,0,0,2,1,1,Fiber optic,0,0,0,0,0,0,Month-to-month,1,Mailed check,74.85,156.4,1,78.2,0,0.87844366,High
0616-ATFGB,0,0,0,0,35,1,0,Fiber optic,0,1,1,0,1,1,One year,1,Bank transfer (automatic),102.35,3626.1,1,103.6,4,0.5050603,Medium
7016-BPGEU,0,0,1,0,70,1,1,Fiber optic,1,1,1,1,1,1,One year,0,Credit card (automatic),115.65,7968.85,1,113.84,6,0.5033533,Medium
6876-ADESB,0,0,0,0,2,1,0,Fiber optic,0,0,1,1,0,0,Month-to-month,1,Electronic check,79.85,152.45,1,76.22,2,0.8500426,High
1963-SVUCV,0,0,0,0,15,1,1,Fiber optic,0,0,0,0,0,0,Month-to-month,1,Mailed check,76.0,1130.85,1,75.39,0,0.76745313,High
0220-EBGCE,1,1,0,0,42,1,1,Fiber optic,0,1,1,0,1,1,Month-to-month,1,Bank transfer (automatic),104.75,4323.45,1,102.94,4,0.76588506,High
2754-VDLTR,1,0,0,0,9,1,0,DSL,1,1,0,0,1,1,Month-to-month,1,Electronic check,74.65,703.55,1,78.17,4,0.595251,Medium
3190-XFANI,1,0,0,0,1,1,0,DSL,0,0,0,0,0,1,Month-to-month,1,Electronic check,56.25,56.25,1,56.25,1,0.8637252,High
7551-DACSP,0,0,1,0,21,1,1,Fiber optic,0,0,1,1,1,1,Month-to-month,1,Electronic check,106.1,2249.95,1,107.14,4,0.8722956,High
7235-NXZCP,1,1,0,0,2,1,0,Fiber optic,0,0,0,0,0,1,Month-to-month,1,Bank transfer (automatic),79.75,159.4,1,79.7,1,0.8683606,High
0520-FDVVT,1,0,0,0,1,1,0,Fiber optic,0,0,0,0,0,0,Month-to-month,0,Electronic check,68.65,68.65,1,68.65,0,0.8785806,High
1444-VVSGW,0,0,0,0,16,1,0,No,0,0,0,0,0,0,Month-to-month,0,Bank transfer (automatic),20.25,327.45,1,20.47,0,0.18982194,Low
5712-PTIWW,1,1,1,0,14,1,1,Fiber optic,0,1,0,0,1,1,Month-to-month,1,Electronic check,100.2,1369.8,1,97.84,3,0.90595406,High
3315-TOTBP,0,0,1,0,15,1,1,Fiber optic,0,0,0,0,0,0,Month-to-month,1,Bank transfer (automatic),74.9,1107.25,1,73.82,0,0.8169191,High
6661-HBGWL,1,0,0,0,1,1,0,Fiber optic,0,0,0,0,0,0,Month-to-month,1,Electronic check,70.85,70.85,1,70.85,0,0.92219746,High
1518-VOWAV,0,0,0,0,2,1,0,Fiber optic,0,0,0,0,0,0,Month-to-month,1,Credit card (automatic),69.8,134.7,1,67.35,0,0.8235083,High
5909-ECHUI,0,0,1,0,55,0,0,DSL,0,0,1,1,1,1,Month-to-month,1,Bank transfer (automatic),54.55,2978.3,1,54.15,4,0.5327162,Medium
1309-BXVOQ,1,0,0,0,7,1,0,DSL,0,0,0,1,1,1,Month-to-month,1,Credit card (automatic),70.75,450.8,1,64.4,3,0.5430909,Medium
9317-WZPGV,1,0,1,0,13,1,1,Fiber optic,0,1,1,0,1,0,Month-to-month,0,Electronic check,94.1,1215.6,1,93.51,3,0.8285728,High
2856-HYAPG,1,0,1,1,3,0,0,DSL,1,0,0,0,0,0,Month-to-month,0,Credit card (automatic),29.7,91.7,1,30.57,1,0.4935452,Medium
4488-PSYCG,0,1,0,0,66,1,1,Fiber optic,0,1,1,1,1,1,One year,0,Credit card (automatic),110.9,7432.05,1,112.61,5,0.5536128,Medium
3621-CEOVK,1,0,1,0,38,1,1,Fiber optic,0,0,1,1,1,1,Month-to-month,1,Electronic check,105.0,4026.4,1,105.96,4,0.8198567,High
6906-ANDWJ,0,0,0,1,1,0,0,DSL,0,0,0,0,0,0,Month-to-month,1,Electronic check,25.3,25.3,1,25.3,0,0.7554046,High
1031-IIDEO,0,0,0,0,22,1,0,DSL,0,1,0,1,0,0,One year,1,Credit card (automatic),55.15,1193.05,1,54.23,2,0.18815187,Low
5832-XKAES,0,0,1,0,1,1,0,Fiber optic,0,0,0,0,0,0,Month-to-month,1,Mailed check,69.9,69.9,1,69.9,0,0.9002647,High
4701-AHWMW,0,0,0,0,43,1,1,Fiber optic,0,1,0,0,1,1,Month-to-month,1,Electronic check,101.4,4528.0,1,105.3,3,0.8243749,High
9210-IAHGH,0,0,0,0,1,1,0,Fiber optic,0,0,0,0,0,1,Month-to-month,1,Electronic check,80.8,80.8,1,80.8,1,0.92897004,High
0023-XUOPT,0,0,0,0,2,1,1,DSL,0,0,0,0,0,1,Month-to-month,0,Bank transfer (automatic),62.05,118.3,1,59.15,1,0.72528803,High
4592-IWTJI,0,1,0,0,1,1,1,Fiber optic,0,0,0,0,0,0,Month-to-month,1,Electronic check,76.45,76.45,1,76.45,0,0.93854195,High
7632-MNYOY,1,1,0,0,12,1,1,Fiber optic,0,1,0,0,1,0,Month-to-month,1,Electronic check,91.3,1094.5,1,91.21,2,0.88328946,High
6518-LGAOV,0,1,1,0,6,1,0,Fiber optic,0,0,1,0,1,1,Month-to-month,1,Electronic check,95.75,573.75,1,95.62,3,0.911929,High
7242-QZLXF,1,0,1,0,34,1,1,DSL,1,1,0,1,0,0,Month-to-month,0,Electronic check,62.65,2274.9,1,66.91,3,0.35846677,Medium
4576-CSAJH,1,0,0,0,1,1,1,Fiber optic,0,0,0,0,0,0,Month-to-month,1,Electronic check,74.5,74.5,1,74.5,0,0.9333942,High
1000-AJSLD,1,0,1,0,10,1,1,Fiber optic,0,1,1,0,1,1,Month-to-month,1,Credit card (automatic),102.1,1068.85,1,106.88,4,0.9101349,High
1062-LHZOD,1,0,0,0,16,1,0,DSL,1,0,0,0,0,0,Month-to-month,1,Electronic check,50.15,762.25,1,47.64,1,0.57577544,Medium
9600-NAXZN,1,0,1,0,7,1,1,Fiber optic,0,0,0,0,1,0,Month-to-month,1,Electronic check,86.5,582.5,1,83.21,1,0.901096,High
6457-USBER,0,1,0,0,27,1,1,Fiber optic,0,1,0,0,0,0,Month-to-month,1,Electronic check,81.45,2122.05,1,78.59,1,0.731182,High
4662-EKDPQ,0,0,1,0,1,1,0,Fiber optic,0,0,0,0,0,0,Month-to-month,1,Electronic check,69.15,69.15,1,69.15,0,0.92892534,High
9248-OJYKK,1,0,0,0,9,1,0,Fiber optic,0,0,0,0,0,1,Month-to-month,1,Electronic check,79.55,723.4,1,80.38,1,0.83472914,High
3398-FSHON,1,0,0,0,48,1,0,Fiber optic,0,1,1,1,1,0,Two year,1,Mailed check,95.5,4627.85,1,96.41,4,0.23304628,Low
3319-DWOEP,0,1,0,0,3,1,1,Fiber optic,0,0,1,0,1,0,Month-to-month,0,Electronic check,91.05,289.1,1,96.37,2,0.8726566,High
9259-PACGQ,1,1,1,0,2,1,1,Fiber optic,0,0,1,0,0,0,Month-to-month,0,Electronic check,79.2,172.85,1,86.42,1,0.901119,High
4415-IJZTP,1,0,0,0,2,0,0,DSL,0,0,0,0,1,1,Month-to-month,1,Electronic check,45.25,85.5,1,42.75,2,0.8849484,High
1465-VINDH,1,1,0,0,14,1,1,Fiber optic,0,0,0,0,0,0,Month-to-month,1,Electronic check,74.3,1096.25,1,78.3,0,0.8601672,High
2810-FTLEM,1,0,1,0,3,1,1,Fiber optic,0,0,0,0,0,0,Month-to-month,1,Credit card (automatic),74.1,228.0,1,76.0,0,0.86042553,High
1925-TIBLE,0,1,1,0,57,1,1,Fiber optic,0,0,1,0,1,1,Month-to-month,0,Electronic check,100.6,5746.15,1,100.81,3,0.75270563,High
0818-OCPZO,0,0,0,0,3,1,1,Fiber optic,0,0,0,0,0,0,Month-to-month,0,Mailed check,75.0,209.1,1,69.7,0,0.7753633,High
1447-GIQMR,1,1,0,0,64,1,0,DSL,1,1,0,1,1,0,Two year,1,Credit card (automatic),70.2,4481.0,1,70.02,4,0.052538894,Low
0872-NXJYS,1,1,0,0,2,1,0,Fiber optic,0,0,0,0,0,0,Month-to-month,0,Electronic check,70.75,154.85,1,77.42,0,0.8384019,High
9412-ARGBX,0,0,0,0,12,1,0,DSL,0,0,0,1,0,0,Month-to-month,0,Bank transfer (automatic),50.25,593.75,1,49.48,1,0.3667804,Medium
1389-CXMLU,1,1,0,0,40,1,0,Fiber optic,1,1,0,0,0,0,Month-to-month,1,Credit card (automatic),79.2,3233.85,1,80.85,2,0.59838516,Medium
5561-NWEVX,1,0,0,0,12,1,0,Fiber optic,0,0,1,0,1,1,Month-to-month,1,Electronic check,96.0,1062.1,1,88.51,3,0.8891242,High
2737-WFVYW,1,0,0,0,54,1,1,Fiber optic,0,0,0,1,1,1,Month-to-month,1,Electronic check,100.1,5440.9,1,100.76,3,0.71555716,High
2272-QAGFO,1,0,1,1,4,1,0,DSL,0,1,0,1,0,0,Month-to-month,0,Mailed check,56.5,235.1,1,58.78,2,0.34925786,Medium
9850-OWRHQ,1,1,0,0,1,1,0,Fiber optic,0,0,1,0,0,1,Month-to-month,1,Electronic check,85.0,85.0,1,85.0,2,0.9395029,High
3768-NLUBH,0,0,1,0,51,0,0,DSL,1,1,1,0,1,1,One year,0,Electronic check,59.3,3014.65,1,59.11,5,0.40477324,Medium
8676-TRMJS,0,0,0,1,4,1,0,DSL,1,0,0,0,0,0,Month-to-month,1,Electronic check,49.4,184.4,1,46.1,1,0.603839,High
7359-SSBJK,0,0,0,0,35,1,0,DSL,0,0,0,0,1,0,Month-to-month,0,Mailed check,55.0,2010.55,1,57.44,1,0.27636722,Low
0685-MLYYM,0,0,0,0,38,1,0,DSL,0,0,1,1,0,1,One year,1,Mailed check,62.3,2354.8,1,61.97,3,0.21100548,Low
8182-PNAGI,0,1,1,0,37,1,1,Fiber optic,0,0,0,0,1,1,Month-to-month,1,Electronic check,92.5,3473.4,1,93.88,2,0.78421235,High
7957-RYHQD,0,0,0,0,3,1,0,Fiber optic,0,0,0,0,0,0,Month-to-month,0,Electronic check,69.65,220.1,1,73.37,0,0.77732116,High
2180-DXNEG,0,0,0,0,61,1,1,Fiber optic,1,0,1,1,1,1,Two year,1,Credit card (automatic),111.6,6876.05,1,112.72,5,0.34950018,Medium
5515-AKOAJ,1,0,0,0,11,1,0,DSL,1,0,0,0,0,0,Month-to-month,0,Credit card (automatic),48.55,501.0,1,45.55,1,0.38554114,Medium
8976-OQHGT,1,0,0,0,1,1,0,No,0,0,0,0,0,0,Month-to-month,1,Mailed check,20.2,20.2,1,20.2,0,0.6790574,High
6230-BSUXY,0,0,0,0,19,0,0,DSL,0,0,1,0,1,0,Month-to-month,1,Electronic check,39.65,733.35,1,38.6,2,0.7045374,High
5294-CDGWY,0,0,0,0,56,1,1,No,0,0,0,0,0,0,One year,0,Electronic check,24.9,1334.0,1,23.82,0,0.11826145,Low
5295-PCJOO,0,0,1,1,2,1,1,DSL,1,0,0,0,0,0,Month-to-month,0,Mailed check,56.7,113.55,1,56.78,1,0.49567497,Medium
9863-JZAIC,1,0,1,0,14,1,0,Fiber optic,1,1,0,1,1,1,One year,0,Mailed check,105.95,1348.9,1,96.35,5,0.61566854,High
7660-HDPJV,0,1,1,0,4,1,1,Fiber optic,0,0,0,0,0,0,Month-to-month,0,Electronic check,74.95,308.7,1,77.18,0,0.86291873,High
7931-PXHFC,0,0,0,0,15,0,0,DSL,0,0,0,1,0,0,Month-to-month,1,Electronic check,29.7,438.25,1,29.22,1,0.61516386,High
3990-QYKBE,0,0,1,0,1,0,0,DSL,0,0,1,0,1,1,Month-to-month,1,Electronic check,50.35,50.35,1,50.35,3,0.9107697,High
4919-MOAVT,1,0,1,0,64,0,0,DSL,1,0,1,1,0,1,Two year,0,Electronic check,47.85,3147.5,1,49.18,4,0.11786081,Low
3090-HAWSU,0,0,0,0,1,1,0,Fiber optic,0,0,0,0,0,0,Month-to-month,1,Electronic check,70.3,70.3,1,70.3,0,0.9245189,High
9820-RMCQV,0,1,0,0,55,1,1,Fiber optic,1,0,0,0,1,1,Month-to-month,1,Electronic check,98.8,5617.75,1,102.14,3,0.74996895,High
7839-QRKXN,1,0,0,0,18,1,1,Fiber optic,0,0,0,1,1,1,Month-to-month,1,Bank transfer (automatic),99.85,1776.95,1,98.72,3,0.7392842,High
5204-QZXPU,0,1,1,0,32,1,0,Fiber optic,0,0,0,0,0,1,Month-to-month,1,Credit card (automatic),80.3,2483.05,1,77.6,1,0.6906721,High
4597-ELFTS,1,1,0,0,66,1,1,Fiber optic,0,1,0,0,0,0,Month-to-month,1,Credit card (automatic),80.45,5224.35,1,79.16,1,0.4398235,Medium
8450-JOVAH,0,0,0,0,7,1,1,Fiber optic,0,0,0,0,0,1,Month-to-month,1,Electronic check,86.8,620.35,1,88.62,1,0.8811763,High
1113-IUJYX,0,1,1,0,6,1,0,Fiber optic,0,1,0,0,0,1,Month-to-month,1,Electronic check,84.2,519.15,1,86.52,2,0.8630725,High
9274-CNFMO,0,0,0,0,13,1,1,Fiber optic,0,0,0,1,1,1,Month-to-month,1,Mailed check,99.0,1301.7,1,100.13,3,0.81960946,High
7758-XKCBS,1,0,0,0,11,1,1,Fiber optic,0,0,1,0,1,1,Month-to-month,1,Electronic check,100.75,1129.75,1,102.7,3,0.9222233,High
8992-JQYUN,1,0,1,0,9,1,1,Fiber optic,1,1,1,0,0,0,Month-to-month,0,Bank transfer (automatic),91.75,865.8,1,96.2,3,0.702104,High
0617-AQNWT,1,0,0,0,1,1,1,Fiber optic,0,0,1,0,0,0,Month-to-month,1,Mailed check,79.55,79.55,1,79.55,1,0.91083896,High
2446-PLQVO,1,0,0,0,54,1,1,Fiber optic,0,1,1,1,1,1,Month-to-month,0,Electronic check,111.1,6014.85,1,111.39,5,0.6420985,High
3005-NFMTA,1,0,1,0,25,1,1,Fiber optic,0,0,1,0,0,1,Month-to-month,1,Electronic check,89.1,2368.4,1,94.74,2,0.8171447,High
8784-CGILN,1,0,0,0,37,1,1,Fiber optic,0,1,1,0,1,1,Month-to-month,1,Bank transfer (automatic),101.9,3545.35,1,95.82,4,0.70632845,High
5389-FFVKB,1,0,1,1,14,1,1,Fiber optic,0,0,0,1,1,0,Month-to-month,1,Electronic check,91.65,1301.0,1,92.93,2,0.4190068,Medium
8444-WRIDW,1,1,0,0,4,1,1,Fiber optic,0,0,1,0,0,1,Month-to-month,1,Electronic check,88.85,372.45,1,93.11,2,0.9146465,High
9451-LPGOO,1,1,0,0,3,0,0,DSL,0,0,0,0,0,0,Month-to-month,0,Electronic check,25.3,77.75,1,25.92,0,0.78390193,High
5868-YWPDW,0,0,0,0,1,1,1,Fiber optic,0,0,0,0,1,1,Month-to-month,1,Electronic check,95.45,95.45,1,95.45,2,0.95444113,High
2025-JKFWI,0,0,0,0,13,1,0,Fiber optic,0,0,0,0,1,1,Month-to-month,1,Electronic check,91.1,1135.7,1,87.36,2,0.86358017,High
4078-SAYYN,1,0,1,0,45,1,0,DSL,0,1,0,1,0,0,One year,1,Credit card (automatic),54.15,2319.8,1,51.55,2,0.2234601,Low
9940-HPQPG,1,0,0,0,1,1,0,Fiber optic,0,0,0,0,0,0,Month-to-month,0,Bank transfer (automatic),69.7,69.7,1,69.7,0,0.85627294,High
6618-RYATB,1,0,0,0,6,1,0,Fiber optic,0,0,0,0,1,1,Month-to-month,1,Electronic check,89.5,573.3,1,95.55,2,0.88237596,High
9079-YEXQJ,0,0,1,0,3,0,0,DSL,0,0,0,0,0,1,Month-to-month,1,Electronic check,35.15,99.75,1,33.25,1,0.8883421,High
2685-SREOM,0,0,0,1,12,1,1,Fiber optic,0,0,0,0,0,0,Month-to-month,1,Credit card (automatic),73.75,871.4,1,72.62,0,0.4971966,Medium
0402-CQAJN,1,1,0,0,8,1,1,Fiber optic,0,0,1,0,1,1,Month-to-month,0,Electronic check,101.35,780.5,1,97.56,3,0.880023,High
6692-UDPJC,1,0,1,1,6,1,0,DSL,1,1,0,0,0,0,Month-to-month,0,Credit card (automatic),55.9,365.35,1,60.89,2,0.2213611,Low
1273-MTETI,0,1,1,0,3,1,1,Fiber optic,0,1,1,0,1,1,Month-to-month,1,Electronic check,105.9,334.65,1,111.55,4,0.9441405,High
5480-HPRRX,1,0,0,0,1,1,0,DSL,0,0,0,0,0,0,Month-to-month,0,Mailed check,43.95,43.95,1,43.95,0,0.7328168,High
0295-PPHDO,0,0,0,0,1,1,0,DSL,0,0,0,0,0,0,Month-to-month,1,Bank transfer (automatic),45.1,45.1,1,45.1,0,0.81846553,High
1195-OIYEJ,1,0,0,0,41,1,0,Fiber optic,0,0,0,0,0,0,Month-to-month,0,Bank transfer (automatic),70.25,2868.05,1,69.95,0,0.54164326,Medium
5906-CVLHP,0,0,0,1,9,1,0,DSL,0,0,0,0,1,0,Month-to-month,0,Electronic check,55.35,449.75,1,49.97,1,0.41700536,Medium
4501-EQDRN,0,1,1,0,43,1,1,Fiber optic,0,1,1,0,1,1,Month-to-month,1,Electronic check,103.0,4414.3,1,102.66,4,0.85304725,High
2990-HWIML,1,0,1,0,33,1,0,Fiber optic,1,0,1,1,1,1,One year,1,Electronic check,103.75,3361.05,1,101.85,5,0.57811975,Medium
7384-GHBPI,1,0,0,0,56,1,0,Fiber optic,0,1,0,0,0,0,Month-to-month,1,Electronic check,73.85,4092.85,1,73.09,1,0.5610518,Medium
7603-USHJS,1,0,1,0,3,1,1,Fiber optic,0,0,0,0,0,0,Month-to-month,1,Credit card (automatic),75.15,216.75,1,72.25,0,0.86105084,High
7234-FECYN,0,0,0,0,1,1,0,Fiber optic,0,0,0,0,0,0,Month-to-month,1,Electronic check,69.6,69.6,1,69.6,0,0.9221682,High
5876-HZVZM,0,0,1,1,5,1,1,Fiber optic,0,1,0,0,0,0,Month-to-month,1,Electronic check,80.15,385.0,1,77.0,1,0.61509544,High
1400-MMYXY,1,0,1,1,1,0,0,DSL,1,0,0,0,0,0,Month-to-month,0,Bank transfer (automatic),30.5,30.5,1,30.5,1,0.65853083,High
3085-QUOZK,0,0,1,0,70,1,1,Fiber optic,0,1,0,0,1,1,Two year,0,Bank transfer (automatic),98.3,6859.5,1,97.99,3,0.26358157,Low
3926-CUQZX,1,0,0,0,48,1,1,Fiber optic,0,1,1,0,1,1,Month-to-month,1,Bank transfer (automatic),107.4,5121.3,1,106.69,4,0.7437126,High
1041-RXHRA,1,1,0,0,13,1,1,Fiber optic,0,0,0,0,0,1,Month-to-month,1,Electronic check,82.0,1127.2,1,86.71,1,0.8826899,High
1750-CSKKM,1,0,1,0,24,1,1,Fiber optic,0,0,0,0,0,0,Month-to-month,1,Credit card (automatic),75.4,1747.85,1,72.83,0,0.6399047,High
7142-HVGBG,1,1,1,0,27,1,0,Fiber optic,1,0,1,0,1,1,Month-to-month,1,Electronic check,101.25,2754.45,1,102.02,4,0.8064403,High
8267-ZNYVZ,0,1,0,0,25,1,1,Fiber optic,0,1,0,0,1,0,Month-to-month,1,Electronic check,89.5,2196.15,1,87.85,2,0.7715554,High
6457-GIRWB,1,1,0,0,22,1,1,Fiber optic,0,0,0,0,0,0,Month-to-month,1,Bank transfer (automatic),74.4,1692.6,1,76.94,0,0.64602953,High
1450-SKCVI,0,0,0,0,1,1,0,No,0,0,0,0,0,0,Month-to-month,0,Mailed check,20.5,20.5,1,20.5,0,0.5534767,Medium
5570-PTWEH,0,0,0,0,4,1,1,Fiber optic,0,0,0,0,0,0,Month-to-month,1,Electronic check,74.35,265.35,1,66.34,0,0.8753923,High
6502-MJQAE,1,1,1,0,18,1,1,Fiber optic,0,0,0,1,1,1,Month-to-month,0,Bank transfer (automatic),99.75,1836.25,1,102.01,3,0.75126785,High
7693-LCKZL,1,1,0,0,56,1,1,Fiber optic,0,1,1,1,1,1,One year,1,Electronic check,111.95,6418.9,1,114.62,5,0.6530956,High
0032-PGELS,0,1,0,0,16,0,0,DSL,0,1,0,0,1,0,Month-to-month,1,Mailed check,39.0,679.85,1,42.49,2,0.6374324,High
6797-LNAQX,1,0,1,0,30,1,1,Fiber optic,0,1,0,1,1,0,Month-to-month,1,Credit card (automatic),94.1,2804.45,1,93.48,3,0.6614522,High
6394-MFYNG,1,0,0,0,8,1,1,Fiber optic,0,0,0,0,1,1,Month-to-month,0,Bank transfer (automatic),95.65,778.1,1,97.26,2,0.82266635,High
1564-NTYXF,1,1,1,0,50,1,1,Fiber optic,0,1,0,0,1,0,Month-to-month,1,Electronic check,88.05,4367.35,1,87.35,2,0.7302303,High
8155-IBNHG,1,0,1,0,41,1,0,DSL,0,1,0,1,0,1,One year,1,Bank transfer (automatic),66.5,2728.6,1,66.55,3,0.25187725,Low
0886-QGENL,0,0,0,0,3,0,0,DSL,1,1,0,0,0,0,Month-to-month,1,Mailed check,35.45,106.85,1,35.62,2,0.7170321,High
8739-WWKDU,0,0,0,0,3,1,0,DSL,0,1,0,0,0,0,Month-to-month,1,Mailed check,49.9,130.1,1,43.37,1,0.7282999,High
8685-WHQPW,0,0,0,0,40,1,1,Fiber optic,0,1,1,0,1,1,Month-to-month,1,Credit card (automatic),104.5,4036.85,1,100.92,4,0.7266468,High
4745-LSPLO,1,1,0,0,3,1,1,Fiber optic,0,0,0,0,0,0,Month-to-month,1,Credit card (automatic),75.05,256.25,1,85.42,0,0.87132126,High
8083-YTZES,0,0,0,0,23,1,1,Fiber optic,0,0,1,0,0,0,Month-to-month,1,Electronic check,81.0,1917.1,1,83.35,1,0.72980994,High
7240-FQLHE,1,1,1,0,1,1,1,Fiber optic,0,0,0,0,0,0,Month-to-month,1,Electronic check,74.45,74.45,1,74.45,0,0.94288266,High
6664-FPDAC,1,0,0,0,4,1,0,DSL,1,1,0,1,0,0,Month-to-month,1,Mailed check,60.4,272.15,1,68.04,3,0.44687164,Medium
0786-VSSUD,0,0,1,1,1,1,0,Fiber optic,0,0,0,0,0,0,Month-to-month,1,Mailed check,70.65,70.65,1,70.65,0,0.68716824,High
3976-BWUCK,0,0,0,0,12,1,0,DSL,0,0,0,1,1,0,One year,1,Electronic check,59.8,727.8,1,60.65,2,0.39003864,Medium
3585-ISXZP,1,0,0,0,9,1,0,DSL,0,0,0,0,0,0,Month-to-month,1,Bank transfer (automatic),44.2,403.35,1,44.82,0,0.49859652,Medium
6583-QGCSI,0,1,0,0,1,1,1,Fiber optic,0,0,0,0,0,0,Month-to-month,1,Electronic check,75.75,75.75,1,75.75,0,0.93854195,High
4174-LPGTI,1,0,0,0,67,1,1,Fiber optic,1,1,1,0,1,0,Month-to-month,1,Credit card (automatic),102.95,6886.25,1,102.78,4,0.5342022,Medium
2108-XWMPY,0,1,1,0,4,1,1,Fiber optic,0,0,0,0,0,0,Month-to-month,1,Mailed check,74.4,306.6,1,76.65,0,0.8632195,High
6304-IJFSQ,1,0,1,0,1,0,0,DSL,0,1,0,0,0,0,Month-to-month,1,Electronic check,29.85,29.85,0,29.85,1,0.88386333,High
0093-XWZFY,0,0,0,0,34,1,0,DSL,1,0,1,0,0,0,One year,0,Mailed check,56.95,1889.5,0,55.57,2,0.08549127,Low
1980-KXVPM,0,0,0,0,45,0,0,DSL,1,0,1,1,0,0,One year,0,Bank transfer (automatic),42.3,1840.75,0,40.91,3,0.11879918,Low
7703-ZEKEF,0,0,0,1,22,1,1,Fiber optic,0,1,0,0,1,0,Month-to-month,1,Credit card (automatic),89.1,1949.4,0,88.61,2,0.2553319,Low
0723-DRCLG,1,0,0,0,10,0,0,DSL,1,0,0,0,0,0,Month-to-month,0,Mailed check,29.75,301.9,0,30.19,1,0.38575354,Medium
5482-NUPNA,0,0,0,0,62,1,0,DSL,1,1,0,0,0,0,One year,0,Bank transfer (automatic),56.15,3487.95,0,56.26,2,0.07705385,Low
1122-JWTJW,0,0,1,1,13,1,0,DSL,1,0,0,0,0,0,Month-to-month,1,Mailed check,49.95,587.45,0,45.19,1,0.18023823,Low
1699-HPSBG,0,0,0,0,16,1,0,No,0,0,0,0,0,0,Two year,0,Credit card (automatic),18.95,326.8,0,20.42,0,0.058470134,Low
8775-CEBBJ,0,0,1,0,58,1,1,Fiber optic,0,0,1,0,1,1,One year,0,Credit card (automatic),100.35,5681.1,0,97.95,3,0.43740678,Medium
6894-LFHLY,0,0,0,0,25,1,0,Fiber optic,1,0,1,1,1,1,Month-to-month,1,Electronic check,105.5,2686.05,0,107.44,5,0.7823209,High
0639-TSIQW,1,0,1,0,69,1,1,Fiber optic,1,1,1,1,1,1,Two year,0,Credit card (automatic),113.25,7895.15,0,114.42,6,0.18216796,Low
8361-LTMKD,1,0,0,0,52,1,0,No,0,0,0,0,0,0,One year,0,Mailed check,20.65,1022.95,0,19.67,0,0.065755546,Low
7590-VHVEG,0,0,0,0,71,1,1,Fiber optic,1,0,1,0,1,1,Two year,0,Bank transfer (automatic),106.7,7382.25,0,103.98,4,0.19924554,Low
5575-GNVDE,1,0,0,0,21,1,0,Fiber optic,0,1,1,0,0,1,Month-to-month,1,Electronic check,90.05,1862.9,0,88.71,3,0.6916434,High
7795-CFOCW,0,0,1,0,12,1,0,No,0,0,0,0,0,0,One year,0,Bank transfer (automatic),19.8,202.25,0,16.85,0,0.096028365,Low
1452-KIOVK,1,0,1,0,58,1,1,DSL,0,1,0,1,0,0,Two year,1,Credit card (automatic),59.9,3505.1,0,60.43,2,0.08019675,Low
6713-OKOMC,0,0,1,1,49,1,0,DSL,1,1,0,1,0,0,Month-to-month,0,Credit card (automatic),59.6,2970.3,0,60.62,3,0.08288397,Low
6388-TABGU,1,0,0,0,30,1,0,DSL,1,1,0,0,0,0,Month-to-month,1,Bank transfer (automatic),55.3,1530.6,0,51.02,2,0.2987036,Low
9763-GRSKD,0,0,1,0,72,1,1,DSL,1,1,1,1,1,1,Two year,1,Credit card (automatic),90.25,6369.45,0,88.46,6,0.029991867,Low
7469-LKBCI,1,1,1,0,71,1,1,Fiber optic,1,1,1,1,0,0,Two year,1,Credit card (automatic),96.35,6766.95,0,95.31,4,0.07532423,Low
8091-TTVAX,0,1,1,0,2,1,0,Fiber optic,0,0,1,0,1,1,Month-to-month,1,Credit card (automatic),95.5,181.65,0,90.82,3,0.89836323,High
5129-JLPIS,1,0,1,0,27,1,0,DSL,1,1,1,1,0,0,One year,0,Mailed check,66.15,1874.45,0,69.42,4,0.10459809,Low
3655-SNQYZ,0,0,0,0,1,1,0,No,0,0,0,0,0,0,Month-to-month,0,Bank transfer (automatic),20.2,20.2,0,20.2,0,0.605049,High
8191-XWSZG,0,1,0,0,1,1,0,DSL,0,0,0,0,0,0,Month-to-month,0,Bank transfer (automatic),45.25,45.25,0,45.25,0,0.7809355,High
9959-WOFKT,1,0,1,0,72,1,1,Fiber optic,1,1,0,1,1,0,Two year,0,Bank transfer (automatic),99.9,7251.7,0,100.72,4,0.058209077,Low
4183-MYFRB,1,0,0,0,46,1,0,Fiber optic,0,0,1,0,0,0,Month-to-month,1,Credit card (automatic),74.8,3548.3,0,77.14,1,0.49152607,Medium
1680-VDCWW,0,0,1,0,10,1,0,DSL,0,1,0,0,0,0,One year,0,Mailed check,49.55,475.7,0,47.57,1,0.22081597,Low
3638-WEABW,1,0,1,0,70,1,1,DSL,1,1,0,0,1,0,Two year,1,Credit card (automatic),69.2,4872.35,0,69.6,3,0.065778166,Low
6322-HRPFA,1,0,1,0,17,1,0,No,0,0,0,0,0,0,One year,0,Mailed check,20.75,418.25,0,24.6,0,0.09029372,Low
6865-JZNKO,1,0,0,0,63,1,1,DSL,1,1,1,1,1,0,Two year,1,Credit card (automatic),79.85,4861.45,0,77.17,5,0.034349103,Low
5248-YGIJN,1,0,1,0,13,1,1,DSL,1,1,0,1,1,0,Month-to-month,1,Electronic check,76.2,981.45,0,75.5,4,0.5862363,Medium
3841-NFECX,1,0,0,0,49,1,1,Fiber optic,0,0,0,0,0,1,Month-to-month,1,Electronic check,84.5,3906.7,0,79.73,1,0.6898819,High
4929-XIHVW,0,0,0,0,2,1,0,DSL,0,1,0,0,0,0,Month-to-month,0,Mailed check,49.25,97.0,0,48.5,1,0.65866375,High
6827-IEAUQ,0,0,0,0,52,1,1,DSL,1,0,0,1,1,1,Two year,1,Credit card (automatic),79.75,4217.8,0,81.11,4,0.07471827,Low
7310-EGVHZ,1,0,1,0,69,1,1,DSL,1,0,1,1,0,0,Two year,1,Credit card (automatic),64.15,4254.1,0,61.65,3,0.0520801,Low
3413-BMNZE,1,1,0,0,43,1,1,Fiber optic,0,1,0,0,1,0,Month-to-month,1,Electronic check,90.25,3838.75,0,89.27,2,0.69928855,High
6234-RAAPL,1,1,1,0,25,1,1,DSL,1,0,0,1,1,0,Month-to-month,1,Credit card (automatic),69.5,1752.65,0,70.11,3,0.38710728,Medium
6572-ADKRS,1,1,1,0,60,1,0,DSL,1,1,1,1,0,1,One year,1,Credit card (automatic),74.85,4456.35,0,74.27,5,0.14192046,Low
8865-TNMNX,1,0,1,0,63,1,1,Fiber optic,1,0,0,0,1,1,One year,1,Credit card (automatic),99.65,6311.2,0,100.18,3,0.41948855,Medium
9489-DEDVP,0,1,1,0,66,1,1,Fiber optic,0,1,1,1,1,1,One year,1,Electronic check,108.45,7076.35,0,107.22,5,0.67209345,High
9867-JCZSP,1,0,1,0,34,1,1,No,0,0,0,0,0,0,Two year,0,Credit card (automatic),24.95,894.3,0,26.3,0,0.06700432,Low
4671-VJLCL,1,0,0,0,72,1,1,Fiber optic,0,0,1,1,1,1,Two year,1,Credit card (automatic),107.5,7853.7,0,109.08,4,0.21104884,Low
4080-IIARD,1,0,1,0,47,1,1,Fiber optic,0,0,1,0,1,1,Month-to-month,1,Electronic check,100.5,4707.1,0,100.15,3,0.82148296,High
3714-NTNFO,0,0,0,0,60,1,1,Fiber optic,0,1,0,0,1,0,Month-to-month,1,Bank transfer (automatic),89.9,5450.7,0,90.84,2,0.4433894,Medium
5948-UJZLF,0,0,1,0,72,0,0,DSL,1,1,1,0,0,0,Two year,0,Bank transfer (automatic),42.1,2962.0,0,41.14,3,0.04700806,Low
7639-LIAYI,1,0,1,0,18,1,0,DSL,0,0,1,1,0,0,One year,1,Credit card (automatic),54.4,957.1,0,53.17,2,0.22912425,Low
2954-PIBKO,1,0,0,0,3,1,0,DSL,0,1,0,1,1,1,Month-to-month,1,Electronic check,75.3,244.1,0,81.37,4,0.7147275,High
8012-SOUDQ,0,0,1,0,47,1,1,Fiber optic,0,1,0,0,0,0,One year,1,Electronic check,78.9,3650.35,0,77.67,1,0.44965804,Medium
6575-SUVOI,1,0,0,0,31,1,0,DSL,0,1,1,1,1,1,Two year,0,Mailed check,79.2,2497.2,0,80.55,5,0.07689,Low
4667-QONEA,1,0,1,0,50,1,0,No,0,0,0,0,0,0,Two year,0,Bank transfer (automatic),20.15,930.9,0,18.62,0,0.03565947,Low
8769-KKTPH,0,0,0,0,10,1,0,Fiber optic,1,0,1,0,0,0,Month-to-month,1,Mailed check,79.85,887.35,0,88.74,2,0.68296313,High
5067-XJQFU,0,0,0,0,1,1,0,DSL,0,0,0,1,0,0,Month-to-month,0,Mailed check,49.05,49.05,0,49.05,1,0.6964972,High
3957-SQXML,1,0,1,0,52,1,0,No,0,0,0,0,0,0,One year,1,Electronic check,20.4,1090.65,0,20.97,0,0.20108332,Low
5954-BDFSG,0,1,1,0,64,1,1,Fiber optic,1,0,1,1,1,1,Two year,1,Bank transfer (automatic),111.6,7099.0,0,110.92,5,0.30830666,Medium
0434-CSFON,0,0,1,0,62,1,1,No,0,0,0,0,0,0,Two year,1,Bank transfer (automatic),24.25,1424.6,0,22.98,0,0.040703297,Low
1215-FIGMP,1,0,0,1,3,1,0,DSL,1,0,0,1,0,1,Month-to-month,1,Bank transfer (automatic),64.5,177.4,0,59.13,3,0.4572792,Medium
0526-SXDJP,1,1,0,0,56,1,1,Fiber optic,1,1,1,0,1,1,One year,0,Electronic check,110.5,6139.5,0,109.63,5,0.5410006,Medium
0557-ASKVU,1,0,0,0,46,1,0,DSL,0,0,0,0,0,1,One year,0,Credit card (automatic),55.65,2688.85,0,58.45,1,0.1708674,Low
5122-CYFXA,1,0,1,1,8,1,0,DSL,1,1,0,0,0,0,Month-to-month,0,Mailed check,54.65,482.25,0,60.28,2,0.19846971,Low
8627-ZYGSZ,0,1,0,0,30,1,0,DSL,1,1,0,0,1,1,Month-to-month,1,Electronic check,74.75,2111.3,0,70.38,4,0.4959124,Medium
3410-YOQBQ,1,0,1,0,45,1,1,No,0,0,0,0,0,0,One year,1,Credit card (automatic),25.9,1216.6,0,27.04,0,0.15563358,Low
3170-NMYVV,1,0,1,1,11,0,0,DSL,1,0,0,0,1,1,Month-to-month,0,Electronic check,50.55,565.35,0,51.4,3,0.35715866,Medium
7410-OIEDU,1,0,0,0,42,1,0,Fiber optic,0,1,1,1,1,1,Month-to-month,1,Bank transfer (automatic),103.8,4327.5,0,103.04,5,0.6427059,High
2273-QCKXA,1,0,1,0,49,1,0,No,0,0,0,0,0,0,Two year,1,Bank transfer (automatic),20.15,973.35,0,19.86,0,0.060840484,Low
0731-EBJQB,0,0,0,0,9,1,1,Fiber optic,0,1,0,0,1,1,Month-to-month,1,Credit card (automatic),99.3,918.75,0,102.08,3,0.89043385,High
1891-QRQSA,1,0,1,0,35,1,0,DSL,1,0,0,0,1,0,One year,1,Bank transfer (automatic),62.15,2215.45,0,63.3,2,0.2030993,Low
8028-PNXHQ,1,0,1,0,48,1,0,No,0,0,0,0,0,0,Two year,0,Bank transfer (automatic),20.65,1057.0,0,22.02,0,0.053020686,Low
5630-AHZIL,1,0,1,0,46,1,0,No,0,0,0,0,0,0,Two year,1,Mailed check,19.95,927.1,0,20.15,0,0.05888449,Low
2673-CXQEU,0,0,1,0,29,0,0,DSL,0,0,0,0,1,0,Month-to-month,0,Mailed check,33.75,1009.25,0,34.8,1,0.49635342,Medium
6416-JNVRK,0,0,1,1,30,1,0,Fiber optic,0,1,1,0,0,0,Month-to-month,0,Bank transfer (automatic),82.05,2570.2,0,85.67,2,0.12156384,Low
5590-ZSKRV,0,1,0,0,1,1,0,Fiber optic,0,0,0,1,0,0,Month-to-month,0,Electronic check,74.7,74.7,0,74.7,1,0.8623274,High
0191-ZHSKZ,0,0,1,0,66,1,1,DSL,1,0,1,1,1,1,Two year,1,Mailed check,84.0,5714.25,0,86.58,5,0.06447498,Low
3887-PBQAO,1,0,0,0,65,1,1,Fiber optic,1,1,1,0,1,1,Month-to-month,1,Credit card (automatic),111.05,7107.0,0,109.34,5,0.50006944,Medium
8108-UXRQN,0,0,0,0,72,1,1,Fiber optic,0,1,1,0,1,1,Two year,1,Bank transfer (automatic),100.9,7459.05,0,103.6,4,0.16221428,Low
9919-YLNNG,0,0,1,0,71,1,1,DSL,1,1,0,1,0,0,One year,1,Credit card (automatic),66.85,4748.7,0,66.88,3,0.0852696,Low
0318-ZOPWS,0,0,0,0,52,1,0,No,0,0,0,0,0,0,Two year,0,Bank transfer (automatic),21.0,1107.2,0,21.29,0,0.044873934,Low
4445-ZJNMU,0,0,0,0,1,1,0,No,0,0,0,0,0,0,Month-to-month,0,Mailed check,20.2,20.2,0,20.2,0,0.60256684,High
4808-YNLEU,1,0,1,1,1,1,0,No,0,0,0,0,0,0,Month-to-month,0,Electronic check,19.45,19.45,0,19.45,0,0.5075249,Medium
1862-QRWPE,0,0,0,0,38,1,1,Fiber optic,0,0,1,1,1,0,One year,0,Bank transfer (automatic),95.0,3605.6,0,94.88,3,0.25776535,Low
2796-NNUFI,1,1,1,0,66,0,0,DSL,0,1,1,0,1,0,One year,0,Bank transfer (automatic),45.55,3027.25,0,45.87,3,0.24058232,Low
3016-KSVCP,0,0,0,0,5,0,0,DSL,0,0,0,0,0,0,Month-to-month,0,Mailed check,24.3,100.2,0,20.04,0,0.61313164,High
4767-HZZHQ,1,0,1,0,72,1,1,Fiber optic,1,1,0,0,1,1,One year,1,Electronic check,104.15,7303.05,0,101.43,4,0.34444964,Medium
2424-WVHPL,1,0,0,0,32,0,0,DSL,1,0,0,0,0,0,One year,0,Mailed check,30.15,927.65,0,28.99,1,0.13011622,Low
7233-PAHHL,0,0,0,0,43,1,1,Fiber optic,0,0,0,0,1,1,One year,0,Mailed check,94.35,3921.3,0,91.19,2,0.32216394,Medium
6067-NGCEU,0,0,1,0,72,1,0,No,0,0,0,0,0,0,Two year,0,Credit card (automatic),19.4,1363.25,0,18.93,0,0.019111611,Low
9848-JQJTX,1,0,0,0,52,1,0,DSL,1,0,1,1,0,0,One year,0,Credit card (automatic),57.95,3042.25,0,58.5,3,0.120622,Low
9803-FTJCG,1,0,0,0,43,1,0,Fiber optic,0,1,1,0,1,0,Month-to-month,1,Electronic check,91.65,3954.1,0,91.96,3,0.6338678,High
3212-KXOCR,1,0,1,0,64,0,0,DSL,0,1,0,1,1,1,Two year,1,Electronic check,54.6,3423.5,0,53.49,4,0.110402524,Low
6380-ARCEH,0,0,1,1,3,1,0,Fiber optic,1,1,0,0,1,0,Month-to-month,0,Electronic check,89.85,248.4,0,82.8,3,0.5046241,Medium
3679-XASPY,1,0,0,0,36,0,0,DSL,1,0,0,0,0,0,Two year,0,Bank transfer (automatic),31.05,1126.35,0,31.29,1,0.10776754,Low
7123-WQUHX,1,0,0,0,41,1,0,No,0,0,0,0,0,0,Two year,0,Mailed check,20.65,835.15,0,20.37,0,0.039636943,Low
5386-THSLQ,0,0,1,1,27,1,1,Fiber optic,0,1,0,1,0,0,Month-to-month,1,Credit card (automatic),85.2,2151.6,0,79.69,2,0.12914746,Low
6180-YBIQI,1,0,1,0,56,1,1,Fiber optic,0,0,1,0,1,1,One year,1,Credit card (automatic),99.8,5515.45,0,98.49,3,0.51919013,Medium
6728-DKUCO,1,0,0,0,6,1,0,No,0,0,0,0,0,0,Month-to-month,0,Mailed check,20.7,112.75,0,18.79,0,0.18101136,Low
9750-BOOHV,1,0,1,1,7,1,0,DSL,1,0,0,0,0,0,Month-to-month,0,Mailed check,50.7,350.35,0,50.05,1,0.2183209,Low
8597-CWYHH,1,0,1,1,4,1,0,No,0,0,0,0,0,0,Month-to-month,0,Mailed check,20.85,62.9,0,15.72,0,0.15775648,Low
2848-YXSMW,0,0,0,0,33,1,0,Fiber optic,1,0,0,1,1,0,Two year,1,Electronic check,88.95,3027.65,0,91.75,3,0.22213137,Low
4549-ZDQYY,0,0,1,0,72,1,1,No,0,0,0,0,0,0,Two year,1,Bank transfer (automatic),23.55,1723.95,0,23.94,0,0.025658807,Low
5712-AHQNN,0,0,0,0,1,1,0,No,0,0,0,0,0,0,Month-to-month,0,Mailed check,19.75,19.75,0,19.75,0,0.63696635,High
5256-SKJGO,0,1,0,0,71,0,0,DSL,1,1,0,0,1,1,One year,1,Electronic check,56.45,3985.35,0,56.13,4,0.21759817,Low
3071-VBYPO,1,0,0,0,13,1,1,Fiber optic,0,0,0,0,0,1,Month-to-month,1,Electronic check,85.95,1215.65,0,93.51,1,0.8566139,High
9560-BBZXK,0,0,0,0,67,1,0,DSL,0,0,0,1,0,0,Two year,0,Bank transfer (automatic),50.55,3260.1,0,48.66,1,0.057932243,Low
8402-OOOHJ,1,0,0,0,43,1,1,No,0,0,0,0,0,0,Two year,1,Credit card (automatic),25.7,1188.2,0,27.63,0,0.0736922,Low
9445-ZUEQE,1,0,0,0,23,1,0,Fiber optic,1,0,0,0,0,0,Month-to-month,1,Bank transfer (automatic),75.0,1778.5,0,77.33,1,0.5165751,Medium
1091-SOZGA,1,0,1,0,64,1,0,No,0,0,0,0,0,0,Two year,0,Mailed check,20.2,1277.75,0,19.96,0,0.026410943,Low
2928-HLDBA,0,0,0,0,57,1,0,No,0,0,0,0,0,0,Two year,1,Mailed check,19.6,1170.55,0,20.54,0,0.04705185,Low
6497-TILVL,1,1,1,0,72,1,1,DSL,1,1,1,1,1,1,Two year,1,Credit card (automatic),88.05,6425.65,0,89.25,6,0.03167407,Low
7219-TLZHO,1,0,1,0,61,1,1,Fiber optic,0,1,0,0,1,1,Two year,1,Bank transfer (automatic),101.05,5971.25,0,97.89,3,0.2583199,Low
4622-YNKIJ,0,0,0,0,64,1,1,Fiber optic,1,1,0,0,0,0,One year,1,Credit card (automatic),84.3,5289.05,0,82.64,2,0.18825196,Low
6734-PSBAW,0,1,1,0,71,1,1,No,0,0,0,0,0,0,Two year,0,Bank transfer (automatic),23.95,1756.2,0,24.74,0,0.027442519,Low
3930-ZGWVE,1,0,1,0,65,1,1,Fiber optic,1,1,0,1,1,0,Two year,1,Credit card (automatic),99.05,6416.7,0,98.72,4,0.15801351,Low
2639-UGMAZ,0,0,0,0,3,1,0,No,0,0,0,0,0,0,One year,0,Mailed check,19.6,61.35,0,20.45,0,0.14514169,Low
2876-GZYZC,0,0,0,0,30,1,0,DSL,0,1,1,0,1,0,One year,0,Credit card (automatic),64.5,1929.95,0,64.33,3,0.12407191,Low
8587-XYZSF,0,0,1,1,15,1,0,DSL,0,1,1,1,0,1,Month-to-month,1,Mailed check,69.5,1071.4,0,71.43,4,0.15618871,Low
7799-LGRDP,1,0,1,1,8,1,0,DSL,0,0,0,1,1,1,Month-to-month,1,Electronic check,68.55,564.35,0,70.54,3,0.32902125,Medium
7850-VWJUU,1,0,1,0,70,1,1,Fiber optic,1,1,1,0,1,1,One year,1,Credit card (automatic),108.15,7930.55,0,113.29,5,0.5077067,Medium
3774-VBNXY,0,0,1,0,62,1,0,DSL,1,1,1,1,1,1,Two year,0,Electronic check,86.1,5215.25,0,84.12,6,0.058505595,Low
6217-KDYWC,1,0,1,1,6,1,0,No,0,0,0,0,0,0,Month-to-month,0,Mailed check,19.7,113.5,0,18.92,0,0.12932117,Low
3146-MSEGF,1,0,1,1,14,1,0,Fiber optic,0,0,0,0,0,1,Month-to-month,1,Bank transfer (automatic),80.9,1152.8,0,82.34,1,0.35966364,Medium
1095-WGNGG,1,0,0,0,22,1,1,Fiber optic,0,0,0,0,1,0,Month-to-month,1,Bank transfer (automatic),84.15,1821.95,0,82.82,1,0.6587322,High
2636-SJDOU,0,0,1,0,22,1,0,No,0,0,0,0,0,0,One year,0,Mailed check,20.15,419.9,0,19.09,0,0.0691939,Low
1131-QQZEB,0,0,1,0,16,1,0,DSL,1,0,1,0,1,0,Two year,0,Mailed check,64.25,1024.0,0,64.0,3,0.12736925,Low
5716-EZXZN,0,0,0,0,10,1,1,No,0,0,0,0,0,0,Two year,0,Bank transfer (automatic),25.7,251.6,0,25.16,0,0.07976248,Low
6837-BJYDQ,1,0,0,1,13,1,0,DSL,1,1,0,0,0,0,Month-to-month,1,Electronic check,56.0,764.55,0,58.81,2,0.31677946,Medium
6440-DKQGE,1,0,0,0,2,1,0,Fiber optic,0,0,0,0,0,0,Month-to-month,1,Electronic check,69.7,135.2,0,67.6,0,0.8800378,High
3466-BYAVD,0,0,0,0,53,1,1,DSL,0,1,1,1,0,1,Two year,1,Bank transfer (automatic),73.9,3958.25,0,74.68,4,0.079584636,Low
3780-YVMFA,1,0,1,0,11,1,0,No,0,0,0,0,0,0,One year,0,Mailed check,20.6,233.9,0,21.26,0,0.09978507,Low
1679-JRFBR,0,0,1,0,69,1,0,No,0,0,0,0,0,0,Two year,0,Mailed check,19.9,1363.45,0,19.76,0,0.030209027,Low
9073-ZZIAY,0,0,1,0,72,1,1,DSL,1,1,1,1,1,1,Two year,1,Bank transfer (automatic),89.05,6254.45,0,86.87,6,0.030026566,Low
3077-RSNTJ,1,0,1,1,16,1,0,No,0,0,0,0,0,0,Month-to-month,0,Electronic check,20.4,321.4,0,20.09,0,0.1395057,Low
6551-GNYDG,0,0,1,0,43,1,0,Fiber optic,1,0,1,1,0,0,One year,1,Bank transfer (automatic),84.25,3539.25,0,82.31,3,0.23796318,Low
9167-APMXZ,0,0,1,0,14,1,0,DSL,0,1,1,1,1,1,Two year,0,Mailed check,81.95,1181.75,0,84.41,5,0.13095987,Low
2749-CTKAJ,1,0,0,0,32,1,0,No,0,0,0,0,0,0,One year,0,Bank transfer (automatic),20.55,654.55,0,20.45,0,0.059717644,Low
6371-NZYEG,1,0,1,0,34,1,1,No,0,0,0,0,0,0,Month-to-month,0,Electronic check,24.7,780.2,0,22.95,0,0.34673414,Medium
7554-NEWDD,1,0,1,1,15,1,1,Fiber optic,0,1,1,0,1,1,Month-to-month,1,Bank transfer (automatic),105.35,1559.25,0,103.95,4,0.44280258,Medium
8992-VONJD,0,0,1,0,61,1,0,No,0,0,0,0,0,0,One year,1,Credit card (automatic),20.55,1252.0,0,20.52,0,0.07808877,Low
4482-EWFMI,1,0,0,0,1,1,0,DSL,0,0,0,0,0,0,Month-to-month,0,Mailed check,45.3,45.3,0,45.3,0,0.74661726,High
4648-YPBTM,0,0,1,0,33,1,0,DSL,1,0,1,0,1,1,One year,0,Credit card (automatic),74.75,2453.3,0,74.34,4,0.18926984,Low
2907-ILJBN,0,0,0,0,20,1,0,DSL,0,1,0,0,0,0,Month-to-month,1,Mailed check,51.8,1023.85,0,51.19,1,0.37371936,Medium
6345-FZOQH,0,0,0,0,3,0,0,DSL,0,0,0,1,0,0,Month-to-month,0,Electronic check,30.4,82.15,0,27.38,1,0.6993504,High
5997-OPVFA,1,0,0,0,13,1,0,No,0,0,0,0,0,0,One year,0,Electronic check,19.65,244.8,0,18.83,0,0.10232862,Low
1159-WFSGR,1,0,1,0,40,1,1,DSL,0,1,0,0,0,0,Month-to-month,0,Credit card (automatic),56.6,2379.1,0,59.48,1,0.3816089,Medium
7654-YWJUF,0,0,1,0,43,1,1,DSL,1,0,0,1,0,1,One year,1,Credit card (automatic),71.9,3173.35,0,73.8,3,0.23962188,Low
6727-IOTLZ,1,0,1,0,69,1,0,No,0,0,0,0,0,0,Two year,0,Bank transfer (automatic),19.75,1375.4,0,19.93,0,0.039411783,Low
5918-VUKWP,1,0,1,0,72,1,1,Fiber optic,1,1,1,0,1,1,Two year,0,Credit card (automatic),109.7,8129.3,0,112.91,5,0.10909062,Low
1744-JHKYS,0,0,1,0,59,1,0,No,0,0,0,0,0,0,Two year,0,Credit card (automatic),19.3,1192.7,0,20.22,0,0.04373651,Low
5947-SGKCL,1,0,1,0,20,1,0,Fiber optic,1,1,0,1,1,0,Month-to-month,1,Electronic check,96.55,1901.65,0,95.08,4,0.7297071,High
3712-PKXZA,0,0,1,1,24,1,1,No,0,0,0,0,0,0,Two year,1,Bank transfer (automatic),24.1,587.4,0,24.48,0,0.025211938,Low
6582-OIVSP,0,0,0,0,59,1,1,Fiber optic,0,1,1,1,1,1,Month-to-month,1,Electronic check,111.35,6519.75,0,110.5,5,0.6738706,High
5524-KHNJP,0,0,1,1,72,1,1,Fiber optic,0,1,1,1,1,1,Two year,1,Bank transfer (automatic),112.25,8041.65,0,111.69,5,0.017043041,Low
4827-USJHP,0,0,0,1,1,1,0,No,0,0,0,0,0,0,Month-to-month,0,Mailed check,20.75,20.75,0,20.75,0,0.39263675,Medium
8167-GJLRN,1,0,1,0,27,1,0,Fiber optic,1,0,0,1,1,1,One year,1,Credit card (automatic),101.9,2681.15,0,99.3,4,0.5074528,Medium
0956-SYCWG,1,0,0,0,14,1,0,Fiber optic,0,1,0,1,0,0,Month-to-month,1,Credit card (automatic),80.05,1112.3,0,79.45,2,0.70010096,High
8017-UVSZU,0,0,1,1,71,1,1,Fiber optic,1,0,1,0,1,1,Two year,0,Electronic check,105.55,7405.5,0,104.3,4,0.035739765,Low
7100-FQPRV,0,0,0,1,13,1,0,Fiber optic,0,0,0,0,1,0,Month-to-month,1,Credit card (automatic),78.3,1033.95,0,79.53,1,0.4431233,Medium
2984-RGEYA,0,0,0,0,44,1,0,Fiber optic,0,0,0,0,0,0,Month-to-month,0,Credit card (automatic),68.85,2958.95,0,67.25,0,0.45400226,Medium
9680-NIAUV,1,0,0,0,33,1,0,Fiber optic,0,1,0,1,0,0,One year,1,Bank transfer (automatic),79.95,2684.85,0,81.36,2,0.28616288,Low
2146-EGVDT,0,0,1,0,72,0,0,DSL,1,1,1,1,0,1,Two year,1,Credit card (automatic),55.45,4179.2,0,58.04,5,0.040454477,Low
2604-IJPDU,0,0,1,0,64,1,0,Fiber optic,0,1,1,1,1,1,One year,1,Credit card (automatic),102.45,6654.1,0,103.97,5,0.43006104,Medium
9178-JHUVJ,1,0,0,0,1,0,0,DSL,0,0,0,0,0,0,Month-to-month,0,Electronic check,25.25,25.25,0,25.25,0,0.82237,High
6168-YBYNP,0,0,0,1,61,1,0,No,0,0,0,0,0,0,Two year,0,Mailed check,19.75,1124.2,0,18.43,0,0.011781223,Low
7255-SSFBC,1,0,1,0,29,1,0,No,0,0,0,0,0,0,One year,0,Electronic check,20.0,540.05,0,18.62,0,0.09161791,Low
3645-DEYGF,0,1,1,0,23,1,1,Fiber optic,0,0,0,0,0,1,Month-to-month,0,Electronic check,86.8,1975.85,0,85.91,1,0.7345632,High
9323-HGFWY,1,0,1,0,57,0,0,DSL,1,1,1,0,1,1,Month-to-month,1,Bank transfer (automatic),58.75,3437.45,0,60.31,5,0.42081842,Medium
8544-GOQSH,0,0,1,0,72,0,0,DSL,1,1,1,1,0,0,Two year,0,Credit card (automatic),45.25,3139.8,0,43.61,4,0.0384172,Low
3363-DTIVD,0,0,1,0,66,0,0,DSL,1,1,1,1,1,0,Two year,1,Bank transfer (automatic),56.6,3789.2,0,57.41,5,0.063229054,Low
7018-WBJNK,0,0,1,0,65,1,1,DSL,0,1,1,1,1,1,Two year,1,Bank transfer (automatic),84.2,5324.5,0,81.92,5,0.074774526,Low
9142-KZXOP,1,0,0,0,8,1,0,Fiber optic,0,0,0,0,1,0,Month-to-month,1,Bank transfer (automatic),80.0,624.6,0,78.08,1,0.77892643,High
7674-YTAFD,1,0,1,0,71,1,1,No,0,0,0,0,0,0,Two year,0,Bank transfer (automatic),24.75,1836.9,0,25.87,0,0.027606906,Low
6348-SNFUS,0,0,1,0,1,1,0,No,0,0,0,0,0,0,One year,1,Electronic check,20.2,20.2,0,20.2,0,0.59510815,Medium
1347-KTTTA,1,0,0,0,12,1,0,No,0,0,0,0,0,0,One year,1,Bank transfer (automatic),19.35,219.35,0,18.28,0,0.12118068,Low
4195-NZGTA,0,0,0,0,24,0,0,DSL,1,0,0,0,1,1,One year,1,Mailed check,50.6,1288.75,0,53.7,3,0.23402846,Low
7157-SMCFK,1,0,1,0,31,1,0,DSL,1,0,1,1,1,1,One year,1,Mailed check,81.15,2545.75,0,82.12,5,0.22160178,Low
4709-LKHYG,0,0,0,0,30,1,1,Fiber optic,0,0,0,1,0,1,Month-to-month,1,Credit card (automatic),89.9,2723.15,0,90.77,2,0.612633,High
2504-DSHIH,1,0,1,0,47,1,1,DSL,1,1,0,1,1,1,Two year,1,Credit card (automatic),85.3,4107.25,0,87.39,5,0.081400394,Low
0699-NDKJM,0,0,0,0,54,1,1,Fiber optic,1,1,0,1,1,1,Two year,1,Credit card (automatic),108.0,5760.65,0,106.68,5,0.4209659,Medium
9286-BHDQG,0,0,0,0,50,1,0,Fiber optic,1,1,0,1,0,1,Month-to-month,1,Credit card (automatic),93.5,4747.5,0,94.95,4,0.4081445,Medium
0230-WEQUW,1,0,0,0,72,1,0,No,0,0,0,0,0,0,Two year,0,Credit card (automatic),20.25,1566.9,0,21.76,0,0.017201971,Low
2040-LDIWQ,1,0,0,0,29,1,1,No,0,0,0,0,0,0,Month-to-month,0,Electronic check,25.15,702.0,0,24.21,0,0.29789126,Low
6496-JDSSB,1,0,0,0,10,0,0,DSL,0,0,0,1,0,0,Two year,1,Mailed check,29.6,299.05,0,29.9,1,0.16958919,Low
4443-EMBNA,0,0,1,0,18,1,1,Fiber optic,0,0,0,0,0,0,Month-to-month,1,Electronic check,73.15,1305.95,0,72.55,0,0.78428495,High
6469-MRVET,0,0,0,0,16,1,0,No,0,0,0,0,0,0,Two year,0,Mailed check,19.75,284.35,0,17.77,0,0.047515307,Low
5961-VUSRV,1,0,0,0,72,1,1,DSL,0,1,1,1,1,1,Two year,0,Bank transfer (automatic),86.6,6350.5,0,88.2,5,0.035495307,Low
6778-JFCMK,0,0,0,0,72,1,1,Fiber optic,0,1,1,1,1,1,Two year,0,Bank transfer (automatic),109.2,7878.3,0,109.42,5,0.15574467,Low
6341-JVQGF,1,0,1,0,41,1,0,DSL,1,0,0,1,1,1,One year,1,Credit card (automatic),74.7,3187.65,0,77.75,4,0.2595014,Low
4811-JBUVU,1,1,1,0,65,1,0,Fiber optic,1,1,1,0,0,1,Month-to-month,0,Electronic check,94.4,6126.15,0,94.25,4,0.4995823,Medium
0945-TSONX,1,1,0,0,13,1,0,DSL,0,1,1,0,0,0,Month-to-month,1,Electronic check,54.8,731.3,0,56.25,2,0.60856605,High
2651-ZCBXV,0,1,0,0,4,1,0,Fiber optic,1,0,0,0,0,0,Month-to-month,0,Electronic check,75.35,273.4,0,68.35,1,0.71821064,High
3316-UWXUY,0,0,0,0,41,1,1,DSL,0,0,1,0,0,1,One year,0,Mailed check,65.0,2531.8,0,61.75,2,0.17643617,Low
7083-MIOPC,0,0,0,0,42,1,1,Fiber optic,1,1,1,0,0,1,One year,1,Electronic check,99.0,4298.45,0,102.34,4,0.5090024,Medium
1984-GPTEH,1,0,1,0,51,1,0,Fiber optic,1,1,1,0,1,0,One year,1,Electronic check,93.5,4619.55,0,90.58,4,0.38612902,Medium
0621-JFHOL,0,0,0,0,32,1,1,DSL,0,1,1,1,1,1,One year,0,Credit card (automatic),83.7,2633.3,0,82.29,5,0.21670108,Low
9903-LYSAB,0,0,0,0,10,1,0,No,0,0,0,0,0,0,Month-to-month,1,Mailed check,19.85,193.05,0,19.3,0,0.32372102,Medium
9227-UAQFT,1,0,1,0,67,0,0,DSL,0,1,1,1,1,1,Two year,1,Electronic check,59.55,4103.9,0,61.25,5,0.12051634,Low
7301-ABVAD,1,0,1,1,61,1,1,Fiber optic,1,1,1,1,1,1,Two year,0,Credit card (automatic),115.1,7008.15,0,114.89,6,0.03201763,Low
6614-FHDBO,0,0,0,0,50,1,1,Fiber optic,1,1,1,1,1,1,One year,0,Credit card (automatic),114.35,5791.1,0,115.82,6,0.4698794,Medium
7576-ASEJU,1,1,1,0,29,0,0,DSL,1,0,1,0,0,1,Month-to-month,1,Electronic check,45.0,1228.65,0,42.37,3,0.6349733,High
9058-HRZSV,0,1,1,0,57,1,1,Fiber optic,0,1,0,0,0,1,Month-to-month,1,Electronic check,89.85,4925.35,0,86.41,2,0.6872457,High
4522-AKYLR,1,0,0,0,31,0,0,DSL,1,1,0,1,0,1,Two year,1,Bank transfer (automatic),49.85,1520.1,0,49.04,4,0.07410387,Low
0221-WMXNQ,1,0,1,0,45,1,1,Fiber optic,1,1,1,1,1,1,One year,0,Mailed check,113.3,5032.25,0,111.83,6,0.46795812,Medium
0303-UNCIP,1,0,1,0,61,1,1,DSL,1,1,1,1,1,1,Two year,0,Mailed check,88.1,5526.75,0,90.6,6,0.0416906,Low
0959-WHOKV,0,0,0,0,50,1,1,No,0,0,0,0,0,0,Two year,0,Bank transfer (automatic),24.9,1195.25,0,23.9,0,0.051185794,Low
4075-JFPGR,1,1,0,0,19,1,0,Fiber optic,1,1,0,1,1,1,Month-to-month,1,Mailed check,105.0,2007.25,0,105.64,5,0.69180113,High
3282-ZISZV,1,0,1,0,71,1,1,No,0,0,0,0,0,0,Two year,1,Credit card (automatic),24.25,1732.95,0,24.41,0,0.031503018,Low
3675-YDUPJ,0,0,1,0,57,1,0,DSL,1,1,0,1,0,0,Two year,1,Electronic check,59.75,3450.15,0,60.53,3,0.08435111,Low
4111-BNXIF,0,1,1,0,20,1,1,Fiber optic,0,1,0,1,1,1,Month-to-month,0,Electronic check,107.05,2172.05,0,108.6,4,0.79682153,High
7017-VFHAY,0,1,1,0,21,1,0,DSL,1,1,0,0,0,1,Month-to-month,1,Bank transfer (automatic),64.95,1339.8,0,63.8,3,0.3905308,Medium
6655-LHBYW,0,0,0,0,14,0,0,DSL,0,0,1,1,1,1,Month-to-month,1,Electronic check,55.0,771.95,0,55.14,4,0.6541085,High
5046-NUHWD,1,0,0,0,5,1,0,DSL,0,1,0,0,0,0,Month-to-month,0,Bank transfer (automatic),50.55,244.75,0,48.95,1,0.5069566,Medium
7529-ZDFXI,1,0,0,0,6,1,0,DSL,1,1,0,0,0,0,Month-to-month,0,Mailed check,55.15,322.9,0,53.82,2,0.32357436,Medium
7605-BDWDC,1,0,0,0,10,1,0,DSL,0,1,0,0,0,0,Month-to-month,0,Electronic check,51.2,498.25,0,49.82,1,0.45978782,Medium
1950-KSVVJ,1,0,0,1,1,1,1,No,0,0,0,0,0,0,Month-to-month,0,Mailed check,25.4,25.4,0,25.4,0,0.47605658,Medium
0123-CRBRT,1,0,0,0,68,1,1,DSL,1,0,0,0,0,0,Month-to-month,0,Mailed check,54.45,3687.75,0,54.23,1,0.16099933,Low
6292-TOSSS,1,0,0,0,22,1,1,Fiber optic,0,0,0,0,0,0,One year,1,Credit card (automatic),76.0,1783.6,0,81.07,0,0.33135414,Medium
3197-ARFOY,1,0,0,0,20,1,0,DSL,0,0,0,0,0,0,Month-to-month,1,Electronic check,44.35,927.15,0,46.36,0,0.54330385,Medium
7014-ZZXAW,0,0,0,0,35,1,0,DSL,1,1,1,0,0,0,One year,0,Mailed check,61.2,2021.2,0,57.75,3,0.08266431,Low
7633-MVPUY,0,0,1,0,23,1,0,Fiber optic,0,1,1,1,0,0,One year,0,Mailed check,86.8,1940.8,0,84.38,3,0.23949218,Low
4716-HHKQH,1,1,0,0,6,1,0,Fiber optic,0,0,0,0,1,1,Month-to-month,1,Electronic check,89.35,567.8,0,94.63,2,0.8893892,High
3179-GBRWV,1,0,0,0,12,1,0,No,0,0,0,0,0,0,Month-to-month,0,Mailed check,19.7,220.35,0,18.36,0,0.18966079,Low
8645-KWHJO,0,0,0,0,1,1,0,No,0,0,0,0,0,0,Month-to-month,0,Mailed check,20.25,20.25,0,20.25,0,0.5823714,Medium
4130-MZLCC,1,0,1,1,71,1,0,Fiber optic,0,0,1,0,0,0,Two year,0,Electronic check,76.05,5436.45,0,76.57,1,0.0134113105,Low
0314-TKOSI,0,1,1,0,35,1,1,Fiber optic,0,0,1,0,1,1,Month-to-month,1,Electronic check,100.8,3437.5,0,98.21,3,0.8165944,High
8229-MYEJZ,0,0,1,1,40,1,1,DSL,0,0,1,0,1,1,Month-to-month,1,Electronic check,74.55,3015.75,0,75.39,3,0.19534019,Low
2080-SRCDE,0,0,0,0,23,1,0,DSL,0,0,0,0,1,1,One year,1,Bank transfer (automatic),64.9,1509.8,0,65.64,2,0.23533325,Low
9577-WJVCQ,0,0,0,0,4,1,0,Fiber optic,0,0,1,1,0,1,Month-to-month,1,Electronic check,90.4,356.65,0,89.16,3,0.82399464,High
6202-DYYFX,1,0,1,0,68,0,0,DSL,0,1,1,1,1,1,Two year,0,Credit card (automatic),60.3,4109.0,0,60.43,5,0.08839497,Low
3808-HFKDE,0,0,0,1,38,1,1,Fiber optic,0,1,0,0,0,0,Month-to-month,1,Mailed check,81.85,3141.7,0,82.68,1,0.20461696,Low
3727-OWVYD,0,0,1,1,52,1,1,No,0,0,0,0,0,0,Two year,0,Mailed check,24.8,1229.1,0,23.64,0,0.014808944,Low
2294-SALNE,0,0,1,0,29,1,0,DSL,0,0,1,1,1,1,Two year,0,Mailed check,75.55,2054.4,0,70.84,4,0.090466484,Low
4847-TAJYI,0,1,1,1,38,1,1,Fiber optic,0,1,0,0,1,1,Month-to-month,0,Electronic check,101.15,3741.85,0,98.47,3,0.18157904,Low
1563-IWQEX,0,0,0,0,48,1,1,DSL,1,0,1,0,1,1,One year,1,Credit card (automatic),78.75,3682.45,0,76.72,4,0.19802175,Low
8203-XJZRC,1,0,0,0,1,1,0,No,0,0,0,0,0,0,Month-to-month,1,Bank transfer (automatic),19.25,19.25,0,19.25,0,0.66954833,High
6556-DBKZF,1,0,0,0,22,1,0,Fiber optic,1,0,0,1,0,1,Month-to-month,1,Electronic check,89.05,1886.25,0,85.74,3,0.61084765,High
6851-WEFYX,1,0,0,0,43,1,1,Fiber optic,1,1,1,1,1,1,Two year,0,Credit card (automatic),115.05,4895.1,0,113.84,6,0.32968387,Medium
2985-JUUBZ,1,1,1,0,5,1,0,Fiber optic,0,0,0,0,0,0,Month-to-month,1,Electronic check,69.35,341.6,0,68.32,0,0.8647283,High
0895-LMRSF,0,0,1,0,51,1,1,Fiber optic,1,1,0,1,1,1,One year,0,Credit card (automatic),110.05,5686.4,0,111.5,5,0.5009245,Medium
8266-VBFQL,0,0,0,0,71,1,0,No,0,0,0,0,0,0,Two year,1,Credit card (automatic),19.9,1355.1,0,19.09,0,0.0214349,Low
8181-YHCMF,0,0,1,0,35,1,1,Fiber optic,0,0,0,1,1,0,Month-to-month,1,Credit card (automatic),91.5,3236.35,0,92.47,2,0.6324911,High
2240-HSJQD,1,0,1,0,72,0,0,DSL,0,1,1,1,1,1,Two year,1,Electronic check,60.0,4264.0,0,59.22,5,0.07214183,Low
1248-DYXUB,0,0,0,0,1,1,0,DSL,0,0,0,0,0,0,Month-to-month,1,Electronic check,44.8,44.8,0,44.8,0,0.8578092,High
4115-BNPJY,1,0,1,0,9,1,0,DSL,1,0,0,0,0,0,One year,0,Mailed check,48.6,422.3,0,46.92,1,0.21034366,Low
3167-SNQPL,0,0,0,0,69,0,0,DSL,1,1,0,1,1,1,Two year,1,Bank transfer (automatic),60.05,4176.7,0,60.53,5,0.05848569,Low
4091-TVOCN,1,0,1,0,52,1,1,Fiber optic,0,1,0,1,1,1,Month-to-month,1,Credit card (automatic),102.7,5138.1,0,98.81,4,0.63329136,High
1098-TDVUQ,1,1,1,0,11,1,0,Fiber optic,0,0,0,1,1,0,Month-to-month,1,Electronic check,82.9,880.05,0,80.0,2,0.8354416,High
7277-OZCGZ,1,1,1,1,28,0,0,DSL,0,0,0,0,1,0,Month-to-month,1,Electronic check,35.9,973.65,0,34.77,1,0.27547932,Low
1557-EMYVT,1,1,0,0,17,1,1,Fiber optic,0,0,1,0,0,0,Month-to-month,1,Credit card (automatic),82.65,1470.05,0,86.47,1,0.7430259,High
2799-ARNLO,1,0,1,1,35,1,0,No,0,0,0,0,0,0,Two year,1,Mailed check,19.85,739.35,0,21.12,0,0.01823725,Low
5027-YOCXN,1,0,0,0,8,1,0,No,0,0,0,0,0,0,One year,1,Mailed check,19.2,161.95,0,20.24,0,0.1501779,Low
3973-SKMLN,0,0,0,0,46,1,1,Fiber optic,0,1,1,0,1,0,One year,1,Credit card (automatic),94.9,4422.95,0,96.15,3,0.3967669,Medium
6745-JEFZB,1,0,0,0,68,1,1,DSL,1,1,1,1,1,1,Two year,1,Electronic check,88.15,6148.45,0,90.42,6,0.068427905,Low
9880-TDQAC,1,0,0,0,36,1,0,Fiber optic,0,1,0,0,1,1,Month-to-month,1,Credit card (automatic),94.8,3565.65,0,99.05,3,0.63282824,High
8705-WZCYL,1,1,0,0,32,1,0,DSL,0,1,0,1,0,0,Month-to-month,0,Bank transfer (automatic),54.65,1830.1,0,57.19,2,0.25696614,Low
7102-JJVTX,1,0,1,0,71,1,1,DSL,1,1,1,1,1,1,Two year,0,Credit card (automatic),85.75,6223.8,0,87.66,6,0.036752284,Low
8626-PTQGE,1,0,1,1,66,1,1,DSL,1,1,1,0,0,0,Month-to-month,1,Bank transfer (automatic),67.45,4508.65,0,68.31,3,0.049679365,Low
4983-CLMLV,0,0,0,0,63,1,0,No,0,0,0,0,0,0,One year,0,Mailed check,20.5,1328.15,0,21.08,0,0.04030923,Low
5701-YVSVF,1,0,0,0,41,1,0,No,0,0,0,0,0,0,One year,1,Credit card (automatic),20.25,865.0,0,21.1,0,0.09173088,Low
5697-GOMBF,1,1,0,0,1,1,1,Fiber optic,0,0,0,0,0,0,Month-to-month,1,Electronic check,72.1,72.1,0,72.1,0,0.93820906,High
2739-CACDQ,1,0,1,0,70,1,0,No,0,0,0,0,0,0,Two year,0,Bank transfer (automatic),19.45,1303.5,0,18.62,0,0.029282838,Low
9385-EHGDO,1,0,0,0,23,0,0,DSL,0,0,0,0,1,1,Month-to-month,1,Electronic check,44.95,996.85,0,43.34,2,0.68568885,High
9498-FIMXL,1,1,1,0,64,1,0,Fiber optic,1,1,1,0,0,1,One year,0,Bank transfer (automatic),97.0,6430.9,0,100.48,4,0.286623,Low
2379-GYFLQ,0,0,1,0,37,1,1,DSL,1,0,1,1,0,0,Two year,1,Credit card (automatic),62.8,2278.75,0,61.59,3,0.087219626,Low
2088-IEBAU,0,0,0,0,17,1,0,DSL,0,0,0,0,0,0,One year,0,Mailed check,44.6,681.4,0,40.08,0,0.1484481,Low
7982-VCELR,1,1,0,0,7,1,0,Fiber optic,0,0,0,0,1,1,Month-to-month,1,Electronic check,89.15,574.35,0,82.05,2,0.8767744,High
6035-BXTTY,1,1,0,0,16,1,1,DSL,1,0,0,0,0,0,Month-to-month,1,Electronic check,54.1,889.0,0,55.56,1,0.5996541,Medium
6885-PKOAM,0,0,1,0,64,1,1,Fiber optic,0,1,0,1,1,1,Two year,1,Electronic check,105.25,6823.4,0,106.62,4,0.47098753,Medium
7520-HQWJU,0,0,1,0,42,1,1,Fiber optic,1,0,0,0,1,1,One year,0,Electronic check,97.1,4016.75,0,95.64,3,0.49844226,Medium
9639-BUJXT,0,0,0,1,5,1,0,No,0,0,0,0,0,0,Month-to-month,0,Mailed check,20.2,83.75,0,16.75,0,0.13268983,Low
5924-SNGKP,1,0,0,0,41,1,0,Fiber optic,0,1,0,1,1,1,Two year,1,Bank transfer (automatic),98.8,3959.15,0,96.56,4,0.2672652,Low
0021-IKXGC,0,0,1,0,58,1,0,DSL,0,0,1,0,0,0,One year,0,Credit card (automatic),50.3,2878.55,0,49.63,1,0.15593879,Low
8966-SNIZF,1,0,0,0,47,1,0,No,0,0,0,0,0,0,Two year,1,Mailed check,20.55,945.7,0,20.12,0,0.048776053,Low
6243-OZGFH,0,0,0,0,18,1,0,Fiber optic,0,0,0,1,0,0,Month-to-month,1,Bank transfer (automatic),75.9,1373.05,0,76.28,1,0.5565865,Medium
4654-DLAMQ,0,0,1,0,23,1,0,DSL,1,0,0,0,0,1,Month-to-month,1,Bank transfer (automatic),59.95,1406.0,0,61.13,2,0.39547184,Medium
0513-RBGPE,1,0,0,0,1,1,0,No,0,0,0,0,0,0,Month-to-month,0,Mailed check,19.15,19.15,0,19.15,0,0.5504498,Medium
5160-UXJED,0,0,1,0,71,1,1,Fiber optic,0,0,1,0,1,1,One year,1,Credit card (automatic),98.65,6962.85,0,98.07,3,0.3542675,Medium
4115-NZRKS,0,0,1,1,72,1,1,Fiber optic,1,1,1,1,1,1,Two year,1,Credit card (automatic),112.6,8126.65,0,112.87,6,0.014680281,Low
3351-NGXYI,0,0,1,0,33,1,0,No,0,0,0,0,0,0,One year,0,Mailed check,20.6,690.25,0,20.92,0,0.073530495,Low
8984-EYLLL,0,0,0,0,24,0,0,DSL,1,0,0,1,0,0,Two year,0,Mailed check,35.75,830.8,0,34.62,2,0.07291955,Low
9833-TGFHX,1,0,1,0,56,1,1,Fiber optic,0,1,1,1,0,1,One year,1,Credit card (automatic),99.75,5608.4,0,100.15,4,0.4085735,Medium
9294-TDIPC,0,0,0,0,37,1,0,Fiber optic,0,1,0,0,1,1,Month-to-month,1,Credit card (automatic),96.1,3646.8,0,98.56,3,0.64557916,High
5229-DTFYB,1,0,0,0,43,1,1,DSL,0,1,1,1,1,1,One year,0,Credit card (automatic),85.1,3662.25,0,85.17,5,0.18298547,Low
0104-PPXDV,0,0,0,0,1,0,0,DSL,0,0,0,0,0,0,Month-to-month,0,Mailed check,25.35,25.35,0,25.35,0,0.7729377,High
5176-LMJXE,1,0,0,0,61,1,1,DSL,1,1,1,1,1,1,Two year,0,Electronic check,89.65,5308.7,0,87.03,6,0.052475538,Low
3583-KRKMD,0,0,0,0,17,1,1,Fiber optic,0,0,1,1,0,0,One year,0,Electronic check,86.75,1410.25,0,82.96,2,0.37699944,Medium
9069-LGEUL,1,0,1,0,41,1,0,Fiber optic,0,1,1,1,0,0,One year,1,Bank transfer (automatic),86.2,3339.05,0,81.44,3,0.29672006,Low
7302-ZHMHP,0,1,1,0,72,0,0,DSL,1,1,1,1,1,1,Two year,1,Bank transfer (automatic),64.8,4732.35,0,65.73,6,0.038824867,Low
9571-EDEBV,0,0,0,0,48,1,1,Fiber optic,0,1,1,0,1,1,Two year,1,Bank transfer (automatic),108.1,5067.45,0,105.57,4,0.5343729,Medium
3520-FJGCV,1,0,0,0,42,0,0,DSL,1,1,1,1,0,1,One year,1,Electronic check,54.75,2348.45,0,55.92,5,0.30487612,Medium
6563-VRERX,0,0,0,0,44,1,1,Fiber optic,0,0,1,0,0,1,Month-to-month,1,Mailed check,90.4,4063.0,0,92.34,2,0.5681353,Medium
6122-EFVKN,0,0,0,1,1,1,0,DSL,0,0,0,0,0,0,Month-to-month,0,Electronic check,44.0,44.0,0,44.0,0,0.65656954,High
2805-EDJPQ,1,0,0,0,27,1,1,Fiber optic,0,0,0,0,1,1,Month-to-month,1,Bank transfer (automatic),95.6,2595.25,0,96.12,2,0.75696254,High
6862-CQUMB,0,1,1,0,27,1,1,DSL,0,1,1,1,1,1,Month-to-month,1,Bank transfer (automatic),84.8,2309.55,0,85.54,5,0.46797806,Medium
7156-MXBJE,1,1,0,0,2,1,0,DSL,0,0,0,0,0,0,Month-to-month,1,Electronic check,44.3,89.3,0,44.65,0,0.8378789,High
6158-HDPXZ,1,0,0,0,19,1,0,No,0,0,0,0,0,0,Month-to-month,0,Mailed check,19.9,367.55,0,19.34,0,0.16701014,Low
2863-IMQDR,1,1,1,0,42,1,1,Fiber optic,0,0,0,0,1,1,Month-to-month,1,Electronic check,95.05,3944.5,0,93.92,2,0.8068008,High
5686-CMAWK,1,0,0,0,66,1,1,DSL,1,1,1,1,1,1,Two year,1,Credit card (automatic),90.05,5965.95,0,90.39,6,0.048360523,Low
5651-CRHKQ,0,1,1,0,33,1,1,Fiber optic,1,0,1,1,1,1,Month-to-month,1,Bank transfer (automatic),109.9,3694.7,0,111.96,5,0.70699793,High
8204-YJCLA,0,1,0,0,33,0,0,DSL,0,0,1,1,1,1,Month-to-month,1,Electronic check,54.6,1803.7,0,54.66,4,0.5369582,Medium
6583-SZVGP,1,0,1,0,23,1,0,No,0,0,0,0,0,0,One year,0,Mailed check,20.05,415.1,0,18.05,0,0.055012945,Low
1708-PBBOA,1,0,0,0,32,1,0,No,0,0,0,0,0,0,One year,0,Bank transfer (automatic),19.75,624.15,0,19.5,0,0.07205158,Low
8782-LKFPK,1,0,0,0,11,1,0,No,0,0,0,0,0,0,One year,0,Credit card (automatic),20.05,237.7,0,21.61,0,0.07391092,Low
5522-JBWMO,1,0,1,0,68,1,0,DSL,1,0,0,1,0,0,One year,0,Bank transfer (automatic),55.9,3848.8,0,56.6,2,0.097178005,Low
3597-MVHJT,0,0,0,0,20,1,0,No,0,0,0,0,0,0,Two year,1,Mailed check,19.7,419.4,0,20.97,0,0.05352734,Low
9774-NRNAU,0,0,0,0,72,1,0,No,0,0,0,0,0,0,Two year,1,Credit card (automatic),19.8,1468.75,0,20.4,0,0.02270102,Low
0224-RLWWD,0,0,1,0,60,1,1,Fiber optic,1,0,1,0,1,0,One year,1,Bank transfer (automatic),95.4,5812.0,0,96.87,3,0.32637173,Medium
9967-ATRFS,0,1,1,1,32,1,0,Fiber optic,0,1,0,0,1,1,Month-to-month,1,Mailed check,93.95,2861.45,0,89.42,3,0.17353173,Low
3951-NJCVI,1,0,1,0,46,1,1,No,0,0,0,0,0,0,One year,1,Bank transfer (automatic),24.45,1066.15,0,23.18,0,0.16728356,Low
2977-CEBSX,1,0,1,0,29,1,1,Fiber optic,0,0,0,0,0,0,Month-to-month,1,Electronic check,74.95,2149.05,0,74.11,0,0.76018333,High
0177-PXBAT,0,0,0,0,51,1,1,Fiber optic,0,1,1,1,0,0,Month-to-month,1,Electronic check,87.35,4473.0,0,87.71,3,0.54985166,Medium
2519-ERQOJ,1,1,1,0,48,1,0,Fiber optic,0,0,0,0,0,0,Month-to-month,1,Bank transfer (automatic),70.65,3545.05,0,73.86,0,0.5614749,Medium
5876-QMYLD,1,0,1,1,16,1,0,Fiber optic,0,1,0,0,0,0,Month-to-month,0,Bank transfer (automatic),73.25,1195.75,0,74.73,1,0.26101246,Low
2277-AXSDC,0,0,1,0,70,1,1,Fiber optic,0,1,1,1,0,1,Two year,1,Bank transfer (automatic),98.7,6858.9,0,97.98,4,0.18502872,Low
9442-JTWDL,1,0,1,1,40,1,1,No,0,0,0,0,0,0,Two year,1,Mailed check,24.8,1024.7,0,25.62,0,0.02274902,Low
3067-SVMTC,1,0,1,1,5,1,1,No,0,0,0,0,0,0,Month-to-month,1,Mailed check,24.3,132.25,0,26.45,0,0.2831785,Low
5495-GPSRW,1,0,0,0,7,1,0,Fiber optic,0,0,0,0,0,0,Month-to-month,1,Bank transfer (automatic),69.85,515.45,0,73.64,0,0.72149134,High
7606-BPHHN,0,0,0,0,29,1,1,Fiber optic,0,1,1,1,0,1,One year,0,Credit card (automatic),100.55,2830.45,0,97.6,4,0.34038985,Medium
4742-DRORA,0,0,1,0,44,1,1,No,0,0,0,0,0,0,One year,0,Mailed check,25.7,1110.5,0,25.24,0,0.11507623,Low
0111-KLBQG,1,0,0,0,10,0,0,DSL,1,1,1,0,0,0,Month-to-month,0,Bank transfer (automatic),40.7,449.3,0,44.93,3,0.39870042,Medium
4163-NCJAK,1,1,1,0,55,1,1,DSL,0,0,0,0,0,0,Month-to-month,0,Bank transfer (automatic),51.65,2838.55,0,51.61,0,0.36740193,Medium
5233-AOZUF,0,1,1,0,52,1,1,Fiber optic,0,1,1,0,1,1,One year,1,Bank transfer (automatic),105.1,5376.4,0,103.39,4,0.65502805,High
5973-EJGDP,1,0,1,1,10,1,1,Fiber optic,0,0,0,0,0,1,Month-to-month,0,Electronic check,85.95,858.6,0,85.86,1,0.4881676,Medium
1996-DBMUS,0,0,0,0,18,1,1,Fiber optic,0,0,0,0,0,0,Month-to-month,1,Bank transfer (automatic),75.6,1395.05,0,77.5,0,0.6353334,High
7916-VCCPB,1,0,1,0,68,1,1,DSL,1,0,0,1,0,0,One year,0,Bank transfer (automatic),58.25,3975.7,0,58.47,2,0.109993204,Low
4686-GEFRM,1,0,1,0,72,0,0,DSL,1,1,1,1,1,1,Two year,1,Credit card (automatic),65.2,4784.45,0,66.45,6,0.035346836,Low
5249-QYHEX,0,0,0,0,2,1,0,DSL,1,0,1,0,0,0,Month-to-month,0,Electronic check,53.45,119.5,0,59.75,2,0.67961866,High
2233-FAGXV,0,0,1,0,41,1,0,No,0,0,0,0,0,0,Two year,1,Electronic check,19.75,899.45,0,21.94,0,0.1263085,Low
5605-IYGFG,1,0,0,0,26,0,0,DSL,0,0,1,1,1,0,Month-to-month,1,Credit card (automatic),44.45,1183.8,0,45.53,3,0.42552122,Medium
7663-ZTEGJ,0,0,1,0,36,1,0,No,0,0,0,0,0,0,One year,0,Bank transfer (automatic),20.85,720.05,0,20.0,0,0.09042012,Low
3935-TBRZZ,0,0,1,0,72,1,1,Fiber optic,1,1,1,1,1,1,Two year,1,Credit card (automatic),114.05,8468.2,0,117.61,6,0.10263968,Low
8111-BKVDS,0,0,1,0,35,1,1,Fiber optic,0,0,0,1,0,1,Month-to-month,1,Bank transfer (automatic),89.85,3161.2,0,90.32,2,0.65338475,High
2055-SIFSS,0,0,0,0,1,1,0,DSL,0,0,1,1,0,0,Month-to-month,0,Mailed check,55.05,55.05,0,55.05,2,0.7011983,High
2806-MLNTI,1,0,1,1,16,1,1,Fiber optic,1,0,1,1,1,1,Month-to-month,1,Electronic check,112.95,1882.55,0,117.66,5,0.4735151,Medium
8734-DKSTZ,1,1,0,0,49,1,1,Fiber optic,1,0,0,0,1,1,Month-to-month,0,Credit card (automatic),101.55,5070.4,0,103.48,3,0.643787,High
4360-PNRQB,1,0,1,0,54,1,1,Fiber optic,1,1,1,1,1,1,One year,1,Mailed check,114.65,6049.5,0,112.03,6,0.47669372,Medium
6152-ONASV,1,0,0,1,18,1,1,DSL,1,0,0,0,0,1,Month-to-month,0,Electronic check,64.8,1166.7,0,64.82,2,0.22092493,Low
7781-HVGMK,1,0,1,0,36,1,0,Fiber optic,0,0,0,0,0,1,Month-to-month,0,Electronic check,80.4,2937.65,0,81.6,1,0.70223874,High
2181-UAESM,1,0,1,0,52,1,1,No,0,0,0,0,0,0,Two year,1,Bank transfer (automatic),25.05,1270.25,0,24.43,0,0.06720482,Low
6048-NJXHX,0,0,1,1,8,1,0,Fiber optic,0,0,1,0,1,1,Month-to-month,1,Electronic check,94.75,759.55,0,94.94,3,0.5828655,Medium
2320-SLKMB,0,0,1,0,72,1,0,Fiber optic,1,1,0,1,1,1,Two year,0,Bank transfer (automatic),105.5,7611.55,0,105.72,5,0.18847577,Low
4980-URKXC,1,0,0,0,64,1,1,No,0,0,0,0,0,0,One year,0,Mailed check,24.7,1642.75,0,25.67,0,0.04621489,Low
4376-KFVRS,1,1,0,0,22,1,0,DSL,1,0,1,1,0,1,Month-to-month,1,Mailed check,69.75,1545.4,0,70.25,4,0.29071233,Low
5886-VLQVU,0,0,1,0,60,0,0,DSL,0,1,1,1,1,1,Month-to-month,1,Bank transfer (automatic),60.2,3582.4,0,59.71,5,0.3342329,Medium
3577-AMVUX,1,0,1,0,61,1,1,No,0,0,0,0,0,0,Two year,0,Mailed check,24.4,1417.9,0,23.24,0,0.030751472,Low
0771-WLCLA,1,0,0,0,24,1,1,Fiber optic,0,1,1,0,1,1,Month-to-month,1,Electronic check,104.15,2494.65,0,103.94,4,0.8394888,High
5628-RKIFK,0,0,1,0,28,1,0,Fiber optic,0,1,1,1,1,0,One year,0,Bank transfer (automatic),92.9,2768.35,0,98.87,4,0.3302482,Medium
0206-TBWLC,1,0,1,0,30,1,0,DSL,0,1,1,1,1,1,Two year,0,Bank transfer (automatic),80.8,2369.3,0,78.98,5,0.09386343,Low
2937-FTHUR,0,0,1,0,2,1,0,No,0,0,0,0,0,0,Month-to-month,0,Mailed check,20.0,38.0,0,19.0,0,0.39441657,Medium
1910-FMXJM,0,0,0,0,1,1,1,Fiber optic,0,0,0,0,0,0,Month-to-month,1,Electronic check,75.1,75.1,0,75.1,0,0.93312943,High
0732-OCQOC,0,0,0,1,6,1,0,No,0,0,0,0,0,0,Month-to-month,0,Mailed check,19.65,100.9,0,16.82,0,0.121041924,Low
5168-MSWXT,1,0,1,0,24,1,0,DSL,0,1,0,0,1,1,Month-to-month,1,Bank transfer (automatic),69.45,1614.05,0,67.25,3,0.43726712,Medium
1090-ESELR,0,1,1,0,72,1,1,Fiber optic,1,1,1,1,1,1,Two year,1,Bank transfer (automatic),116.05,8404.9,0,116.73,6,0.10714484,Low
8592-PLTMQ,0,0,0,0,70,0,0,DSL,0,0,0,1,0,1,Two year,1,Mailed check,40.05,2799.75,0,40.0,2,0.08812396,Low
5760-WRAHC,0,1,1,0,64,1,1,Fiber optic,0,0,1,1,1,1,Two year,0,Electronic check,102.1,6538.45,0,102.16,4,0.27973926,Low
8847-GEOOQ,0,0,1,0,72,1,1,Fiber optic,0,1,0,0,1,0,One year,1,Electronic check,89.7,6588.95,0,91.51,2,0.3006285,Medium
4785-FCIFB,1,0,0,0,44,1,0,No,0,0,0,0,0,0,Two year,0,Mailed check,19.9,868.1,0,19.73,0,0.03890797,Low
8313-NDOIA,1,1,0,0,17,1,0,No,0,0,0,0,0,0,One year,0,Mailed check,20.65,330.6,0,19.45,0,0.07932829,Low
5149-CUZUJ,0,0,1,0,9,1,0,DSL,0,0,1,0,1,1,Month-to-month,1,Mailed check,70.05,564.4,0,62.71,3,0.60985667,High
0942-KOWSM,0,0,1,0,24,1,0,DSL,1,0,0,1,0,0,Month-to-month,0,Mailed check,53.6,1315.35,0,54.81,2,0.26509687,Low
4237-CLSMM,0,1,1,1,35,1,0,DSL,0,1,0,1,1,1,Month-to-month,1,Electronic check,76.05,2747.2,0,78.49,4,0.12913929,Low
1452-VOQCH,1,0,1,1,7,1,0,DSL,1,1,1,1,1,0,Month-to-month,1,Electronic check,75.7,554.05,0,79.15,5,0.2779737,Low
4719-UMSIY,0,0,1,1,11,1,0,No,0,0,0,0,0,0,Two year,0,Mailed check,19.65,225.75,0,20.52,0,0.03546657,Low
6614-VBEGU,1,1,0,0,20,1,0,Fiber optic,0,0,0,0,0,1,Month-to-month,1,Electronic check,81.45,1671.6,0,83.58,1,0.7505564,High
1480-BKXGA,1,0,1,0,72,1,1,Fiber optic,0,1,1,1,1,1,One year,1,Bank transfer (automatic),108.5,8003.8,0,111.16,5,0.33025956,Medium
2996-XAUVF,0,0,1,1,72,1,1,Fiber optic,0,0,0,0,0,1,Two year,1,Credit card (automatic),84.5,6130.85,0,85.15,1,0.012210002,Low
9076-AXYIK,1,0,0,0,15,1,1,Fiber optic,0,1,0,0,1,1,Month-to-month,1,Electronic check,100.15,1415.0,0,94.33,3,0.88320416,High
5968-XQIVE,0,0,0,0,72,1,1,DSL,0,1,1,1,1,1,Two year,1,Bank transfer (automatic),88.6,6201.95,0,86.14,5,0.037396654,Low
8896-RAZCR,0,0,1,1,63,1,1,Fiber optic,0,1,1,0,1,1,Two year,1,Bank transfer (automatic),104.8,6597.25,0,104.72,4,0.045221005,Low
4933-IKULF,1,0,0,0,2,1,0,DSL,0,1,0,0,1,0,Month-to-month,1,Electronic check,59.0,114.15,0,57.08,2,0.8139892,High
1304-BCCFO,0,1,1,0,61,1,1,DSL,0,1,0,0,0,1,One year,0,Bank transfer (automatic),64.05,3902.6,0,63.98,2,0.17833139,Low
4104-PVRPS,0,0,0,0,1,1,0,No,0,0,0,0,0,0,Month-to-month,0,Mailed check,20.4,20.4,0,20.4,0,0.54680675,Medium
3780-DDGSE,0,0,1,0,28,1,0,DSL,1,1,0,1,0,0,Month-to-month,0,Mailed check,60.9,1785.65,0,63.77,3,0.22325368,Low
4431-EDMIQ,1,0,1,0,70,1,0,No,0,0,0,0,0,0,Two year,0,Bank transfer (automatic),19.8,1397.65,0,19.97,0,0.03837245,Low
0486-LGCCH,0,0,0,0,34,1,1,Fiber optic,1,1,1,1,1,1,One year,0,Credit card (automatic),116.25,3899.05,0,114.68,6,0.43118423,Medium
4612-SSVHJ,1,1,1,0,71,1,1,Fiber optic,1,0,0,0,0,0,Two year,1,Credit card (automatic),80.7,5676.0,0,79.94,1,0.07147322,Low
5168-MQQCA,1,0,1,0,70,1,1,DSL,1,0,0,0,0,1,One year,0,Bank transfer (automatic),65.2,4543.15,0,64.9,2,0.1403564,Low
7971-HLVXI,1,0,1,1,52,1,0,Fiber optic,1,0,1,1,0,0,Month-to-month,1,Bank transfer (automatic),84.05,4326.8,0,83.21,3,0.068308584,Low
9094-AZPHK,0,0,0,0,69,1,1,DSL,1,1,1,1,1,0,Two year,1,Credit card (automatic),79.45,5502.55,0,79.75,5,0.04807373,Low
3649-JPUGY,0,0,0,1,11,1,1,Fiber optic,0,0,1,0,0,0,Month-to-month,1,Mailed check,78.0,851.8,0,77.44,1,0.4898638,Medium
3552-CTCYF,1,0,0,0,1,1,0,No,0,0,0,0,0,0,Month-to-month,0,Mailed check,19.85,19.85,0,19.85,0,0.6248616,High
6778-YSNIH,0,1,1,0,20,1,0,Fiber optic,1,0,1,1,0,1,One year,0,Credit card (automatic),94.3,1818.3,0,90.92,4,0.30513737,Medium
5756-OZRIO,0,0,0,0,61,1,1,Fiber optic,1,0,1,0,1,1,Month-to-month,1,Electronic check,106.45,6300.15,0,103.28,4,0.7045918,High
6579-JPICP,1,0,0,0,56,1,1,Fiber optic,0,1,0,1,1,1,Month-to-month,1,Bank transfer (automatic),105.45,5916.95,0,105.66,4,0.68492764,High
4134-BSXLX,0,0,0,0,30,1,1,Fiber optic,1,1,1,1,0,0,Month-to-month,1,Credit card (automatic),95.0,2852.4,0,95.08,4,0.5031764,Medium
0505-SPOOW,1,0,0,0,28,1,0,DSL,1,0,0,1,0,0,One year,0,Mailed check,54.3,1546.3,0,55.22,2,0.08624057,Low
4374-YMUSQ,1,1,1,0,5,1,0,Fiber optic,0,0,0,0,0,0,Month-to-month,0,Electronic check,70.05,302.6,0,60.52,0,0.83129674,High
4513-CXYIX,0,0,0,0,12,1,0,No,0,0,0,0,0,0,Month-to-month,0,Credit card (automatic),20.05,265.45,0,22.12,0,0.17630604,Low
3957-HHLMR,0,0,1,1,67,1,1,Fiber optic,0,1,1,0,1,1,One year,1,Electronic check,105.4,6989.45,0,104.32,4,0.10437335,Low
7803-XOCCZ,0,1,1,0,29,1,1,DSL,0,0,0,0,0,0,Month-to-month,1,Electronic check,51.6,1442.0,0,49.72,0,0.57454354,Medium
5736-YEJAX,0,0,1,1,55,1,1,Fiber optic,0,0,0,0,0,1,Month-to-month,0,Bank transfer (automatic),85.5,4713.4,0,85.7,1,0.096344076,Low
8981-FJGLA,0,0,0,0,52,1,0,Fiber optic,1,0,1,0,1,0,One year,0,Electronic check,91.25,4738.3,0,91.12,3,0.29049894,Low
1135-LMECX,0,1,1,1,72,1,1,Fiber optic,1,1,1,1,1,1,Two year,1,Credit card (automatic),115.75,8399.15,0,116.65,6,0.015337872,Low
4332-MUOEZ,0,0,1,1,58,1,1,Fiber optic,0,1,0,1,1,0,One year,1,Credit card (automatic),94.7,5430.35,0,93.63,3,0.03553856,Low
8535-SFUTN,0,0,1,1,35,1,0,No,0,0,0,0,0,0,Two year,0,Mailed check,19.6,686.95,0,19.63,0,0.018509114,Low
8677-HDZEE,1,1,0,0,56,1,1,Fiber optic,0,1,1,1,1,0,Two year,1,Bank transfer (automatic),99.9,5706.3,0,101.9,4,0.24436393,Low
2475-MROZF,1,0,1,1,24,1,0,No,0,0,0,0,0,0,Two year,1,Credit card (automatic),21.1,490.65,0,20.44,0,0.017940853,Low
3482-ABPKK,0,0,1,1,70,1,0,No,0,0,0,0,0,0,Two year,0,Credit card (automatic),20.05,1360.25,0,19.43,0,0.008812,Low
6705-LXORM,0,0,0,0,2,1,0,Fiber optic,0,0,0,0,1,0,Month-to-month,1,Electronic check,79.95,174.45,0,87.22,1,0.9080648,High
7531-GQHME,0,1,1,1,68,1,1,Fiber optic,0,0,1,1,1,1,One year,1,Credit card (automatic),107.15,7379.8,0,108.53,4,0.09514214,Low
5174-ITUMV,0,0,0,0,12,1,1,Fiber optic,0,0,1,0,1,0,Month-to-month,1,Electronic check,89.55,1021.75,0,85.15,2,0.8758359,High
4109-CYRBD,1,0,1,0,63,1,1,Fiber optic,0,1,0,0,0,0,Month-to-month,1,Bank transfer (automatic),81.55,5029.05,0,79.83,1,0.39210728,Medium
0913-XWSCN,1,0,1,0,33,1,0,DSL,1,1,1,0,0,0,One year,1,Mailed check,58.45,1955.4,0,59.25,3,0.1588218,Low
0750-EBAIU,1,0,1,0,69,1,0,Fiber optic,0,1,0,0,1,1,One year,1,Credit card (automatic),95.65,6744.2,0,97.74,3,0.37625325,Medium
8606-CIQUL,1,0,1,0,60,1,0,DSL,0,1,1,1,1,1,Two year,1,Bank transfer (automatic),80.6,4946.7,0,82.44,5,0.05314964,Low
3571-DPYUH,1,0,1,1,72,1,1,Fiber optic,1,1,1,1,1,1,Two year,1,Bank transfer (automatic),113.1,8248.5,0,114.56,6,0.012477227,Low
7601-GNDYK,1,0,0,0,11,1,1,DSL,0,0,0,0,0,1,Month-to-month,1,Mailed check,58.95,601.6,0,54.69,1,0.54143125,Medium
0356-OBMAC,1,0,0,0,1,1,0,No,0,0,0,0,0,0,Month-to-month,0,Mailed check,19.55,19.55,0,19.55,0,0.58919114,Medium
8067-NIOYM,0,0,1,1,34,1,0,Fiber optic,0,0,0,0,0,1,One year,1,Bank transfer (automatic),78.95,2647.2,0,77.86,1,0.06272992,Low
1403-GYAFU,1,0,0,0,65,1,1,Fiber optic,0,1,0,1,1,1,One year,1,Bank transfer (automatic),105.05,6744.25,0,103.76,4,0.43322203,Medium
4234-XTNEA,0,1,1,0,50,1,1,Fiber optic,1,1,1,0,1,0,One year,1,Bank transfer (automatic),101.9,5265.5,0,105.31,4,0.50223535,Medium
1297-VQDRP,0,0,0,0,15,1,0,No,0,0,0,0,0,0,Month-to-month,0,Mailed check,19.75,311.6,0,20.77,0,0.21826549,Low
5348-CAGXB,0,0,1,1,72,1,1,Fiber optic,1,1,1,0,1,1,Two year,1,Bank transfer (automatic),110.3,7966.9,0,110.65,5,0.017437786,Low
0621-HJWXJ,1,0,1,1,72,1,1,Fiber optic,1,1,1,1,1,1,Two year,1,Bank transfer (automatic),115.6,8220.4,0,114.17,6,0.012477227,Low
5844-QVTAT,0,0,1,1,55,1,0,No,0,0,0,0,0,0,Two year,0,Bank transfer (automatic),19.35,1153.25,0,20.97,0,0.01629523,Low
8905-IAZPF,1,0,1,1,23,1,1,No,0,0,0,0,0,0,Two year,1,Credit card (automatic),25.6,514.75,0,22.38,0,0.023310069,Low
5394-MEITZ,1,0,1,0,56,1,1,DSL,1,0,1,0,0,1,One year,1,Bank transfer (automatic),68.75,3808.0,0,68.0,3,0.19473995,Low
6859-QNXIQ,1,0,0,0,1,1,0,No,0,0,0,0,0,0,Month-to-month,0,Bank transfer (automatic),19.9,19.9,0,19.9,0,0.61523545,High
2782-LFZVW,0,0,0,0,38,1,0,DSL,1,1,0,1,1,0,One year,0,Mailed check,70.6,2708.2,0,71.27,4,0.12594101,Low
2866-IKBTM,0,0,0,0,11,1,0,Fiber optic,0,0,0,0,0,0,Month-to-month,0,Electronic check,70.2,760.05,0,69.1,0,0.7485342,High
7129-AZJDE,0,0,0,0,1,1,0,DSL,0,0,0,1,0,0,Month-to-month,1,Electronic check,49.3,49.3,0,49.3,1,0.8201562,High
2560-PPCHE,0,0,1,0,56,1,1,Fiber optic,0,1,0,1,1,1,One year,1,Electronic check,107.25,6033.3,0,107.74,4,0.6991445,High
4676-MQUEA,0,0,1,0,3,1,1,No,0,0,0,0,0,0,Month-to-month,1,Mailed check,23.6,89.05,0,29.68,0,0.5331637,Medium
8138-EALND,0,0,1,1,7,1,0,DSL,1,0,0,0,1,1,Month-to-month,0,Credit card (automatic),69.7,516.15,0,73.74,3,0.20627275,Low
3580-HYCSP,0,0,1,1,59,1,1,Fiber optic,0,0,1,0,1,1,Two year,1,Credit card (automatic),99.5,5861.75,0,99.35,3,0.039643805,Low
1352-HNSAW,0,0,0,0,7,1,0,DSL,0,0,1,1,1,0,Month-to-month,0,Bank transfer (automatic),64.3,445.95,0,63.71,3,0.41057834,Medium
2075-PUEPR,0,0,1,0,71,1,0,DSL,1,0,1,1,0,1,Two year,1,Credit card (automatic),70.85,4973.4,0,70.05,4,0.04012658,Low
1982-FEBTD,0,0,1,1,15,1,0,Fiber optic,1,0,0,1,1,1,One year,0,Electronic check,101.9,1667.25,0,111.15,4,0.24106173,Low
5791-KAJFD,0,0,1,0,71,1,1,DSL,1,1,0,1,1,0,Two year,0,Credit card (automatic),73.5,5357.75,0,75.46,4,0.040277213,Low
2654-VBVPB,1,0,0,0,11,0,0,DSL,0,1,1,1,0,0,One year,1,Credit card (automatic),40.4,422.6,0,38.42,3,0.28932172,Low
1154-HYWWO,1,0,1,1,60,1,0,No,0,0,0,0,0,0,Two year,1,Credit card (automatic),19.25,1103.25,0,18.39,0,0.009796704,Low
2501-XWWTZ,0,1,0,0,47,1,1,DSL,0,1,0,1,0,0,Two year,0,Bank transfer (automatic),59.6,2754.0,0,58.6,2,0.09353765,Low
3716-UVSPD,1,0,0,0,11,1,0,DSL,0,0,1,1,0,1,One year,0,Credit card (automatic),64.9,697.25,0,63.39,3,0.1811845,Low
6815-ABQFQ,1,1,1,0,28,1,1,Fiber optic,0,1,1,1,1,1,Month-to-month,1,Electronic check,110.85,3204.4,0,114.44,5,0.8049454,High
7343-EOBEU,0,0,1,0,61,1,0,DSL,1,1,0,1,1,1,Two year,1,Mailed check,81.05,4747.65,0,77.83,5,0.04515288,Low
3701-SFMUH,0,0,1,1,31,1,1,Fiber optic,1,0,1,0,1,0,One year,0,Bank transfer (automatic),98.05,3082.1,0,99.42,3,0.06525052,Low
6103-LIANB,0,0,0,0,9,1,0,Fiber optic,0,0,0,0,0,0,Month-to-month,1,Electronic check,70.5,597.9,0,66.43,0,0.8049676,High
7319-VENRZ,0,1,1,0,35,1,1,Fiber optic,1,1,0,0,0,1,Month-to-month,1,Electronic check,94.55,3365.4,0,96.15,3,0.71097594,High
5846-NEQVZ,0,0,0,0,2,1,0,No,0,0,0,0,0,0,Month-to-month,1,Mailed check,19.65,38.8,0,19.4,0,0.52382034,Medium
6967-QIQRV,1,0,1,1,1,1,0,No,0,0,0,0,0,0,Month-to-month,1,Mailed check,19.0,19.0,0,19.0,0,0.42534757,Medium
5781-RFZRP,1,0,0,0,3,1,0,No,0,0,0,0,0,0,Month-to-month,1,Mailed check,20.0,61.7,0,20.57,0,0.3956504,Medium
0308-IVGOK,0,0,0,0,52,1,0,DSL,1,1,0,0,1,0,Two year,1,Credit card (automatic),63.25,3342.45,0,64.28,3,0.07489235,Low
7293-LSCDV,0,0,1,0,5,1,0,No,0,0,0,0,0,0,One year,0,Mailed check,20.1,85.1,0,17.02,0,0.11565879,Low
7025-WCBNE,0,0,1,0,72,1,1,Fiber optic,1,1,1,0,0,1,Two year,1,Electronic check,99.15,7422.1,0,103.08,4,0.12407459,Low
5756-JYOJT,0,0,1,0,71,1,1,DSL,1,1,1,1,1,1,Two year,0,Electronic check,90.4,6668.05,0,93.92,6,0.0510251,Low
6030-REHUX,0,0,1,0,72,1,1,Fiber optic,1,0,1,1,1,1,Two year,1,Credit card (automatic),111.9,8071.05,0,112.1,5,0.119015895,Low
9548-LIGTA,0,0,1,0,46,1,1,No,0,0,0,0,0,0,One year,0,Electronic check,24.9,1174.8,0,25.54,0,0.16841272,Low
5150-LJNSR,0,0,1,0,63,1,1,DSL,1,1,1,0,1,1,Two year,0,Credit card (automatic),83.5,5435.0,0,86.27,5,0.056588154,Low
8270-RKSAP,0,0,0,0,30,1,0,Fiber optic,1,1,1,0,0,0,Month-to-month,1,Credit card (automatic),84.3,2438.6,0,81.29,3,0.51815027,Medium
6522-YRBXD,0,0,0,0,1,1,0,DSL,0,0,0,0,0,0,Month-to-month,0,Mailed check,45.6,45.6,0,45.6,0,0.750282,High
2640-LYMOV,0,0,0,0,16,0,0,DSL,1,1,1,1,1,0,Two year,0,Mailed check,54.85,916.15,0,57.26,5,0.09903045,Low
1423-BMPBQ,0,0,0,0,4,1,1,DSL,0,0,0,1,0,1,Month-to-month,0,Mailed check,65.55,237.2,0,59.3,2,0.5282318,Medium
2393-DIVAI,0,0,1,0,51,1,1,Fiber optic,0,1,0,0,0,1,One year,1,Credit card (automatic),90.35,4614.55,0,90.48,2,0.40454796,Medium
4568-KNYWR,0,0,1,0,65,1,0,No,0,0,0,0,0,0,Two year,1,Credit card (automatic),20.4,1414.45,0,21.76,0,0.035326686,Low
8752-IMQOS,0,0,0,0,16,1,0,Fiber optic,0,0,0,1,0,0,Month-to-month,1,Credit card (automatic),74.55,1170.5,0,73.16,1,0.68903434,High
0742-LAFQK,0,0,0,0,2,1,0,No,0,0,0,0,0,0,One year,0,Mailed check,19.95,47.7,0,23.85,0,0.1533216,Low
0795-LAFGP,1,0,1,1,66,1,1,Fiber optic,0,0,0,0,0,0,One year,1,Bank transfer (automatic),74.25,4859.25,0,73.62,0,0.02716216,Low
0619-OLYUR,0,0,0,0,46,1,1,Fiber optic,0,1,1,1,1,1,Two year,0,Electronic check,108.65,4903.2,0,106.59,5,0.5314215,Medium
5512-IDZEI,1,0,0,0,32,1,1,Fiber optic,1,0,1,1,1,1,One year,1,Bank transfer (automatic),109.55,3608.0,0,112.75,5,0.5392561,Medium
0459-SPZHJ,0,0,1,0,72,1,1,DSL,1,0,1,1,1,1,Two year,0,Credit card (automatic),86.65,6094.25,0,84.64,5,0.036898676,Low
0215-BQKGS,0,0,1,0,38,1,0,DSL,1,0,1,1,1,1,Two year,0,Credit card (automatic),81.0,3084.9,0,81.18,5,0.09615407,Low
9244-ZVAPM,0,0,0,0,51,1,0,DSL,0,0,0,1,0,0,One year,0,Credit card (automatic),47.85,2356.75,0,46.21,1,0.12759241,Low
8208-EUMTE,0,0,1,1,72,1,1,Fiber optic,1,1,1,1,1,1,Two year,0,Bank transfer (automatic),114.55,8306.05,0,115.36,6,0.016768627,Low
5172-MIGPM,0,0,0,1,66,1,0,No,0,0,0,0,0,0,Two year,0,Mailed check,20.55,1357.1,0,20.56,0,0.010360889,Low
1710-RCXUS,1,1,0,0,44,1,1,Fiber optic,1,1,1,0,1,1,One year,1,Credit card (automatic),109.8,4860.35,0,110.46,5,0.5423604,Medium
0374-FIUCA,0,0,0,0,50,1,1,DSL,0,0,1,1,0,1,Two year,0,Bank transfer (automatic),69.5,3418.2,0,68.36,3,0.066111,Low
5839-SUYVZ,1,0,0,0,15,1,1,DSL,0,0,0,0,0,0,Month-to-month,0,Mailed check,48.85,631.4,0,42.09,0,0.4189363,Medium
5173-ZXXXL,0,0,0,0,8,0,0,DSL,0,0,0,0,0,0,Month-to-month,1,Credit card (automatic),25.25,186.3,0,23.29,0,0.5965408,Medium
1096-ADRUX,1,1,0,0,66,1,1,Fiber optic,0,0,1,1,1,1,One year,1,Credit card (automatic),102.85,6976.75,0,105.71,4,0.48465884,Medium
2001-MCUUW,1,0,0,0,57,1,1,Fiber optic,1,1,0,1,0,0,Month-to-month,1,Bank transfer (automatic),87.55,4884.85,0,85.7,3,0.3543234,Medium
2731-GJRDG,1,0,0,0,7,1,1,Fiber optic,0,1,0,0,0,0,Month-to-month,1,Bank transfer (automatic),78.55,522.95,0,74.71,1,0.7984896,High
4723-BEGSG,0,1,1,1,10,0,0,DSL,0,0,0,0,0,1,Month-to-month,1,Bank transfer (automatic),34.55,362.6,0,36.26,1,0.3760713,Medium
6516-NKQBO,1,0,0,0,62,1,1,Fiber optic,1,1,1,0,0,0,One year,1,Electronic check,92.05,5755.8,0,92.84,3,0.25339225,Low
8672-OAUPW,0,0,1,1,40,1,0,Fiber optic,0,0,1,0,1,0,One year,1,Electronic check,85.05,3355.65,0,83.89,2,0.059800968,Low
8207-DMRVL,1,0,0,0,20,1,0,No,0,0,0,0,0,0,Two year,0,Mailed check,19.7,406.95,0,20.35,0,0.045159817,Low
2804-ETQDK,1,0,1,0,25,1,0,Fiber optic,0,0,0,1,1,1,Month-to-month,1,Electronic check,95.15,2395.7,0,95.83,3,0.7775469,High
6689-VRRTK,0,0,1,0,23,1,1,Fiber optic,0,1,1,0,0,0,Month-to-month,0,Electronic check,84.25,1968.1,0,85.57,2,0.6630736,High
7138-GIRSH,1,1,1,0,66,1,1,Fiber optic,0,1,1,0,1,1,One year,0,Credit card (automatic),104.6,6819.45,0,103.32,4,0.48517781,Medium
9396-ZSFLL,1,1,0,0,72,1,1,Fiber optic,0,1,1,1,1,1,Two year,0,Electronic check,111.65,7943.45,0,110.33,5,0.12743093,Low
6464-KEXXH,1,0,1,0,46,1,1,DSL,1,0,0,0,0,0,Month-to-month,0,Bank transfer (automatic),55.0,2473.95,0,53.78,1,0.3534837,Medium
7134-MJPDY,0,0,1,0,72,1,1,DSL,1,1,1,1,1,1,Two year,0,Credit card (automatic),89.85,6562.9,0,91.15,6,0.030792449,Low
5240-CAOYT,0,0,0,0,10,1,0,No,0,0,0,0,0,0,One year,0,Mailed check,20.35,176.3,0,17.63,0,0.061764434,Low
4059-IIEBK,1,0,0,0,40,0,0,DSL,1,0,0,1,1,1,One year,1,Bank transfer (automatic),54.55,2236.2,0,55.9,4,0.255053,Low
4881-JVQOD,0,0,0,0,31,1,0,Fiber optic,0,0,1,1,1,1,Two year,0,Bank transfer (automatic),99.45,3109.9,0,100.32,4,0.27076408,Low
0516-UXRMT,1,0,1,0,68,1,1,DSL,1,1,1,1,0,0,Two year,0,Credit card (automatic),70.9,4911.35,0,72.23,4,0.045146342,Low
4851-BQDNX,0,0,1,1,68,1,1,No,0,0,0,0,0,0,Two year,0,Bank transfer (automatic),25.4,1620.2,0,23.83,0,0.012190693,Low
5148-HKFIR,1,1,0,0,49,1,0,Fiber optic,0,1,1,0,0,1,One year,1,Bank transfer (automatic),89.85,4287.2,0,87.49,3,0.3759447,Medium
3003-CMDUU,1,0,1,1,15,1,1,No,0,0,0,0,0,0,Month-to-month,1,Electronic check,25.25,394.85,0,26.32,0,0.22175072,Low
5016-IBERQ,0,0,1,0,50,1,1,DSL,0,0,1,1,1,0,One year,1,Electronic check,69.65,3442.15,0,68.84,3,0.27872995,Low
6797-UCJHZ,0,1,0,0,24,1,0,Fiber optic,0,0,0,0,0,0,Month-to-month,0,Credit card (automatic),70.0,1732.6,0,72.19,0,0.48501658,Medium
2469-DTSGX,0,0,1,1,35,1,0,No,0,0,0,0,0,0,Two year,0,Mailed check,20.1,655.3,0,18.72,0,0.01230591,Low
9931-KGHOA,1,0,0,0,17,1,1,No,0,0,0,0,0,0,Month-to-month,0,Mailed check,24.8,475.25,0,27.96,0,0.23489632,Low
1775-KWJKQ,0,0,0,0,10,1,0,Fiber optic,0,0,0,1,1,1,Month-to-month,1,Credit card (automatic),95.1,865.1,0,86.51,3,0.7787862,High
7665-VIGUD,0,0,1,0,68,1,1,DSL,1,1,1,1,1,1,Two year,1,Credit card (automatic),88.85,6132.7,0,90.19,6,0.059666976,Low
9411-TPQQV,0,0,1,0,45,1,0,DSL,1,1,1,0,1,1,One year,0,Bank transfer (automatic),78.8,3597.5,0,79.94,5,0.20301144,Low
7954-MLBUN,0,0,1,0,37,1,0,No,0,0,0,0,0,0,Month-to-month,0,Bank transfer (automatic),20.35,697.65,0,18.86,0,0.15492764,Low
2077-DDHJK,1,0,0,0,10,1,0,DSL,0,0,0,0,0,0,Month-to-month,0,Mailed check,45.25,428.7,0,42.87,0,0.37697148,Medium
9574-BOSMD,0,0,0,0,1,1,0,No,0,0,0,0,0,0,Month-to-month,0,Mailed check,20.05,20.05,0,20.05,0,0.60256684,High
4908-XAXAY,0,0,1,0,65,1,1,DSL,1,1,0,0,0,1,Two year,1,Mailed check,69.55,4459.15,0,68.6,3,0.06899748,Low
8404-VLQFB,1,0,1,1,57,1,0,No,0,0,0,0,0,0,Two year,0,Bank transfer (automatic),19.5,1167.6,0,20.48,0,0.014536953,Low
2391-IPLOP,1,0,0,0,3,1,0,Fiber optic,0,0,1,0,0,0,Month-to-month,1,Mailed check,74.75,238.1,0,79.37,1,0.8013464,High
3509-GWQGF,0,0,0,0,49,0,0,DSL,0,0,1,0,0,0,Month-to-month,1,Bank transfer (automatic),30.2,1453.1,0,29.66,1,0.4026519,Medium
5845-BZZIB,1,0,1,0,70,0,0,DSL,0,1,1,1,1,1,Two year,0,Bank transfer (automatic),57.8,4039.3,0,57.7,5,0.08845202,Low
1140-UKVZG,1,0,1,0,53,1,0,No,0,0,0,0,0,0,One year,1,Bank transfer (automatic),19.85,1039.45,0,19.61,0,0.14778309,Low
5183-SNMJQ,0,0,1,1,53,1,1,No,0,0,0,0,0,0,Two year,0,Credit card (automatic),25.55,1336.1,0,25.21,0,0.0138173215,Low
8100-PNJMH,0,0,0,0,22,1,1,No,0,0,0,0,0,0,Month-to-month,1,Credit card (automatic),24.85,493.4,0,22.43,0,0.2539989,Low
7838-LAZFO,0,1,0,0,65,1,1,Fiber optic,1,0,1,1,1,1,Two year,1,Electronic check,110.35,7246.15,0,111.48,5,0.3828431,Medium
2085-JVGAD,1,0,0,0,48,1,1,No,0,0,0,0,0,0,One year,0,Bank transfer (automatic),24.55,1203.95,0,25.08,0,0.08134753,Low
8095-WANWK,0,0,0,0,3,1,1,Fiber optic,0,1,1,0,1,1,Month-to-month,0,Mailed check,107.95,313.6,0,104.53,4,0.85641956,High
3030-ZKIWL,0,0,1,0,45,1,1,Fiber optic,0,1,0,0,0,0,Month-to-month,0,Bank transfer (automatic),81.4,3775.85,0,83.91,1,0.5192739,Medium
9565-FLVCG,1,0,1,0,61,1,0,DSL,0,0,1,1,1,1,Two year,1,Bank transfer (automatic),73.8,4616.05,0,75.67,4,0.0726671,Low
8755-OGKNA,0,0,0,0,3,1,0,DSL,1,0,0,1,1,0,Month-to-month,1,Credit card (automatic),64.4,195.65,0,65.22,3,0.5661836,Medium
2800-VEQXM,1,1,0,0,40,1,1,Fiber optic,0,0,1,1,1,1,One year,1,Credit card (automatic),103.75,4188.4,0,104.71,4,0.5710849,Medium
5533-RJFTJ,1,0,0,0,1,1,0,Fiber optic,0,0,0,0,0,0,Month-to-month,0,Mailed check,71.1,71.1,0,71.1,0,0.8474233,High
0214-JHPFW,1,0,0,0,1,1,0,DSL,0,0,0,1,0,0,Month-to-month,1,Electronic check,49.9,49.9,0,49.9,1,0.82101345,High
5642-MHDQT,0,0,0,0,51,1,1,No,0,0,0,0,0,0,One year,1,Bank transfer (automatic),24.6,1266.4,0,24.83,0,0.11400695,Low
3088-FVYWK,0,0,0,0,52,0,0,DSL,0,1,0,0,0,0,One year,0,Mailed check,30.1,1623.4,0,31.22,1,0.13997664,Low
9092-GDZKO,0,0,0,0,51,1,1,Fiber optic,0,0,0,0,0,1,Month-to-month,0,Bank transfer (automatic),83.4,4149.45,0,81.36,1,0.5178047,Medium
3729-OWRVL,0,0,0,0,1,1,0,No,0,0,0,0,0,0,Month-to-month,1,Mailed check,20.45,20.45,0,20.45,0,0.6239894,High
2324-AALNO,0,0,1,0,31,1,1,DSL,1,1,0,1,0,1,One year,1,Bank transfer (automatic),75.25,2344.5,0,75.63,4,0.2277686,Low
5760-IFJOZ,0,0,0,0,47,1,0,No,0,0,0,0,0,0,One year,0,Credit card (automatic),20.55,1013.05,0,21.55,0,0.06289484,Low
2826-UWHIS,1,1,0,0,22,1,0,No,0,0,0,0,0,0,One year,1,Mailed check,20.05,417.0,0,18.95,0,0.07234369,Low
7501-IWUNG,1,0,1,0,1,1,0,No,0,0,0,0,0,0,Month-to-month,1,Mailed check,20.65,20.65,0,20.65,0,0.6607489,High
4957-TREIR,0,0,1,0,72,1,1,DSL,0,1,1,1,1,1,Two year,1,Bank transfer (automatic),85.15,6316.2,0,87.72,5,0.040361643,Low
7251-LJBQN,0,1,1,1,47,1,0,Fiber optic,0,1,0,0,1,0,One year,1,Bank transfer (automatic),84.95,4018.05,0,85.49,2,0.03873082,Low
8040-MNRTF,0,0,1,0,72,1,1,DSL,1,0,1,1,0,0,Two year,1,Credit card (automatic),66.5,4811.6,0,66.83,3,0.030449612,Low
1536-HBSWP,0,0,1,0,66,1,1,DSL,0,0,1,0,1,0,Two year,1,Bank transfer (automatic),63.3,4189.7,0,63.48,2,0.09672218,Low
5313-FPXWG,0,0,0,0,35,1,1,Fiber optic,0,0,0,0,1,0,Month-to-month,0,Electronic check,83.15,2848.45,0,81.38,1,0.6722821,High
0946-FKYTX,0,0,0,0,29,1,1,Fiber optic,0,0,0,0,0,1,Month-to-month,1,Electronic check,84.9,2516.2,0,86.77,1,0.77041155,High
5076-YVXCM,1,0,0,0,2,1,0,No,0,0,0,0,0,0,Month-to-month,1,Mailed check,20.55,33.6,0,16.8,0,0.45104423,Medium
8262-COGGB,0,0,0,0,4,1,0,DSL,0,1,0,0,0,0,Month-to-month,0,Mailed check,49.25,208.45,0,52.11,1,0.53692025,Medium
6663-JOCQO,1,0,0,0,65,1,0,DSL,1,1,0,1,0,0,Two year,1,Mailed check,59.6,3739.8,0,57.54,3,0.039665412,Low
9620-QJREV,0,1,0,0,27,1,1,Fiber optic,0,1,0,1,1,1,One year,1,Bank transfer (automatic),104.65,2964.0,0,109.78,4,0.621131,High
2682-KEVRP,0,0,1,0,29,1,0,Fiber optic,0,0,1,0,0,0,Month-to-month,1,Credit card (automatic),75.3,2263.4,0,78.05,1,0.6097197,High
2480-JZOSN,0,0,1,1,29,1,1,DSL,0,1,1,0,1,1,Month-to-month,0,Credit card (automatic),80.1,2211.8,0,76.27,4,0.09358557,Low
0078-XZMHT,1,0,1,0,20,1,0,Fiber optic,0,0,1,1,0,0,Month-to-month,1,Mailed check,81.0,1683.7,0,84.18,2,0.57859063,Medium
9978-HYCIN,1,0,0,0,58,1,1,No,0,0,0,0,0,0,Two year,1,Credit card (automatic),24.7,1519.0,0,26.19,0,0.045649447,Low
8338-QIUNR,1,0,0,1,14,1,1,Fiber optic,1,0,0,1,0,0,Month-to-month,1,Mailed check,86.0,1164.05,0,83.15,2,0.40525004,Medium
1525-LNLOJ,0,0,1,0,72,1,1,No,0,0,0,0,0,0,Two year,0,Mailed check,25.4,1710.9,0,23.76,0,0.02209826,Low
9450-TRJUU,0,0,0,0,46,1,1,Fiber optic,1,0,0,0,1,0,Month-to-month,1,Credit card (automatic),89.15,4245.55,0,92.29,2,0.52962583,Medium
1766-GKNMI,1,0,1,0,71,0,0,DSL,0,1,1,1,1,1,Two year,0,Bank transfer (automatic),58.25,4145.9,0,58.39,5,0.061338615,Low
6942-LBFDP,0,0,0,0,32,1,1,Fiber optic,0,0,0,0,0,1,Month-to-month,1,Bank transfer (automatic),85.65,2664.3,0,83.26,1,0.6889431,High
1456-TWCGB,1,0,0,0,26,0,0,DSL,0,0,1,0,1,1,Month-to-month,1,Credit card (automatic),50.35,1277.5,0,49.13,3,0.48464647,Medium
7596-ZYWBB,0,1,1,0,68,1,1,Fiber optic,0,0,1,0,0,0,Month-to-month,1,Credit card (automatic),80.35,5589.3,0,82.2,1,0.49545735,Medium
8329-UTMVM,0,0,1,0,2,1,0,No,0,0,0,0,0,0,One year,0,Mailed check,20.2,34.75,0,17.38,0,0.18333234,Low
3014-WJKSM,0,0,1,0,61,1,0,No,0,0,0,0,0,0,Two year,0,Credit card (automatic),20.55,1305.95,0,21.41,0,0.025884295,Low
3347-YJZZE,0,1,1,0,9,1,0,No,0,0,0,0,0,0,Month-to-month,1,Mailed check,21.25,204.55,0,22.73,0,0.3556469,Medium
7929-DMBCV,1,0,0,0,22,1,1,No,0,0,0,0,0,0,Two year,0,Mailed check,26.25,605.9,0,27.54,0,0.05842884,Low
9661-JALZV,1,0,1,1,5,1,0,Fiber optic,0,0,0,0,1,0,Month-to-month,1,Electronic check,80.85,356.1,0,71.22,1,0.6000149,High
5433-KYGHE,0,0,0,0,65,1,1,DSL,0,1,1,1,0,1,Two year,1,Credit card (automatic),74.2,4805.65,0,73.93,4,0.07122522,Low
4312-KFRXN,0,0,0,0,5,1,0,No,0,0,0,0,0,0,Month-to-month,0,Mailed check,20.35,92.75,0,18.55,0,0.21403904,Low
5575-TPIZQ,0,0,1,1,25,1,0,Fiber optic,0,1,0,0,0,0,Month-to-month,1,Electronic check,75.5,1901.05,0,76.04,1,0.17585549,Low
0114-IGABW,1,0,1,0,72,1,1,Fiber optic,1,0,0,0,0,0,Two year,0,Bank transfer (automatic),79.05,5730.7,0,79.59,1,0.04966218,Low
9944-AEXBM,1,0,1,0,27,1,1,Fiber optic,0,0,1,0,0,1,Month-to-month,0,Bank transfer (automatic),90.15,2423.4,0,89.76,2,0.63744473,High
1853-ARAAQ,0,0,1,1,32,0,0,DSL,0,0,1,0,1,1,Month-to-month,0,Credit card (automatic),50.6,1653.45,0,51.67,3,0.13042274,Low
6952-OMNWB,1,0,0,0,30,1,1,Fiber optic,0,1,1,1,1,1,One year,0,Credit card (automatic),110.45,3327.05,0,110.9,5,0.47856003,Medium
4697-LUPSU,0,0,1,0,70,1,0,Fiber optic,1,1,1,1,0,1,Two year,0,Credit card (automatic),101.0,7085.5,0,101.22,5,0.11309234,Low
8434-VGEQQ,0,1,0,0,42,1,1,Fiber optic,0,1,0,0,0,0,Month-to-month,1,Bank transfer (automatic),79.35,3344.1,0,79.62,1,0.6124341,High
6549-YMFAW,1,1,1,0,72,1,1,DSL,1,1,1,1,1,1,Two year,1,Bank transfer (automatic),89.85,6697.35,0,93.02,6,0.027759526,Low
4950-HKQTE,1,0,0,0,47,1,1,DSL,1,0,1,1,0,0,Two year,1,Mailed check,65.0,2879.9,0,61.27,3,0.0748815,Low
6786-OBWQR,1,0,0,0,2,1,0,Fiber optic,1,0,1,0,0,0,Month-to-month,1,Electronic check,80.45,137.1,0,68.55,2,0.83437437,High
2753-JMMCV,1,0,1,0,61,1,1,No,0,0,0,0,0,0,Two year,1,Mailed check,24.1,1551.6,0,25.44,0,0.03773682,Low
6621-YOBKI,1,0,0,0,5,1,0,DSL,0,0,0,0,0,0,Month-to-month,1,Credit card (automatic),44.05,202.15,0,40.43,0,0.6651355,High
1216-JWVUX,1,1,1,0,72,1,1,Fiber optic,0,1,1,1,1,1,Two year,1,Credit card (automatic),110.8,7882.25,0,109.48,5,0.11655371,Low
7564-GHCVB,0,1,1,0,72,1,1,Fiber optic,1,1,1,1,1,1,Two year,1,Bank transfer (automatic),114.95,8196.4,0,113.84,6,0.10714484,Low
1173-NOEYG,1,1,0,0,3,1,0,Fiber optic,0,0,1,0,0,0,Month-to-month,0,Mailed check,75.05,202.9,0,67.63,1,0.7556927,High
7595-EHCDL,0,0,1,0,48,1,0,No,0,0,0,0,0,0,Two year,0,Mailed check,19.25,855.1,0,17.81,0,0.043717038,Low
6647-ZEDXT,1,0,0,0,63,1,0,Fiber optic,0,0,1,1,1,0,One year,1,Credit card (automatic),90.05,5817.0,0,92.33,3,0.19554894,Low
2521-NPUZR,1,0,0,0,27,1,0,DSL,1,1,0,0,0,0,Month-to-month,1,Mailed check,56.7,1652.95,0,61.22,2,0.2721415,Low
1307-TVUFB,0,0,1,0,70,1,0,DSL,1,1,1,0,1,1,Two year,1,Credit card (automatic),80.15,5600.15,0,80.0,5,0.06622115,Low
7503-MIOGA,0,0,1,1,7,1,0,DSL,1,0,1,1,0,1,Month-to-month,1,Credit card (automatic),71.35,515.75,0,73.68,4,0.20862277,Low
4381-MHQDC,1,0,1,0,2,1,0,Fiber optic,1,1,0,0,1,0,Month-to-month,0,Electronic check,90.35,190.5,0,95.25,3,0.81561446,High
6923-JHPMP,0,0,0,0,66,1,0,No,0,0,0,0,0,0,Two year,0,Bank transfer (automatic),19.7,1253.8,0,19.0,0,0.024913011,Low
4018-PPNDW,1,0,0,0,3,1,0,No,0,0,0,0,0,0,Month-to-month,0,Mailed check,19.85,57.2,0,19.07,0,0.33391422,Medium
1635-FJFCC,1,0,1,0,72,1,1,Fiber optic,1,1,0,1,0,0,Two year,1,Bank transfer (automatic),90.35,6563.4,0,91.16,3,0.037477627,Low
2499-AJYUA,0,0,0,0,1,1,0,No,0,0,0,0,0,0,Month-to-month,0,Mailed check,20.8,20.8,0,20.8,0,0.5330877,Medium
6919-ELBGL,1,0,1,0,72,1,1,DSL,1,0,1,1,0,0,Two year,0,Bank transfer (automatic),66.85,4758.8,0,66.09,3,0.028599573,Low
3966-HRMZA,0,0,1,0,65,1,0,No,0,0,0,0,0,0,Two year,0,Mailed check,19.9,1292.6,0,19.89,0,0.033369463,Low
6425-JWTDV,1,0,0,0,11,0,0,DSL,0,0,0,0,1,0,Month-to-month,1,Mailed check,35.8,363.15,0,33.01,1,0.620169,High
8405-IGQFX,0,0,0,0,22,1,1,Fiber optic,0,1,0,0,0,0,Month-to-month,1,Mailed check,78.85,1600.25,0,72.74,1,0.59099865,Medium
8224-IVVPA,0,0,0,0,14,1,0,No,0,0,0,0,0,0,One year,0,Bank transfer (automatic),20.4,275.7,0,19.69,0,0.08075584,Low
9477-LGWQI,0,0,0,0,41,1,0,Fiber optic,0,0,0,1,0,0,Month-to-month,1,Electronic check,74.25,3089.1,0,75.34,1,0.6637002,High
1410-RSCMR,0,0,1,0,17,1,0,DSL,1,1,0,0,0,1,One year,0,Mailed check,64.8,1175.6,0,69.15,3,0.1831665,Low
0139-IVFJG,0,0,0,0,11,1,0,No,0,0,0,0,0,0,Month-to-month,1,Credit card (automatic),20.45,237.3,0,21.57,0,0.23551492,Low
5730-DBDSI,1,0,1,0,72,1,1,Fiber optic,1,1,1,0,1,1,Two year,1,Credit card (automatic),110.65,8065.65,0,112.02,5,0.09670177,Low
0030-FNXPP,1,0,1,1,3,0,0,DSL,0,1,0,0,0,1,Month-to-month,0,Mailed check,40.3,92.5,0,30.83,2,0.5623846,Medium
5684-FJVYR,1,0,1,0,59,1,1,Fiber optic,1,1,1,1,0,1,One year,1,Credit card (automatic),107.0,6152.3,0,104.28,5,0.42496327,Medium
4013-GUXND,0,0,1,0,71,1,0,DSL,0,1,0,1,1,1,Two year,1,Credit card (automatic),73.35,5154.5,0,72.6,4,0.05348159,Low
1266-NZYUI,1,0,1,1,5,1,0,DSL,0,0,0,0,0,0,Month-to-month,0,Mailed check,44.8,220.45,0,44.09,0,0.36830288,Medium
7969-FFOWG,0,0,1,1,27,1,0,DSL,1,1,0,0,0,0,Month-to-month,1,Credit card (automatic),54.75,1510.3,0,55.94,2,0.08531678,Low
4718-DHSMV,0,0,0,0,63,0,0,DSL,1,1,0,1,0,0,One year,1,Bank transfer (automatic),40.6,2588.95,0,41.09,3,0.13684577,Low
5175-WLYXL,0,0,1,0,72,1,1,DSL,1,0,0,0,0,0,Two year,0,Bank transfer (automatic),55.3,3983.6,0,55.33,1,0.037293617,Low
7817-OMJNA,1,0,1,0,34,1,1,DSL,1,0,0,1,0,0,Month-to-month,1,Bank transfer (automatic),60.85,2003.6,0,58.93,2,0.33102423,Medium
8728-SKJLR,1,0,1,0,24,1,1,DSL,1,1,0,0,1,1,One year,0,Electronic check,78.4,1832.4,0,76.35,4,0.25124723,Low
3137-NYQQI,0,0,0,0,72,1,1,DSL,1,1,1,1,0,0,Two year,0,Bank transfer (automatic),69.65,4908.25,0,68.17,4,0.022594491,Low
7706-DZNKK,1,0,1,0,60,0,0,DSL,1,0,1,1,1,1,Two year,0,Credit card (automatic),59.85,3590.2,0,59.84,5,0.07042934,Low
8823-RLPWL,0,0,0,0,68,1,1,DSL,1,1,1,0,0,1,One year,1,Credit card (automatic),76.9,5023.0,0,73.87,4,0.1634835,Low
9505-SQFSW,1,0,1,0,8,1,0,No,0,0,0,0,0,0,Two year,1,Mailed check,19.85,146.6,0,18.32,0,0.08275792,Low
3758-CKOQL,1,0,0,0,34,1,0,DSL,1,0,1,1,1,0,Two year,0,Credit card (automatic),67.65,2339.3,0,68.8,4,0.062136944,Low
5676-CFLYY,1,0,0,0,6,0,0,DSL,0,0,0,0,1,1,Month-to-month,0,Credit card (automatic),45.0,298.7,0,49.78,2,0.594348,Medium
7521-AFHAB,0,0,1,0,2,1,0,DSL,0,1,0,1,0,1,Month-to-month,1,Mailed check,64.2,143.65,0,71.82,3,0.67986125,High
0285-INHLN,0,0,0,0,31,1,1,Fiber optic,0,0,0,1,0,0,One year,0,Credit card (automatic),81.7,2548.65,0,82.21,1,0.23283823,Low
5125-CNDSP,1,0,1,1,20,1,1,No,0,0,0,0,0,0,Month-to-month,1,Bank transfer (automatic),25.55,507.4,0,25.37,0,0.10905832,Low
4992-LTJNE,1,0,1,1,1,1,0,No,0,0,0,0,0,0,Month-to-month,0,Electronic check,20.0,20.0,0,20.0,0,0.5172522,Medium
2202-OUTMO,1,1,1,0,70,1,1,Fiber optic,0,0,0,0,0,0,Two year,1,Credit card (automatic),75.65,5411.4,0,77.31,0,0.1263541,Low
0810-BDHAW,0,0,1,0,39,1,1,No,0,0,0,0,0,0,Two year,1,Mailed check,23.8,903.8,0,23.17,0,0.07705492,Low
0229-LFJAF,1,0,1,0,46,1,0,DSL,0,1,0,1,1,0,Two year,1,Credit card (automatic),64.2,3009.5,0,65.42,3,0.100937285,Low
7131-ZQZNK,1,0,1,0,72,1,1,DSL,0,0,1,0,1,1,Two year,1,Bank transfer (automatic),76.8,5468.45,0,75.95,3,0.05866356,Low
3442-ZHHCC,0,0,0,0,18,1,0,DSL,0,0,1,1,0,0,Month-to-month,0,Credit card (automatic),55.2,1058.1,0,58.78,2,0.30818343,Medium
5726-CVNYA,0,0,1,0,71,1,1,Fiber optic,1,0,1,1,1,1,Two year,1,Credit card (automatic),108.55,7616.0,0,107.27,5,0.31581318,Medium
9871-ELEYA,1,0,1,0,42,1,1,No,0,0,0,0,0,0,Two year,0,Electronic check,25.25,1108.2,0,26.39,0,0.115074895,Low
4257-GAESD,0,0,1,0,34,0,0,DSL,1,0,0,0,0,0,One year,0,Bank transfer (automatic),30.4,938.65,0,27.61,1,0.20084958,Low
5173-WXOQV,0,1,0,0,5,1,0,No,0,0,0,0,0,0,Month-to-month,0,Bank transfer (automatic),20.05,94.15,0,18.83,0,0.24086806,Low
2040-OBMLJ,1,0,0,0,25,1,1,Fiber optic,0,0,0,0,1,0,Month-to-month,1,Mailed check,84.6,2088.05,0,83.52,1,0.6299461,High
6286-ZHAOK,1,0,1,1,55,1,0,Fiber optic,0,1,1,1,1,1,One year,1,Bank transfer (automatic),103.7,5656.75,0,102.85,5,0.071840435,Low
3807-XHCJH,0,0,1,0,70,1,1,Fiber optic,1,1,0,1,0,0,Two year,1,Credit card (automatic),88.0,5986.45,0,85.52,3,0.0819008,Low
5671-RQRLP,1,0,1,0,61,1,1,Fiber optic,0,0,1,1,1,1,Month-to-month,1,Electronic check,106.35,6751.35,0,110.68,4,0.6843716,High
8859-AXJZP,0,0,1,0,43,1,0,DSL,1,0,1,1,1,1,Two year,1,Credit card (automatic),79.15,3566.6,0,82.94,5,0.069437265,Low
3174-AKMAS,0,0,0,0,47,1,1,Fiber optic,0,1,1,0,1,1,One year,1,Electronic check,103.1,4889.3,0,104.03,4,0.66200936,High
9926-PJHDQ,0,0,0,0,5,1,0,DSL,0,0,1,1,1,0,Month-to-month,1,Credit card (automatic),63.95,318.1,0,63.62,3,0.5463253,Medium
7382-DFJTU,1,0,0,0,62,1,1,No,0,0,0,0,0,0,Two year,1,Credit card (automatic),25.8,1563.95,0,25.22,0,0.036352176,Low
2798-NYLMZ,1,0,1,1,14,1,1,No,0,0,0,0,0,0,Month-to-month,0,Mailed check,25.55,372.45,0,26.6,0,0.13291399,Low
8098-TDCBU,0,0,1,1,34,0,0,DSL,0,0,1,1,1,0,Month-to-month,1,Electronic check,44.85,1442.6,0,42.43,3,0.18415886,Low
3551-GAEGL,0,0,1,1,38,1,1,No,0,0,0,0,0,0,Two year,0,Credit card (automatic),25.05,963.95,0,25.37,0,0.019409617,Low
4785-NKHCX,1,0,1,0,70,1,0,DSL,1,1,1,1,0,1,One year,0,Credit card (automatic),74.1,5222.3,0,74.6,5,0.14570278,Low
3196-NVXLZ,1,0,1,1,37,1,1,Fiber optic,0,1,0,0,1,0,Month-to-month,1,Electronic check,88.8,3340.55,0,90.29,2,0.16738494,Low
0036-IHMOT,0,1,1,1,60,1,1,Fiber optic,1,1,0,0,0,1,Month-to-month,1,Electronic check,93.25,5774.55,0,96.24,3,0.0750804,Low
4178-EGMON,0,0,1,0,62,1,0,DSL,1,0,1,1,0,1,One year,0,Credit card (automatic),71.4,4487.3,0,72.38,4,0.109525785,Low
4220-TINQT,0,0,0,0,36,1,0,DSL,1,0,1,1,1,1,Month-to-month,1,Credit card (automatic),79.2,2854.95,0,79.3,5,0.34268242,Medium
5318-YKDPV,0,0,0,0,44,1,0,No,0,0,0,0,0,0,Two year,0,Credit card (automatic),20.4,905.55,0,20.58,0,0.03519113,Low
7975-TZMLR,1,0,1,0,72,1,1,Fiber optic,1,0,1,0,1,1,Two year,1,Credit card (automatic),105.0,7589.8,0,105.41,4,0.19197068,Low
0295-QVKPB,1,0,0,0,13,0,0,DSL,1,0,0,0,0,0,Month-to-month,1,Bank transfer (automatic),30.85,394.1,0,30.32,1,0.5350218,Medium
4335-BSMJS,1,0,1,0,15,1,0,No,0,0,0,0,0,0,One year,0,Mailed check,20.55,295.95,0,19.73,0,0.099951625,Low
9146-JRIOX,1,0,0,0,65,1,0,DSL,1,1,1,1,1,1,Two year,1,Bank transfer (automatic),84.85,5459.2,0,83.99,6,0.041090343,Low
5337-IIWKZ,1,0,1,0,12,0,0,DSL,1,0,0,1,0,0,One year,0,Credit card (automatic),33.15,444.75,0,37.06,2,0.24895924,Low
9650-VBUOG,0,0,1,0,72,1,1,DSL,1,1,1,1,1,1,Two year,1,Credit card (automatic),92.0,6782.15,0,94.2,6,0.035991635,Low
3487-EARAT,1,0,1,0,72,1,1,DSL,1,1,1,1,1,1,Two year,0,Credit card (automatic),89.8,6510.45,0,90.42,6,0.030628925,Low
2672-TGEFF,1,0,1,1,72,1,1,Fiber optic,1,1,1,1,1,1,Two year,1,Bank transfer (automatic),115.8,8476.5,0,117.73,6,0.012477227,Low
4250-WAROZ,0,0,0,0,52,1,1,DSL,1,1,0,1,1,1,Two year,1,Mailed check,85.15,4461.85,0,85.8,5,0.06183195,Low
8184-WMOFI,0,0,0,0,2,1,1,No,0,0,0,0,0,0,Month-to-month,0,Mailed check,24.85,62.0,0,31.0,0,0.4466594,Medium
6092-QZVPP,1,0,0,0,5,1,0,DSL,1,0,0,1,1,0,Month-to-month,1,Electronic check,64.35,352.65,0,70.53,3,0.59953606,Medium
4625-LAMOB,1,0,0,0,68,1,0,No,0,0,0,0,0,0,Two year,0,Credit card (automatic),20.5,1424.9,0,20.95,0,0.026889266,Low
0392-BZIUW,0,0,0,0,72,1,1,DSL,1,1,0,1,1,1,Two year,0,Credit card (automatic),86.05,6309.65,0,87.63,5,0.032404173,Low
6549-NNDYT,1,0,1,0,66,1,1,Fiber optic,1,1,0,1,0,0,One year,0,Electronic check,89.0,5898.6,0,89.37,3,0.26324102,Low
0422-OHQHQ,0,0,1,0,72,0,0,DSL,1,1,1,1,1,1,Two year,1,Credit card (automatic),64.8,4719.75,0,65.55,6,0.037889637,Low
6916-HIJSE,0,0,0,0,26,1,0,No,0,0,0,0,0,0,One year,0,Credit card (automatic),19.8,457.3,0,17.59,0,0.045760863,Low
2316-ESMLS,0,0,1,1,64,1,1,Fiber optic,1,0,1,0,0,1,Two year,0,Bank transfer (automatic),93.4,5822.3,0,90.97,3,0.020673418,Low
9778-OGKQZ,0,0,1,0,62,0,0,DSL,0,0,0,1,1,0,Two year,1,Bank transfer (automatic),39.0,2337.45,0,37.7,2,0.10381227,Low
7408-OFWXJ,1,0,0,0,5,1,0,No,0,0,0,0,0,0,Month-to-month,1,Mailed check,20.5,104.3,0,20.86,0,0.3620968,Medium
6007-TCTST,0,0,0,1,3,1,1,No,0,0,0,0,0,0,Two year,1,Mailed check,26.4,121.25,0,40.42,0,0.0990302,Low
2252-NKNSI,1,0,1,0,72,1,1,Fiber optic,1,0,1,1,1,0,Two year,1,Bank transfer (automatic),98.2,7015.9,0,97.44,4,0.06560061,Low
8713-IGZSO,0,0,1,1,57,1,0,Fiber optic,0,1,1,0,1,1,One year,1,Credit card (automatic),97.55,5598.0,0,98.21,4,0.052874606,Low
7905-TVXTA,0,0,0,1,66,1,0,No,0,0,0,0,0,0,Two year,0,Credit card (automatic),19.95,1269.1,0,19.23,0,0.011198741,Low
7695-PKLCZ,0,0,0,1,45,1,1,Fiber optic,0,0,1,0,1,1,Two year,0,Bank transfer (automatic),99.7,4634.35,0,102.99,3,0.090196654,Low
8374-UULRV,1,0,0,0,3,0,0,DSL,0,0,0,0,1,0,Month-to-month,1,Credit card (automatic),34.8,113.95,0,37.98,1,0.8189544,High
3224-DFQNQ,1,0,0,0,51,0,0,DSL,1,0,1,1,1,1,One year,0,Bank transfer (automatic),60.15,3077.0,0,60.33,5,0.21293469,Low
5275-PMFUT,1,0,0,0,60,1,1,DSL,1,0,1,1,0,0,One year,0,Electronic check,64.75,4039.5,0,67.32,3,0.10313701,Low
4795-UXVCJ,0,0,0,0,33,1,1,DSL,0,1,0,0,0,0,Month-to-month,1,Bank transfer (automatic),54.65,1665.2,0,50.46,1,0.3649607,Medium
9777-IQHWP,0,1,0,0,26,1,0,No,0,0,0,0,0,0,One year,0,Credit card (automatic),19.3,504.2,0,19.39,0,0.077534504,Low
0979-MOZQI,1,0,1,0,67,1,1,Fiber optic,1,0,1,1,1,1,One year,1,Electronic check,111.25,7511.65,0,112.11,5,0.5841296,Medium
2732-ISEZX,1,0,1,0,49,0,0,DSL,1,0,0,1,0,0,One year,1,Credit card (automatic),35.8,1782.0,0,36.37,2,0.21972789,Low
0323-XWWTN,0,0,0,0,1,1,0,No,0,0,0,0,0,0,Month-to-month,1,Mailed check,20.05,20.05,0,20.05,0,0.6804019,High
1937-OTUKY,1,1,0,0,7,1,0,Fiber optic,0,0,1,0,1,0,Month-to-month,1,Electronic check,84.35,609.65,0,87.09,2,0.87054354,High
1573-LGXBA,1,1,0,0,27,1,1,Fiber optic,1,1,1,0,1,1,One year,1,Bank transfer (automatic),110.5,2857.6,0,105.84,5,0.564789,Medium
1764-VUUMT,0,0,1,1,37,1,0,Fiber optic,0,0,0,0,1,1,One year,0,Credit card (automatic),91.2,3247.55,0,87.77,2,0.04934193,Low
4713-ZBURT,0,0,1,1,31,1,1,Fiber optic,1,0,1,1,0,0,Month-to-month,0,Electronic check,89.3,2823.0,0,91.06,3,0.16123928,Low
3050-GBUSH,0,1,0,0,32,1,1,Fiber optic,0,0,1,0,0,0,Month-to-month,1,Credit card (automatic),81.1,2619.25,0,81.85,1,0.6538031,High
7876-AEHIG,1,0,1,0,63,1,1,Fiber optic,0,0,0,1,0,0,One year,1,Credit card (automatic),81.2,4965.1,0,78.81,1,0.17483315,Low
7945-HLKEA,0,0,0,0,30,1,1,Fiber optic,1,1,0,0,0,1,Month-to-month,1,Credit card (automatic),94.3,2679.7,0,89.32,3,0.6098681,High
9342-VNIMQ,0,0,1,0,71,1,1,Fiber optic,1,1,1,1,1,1,Two year,1,Bank transfer (automatic),116.1,8310.55,0,117.05,6,0.15894747,Low
3523-BRGUW,1,0,0,0,53,1,1,Fiber optic,0,1,1,0,1,1,Two year,0,Electronic check,105.55,5682.25,0,107.21,4,0.53416777,Medium
3199-NPKCN,0,0,1,0,50,1,1,Fiber optic,1,1,0,0,0,1,Month-to-month,1,Credit card (automatic),94.4,4914.9,0,98.3,3,0.57181025,Medium
5170-PTRKA,1,0,0,0,2,1,0,No,0,0,0,0,0,0,Month-to-month,0,Mailed check,19.5,27.55,0,13.78,0,0.39371967,Medium
4661-NJEUX,1,0,1,0,56,1,0,Fiber optic,1,1,1,0,1,1,One year,1,Credit card (automatic),105.6,6068.65,0,108.37,5,0.5463162,Medium
2123-AGEEN,0,0,1,0,67,1,0,DSL,1,1,1,0,1,1,Two year,0,Credit card (automatic),81.35,5398.6,0,80.58,5,0.07250309,Low
1258-YMZNM,0,0,0,0,4,1,0,DSL,0,0,0,0,1,0,Month-to-month,1,Electronic check,56.4,234.85,0,58.71,1,0.7545295,High
0048-LUMLS,0,0,0,0,19,1,0,DSL,0,1,0,1,0,1,One year,1,Bank transfer (automatic),65.35,1231.85,0,64.83,3,0.19069938,Low
5898-IGSLP,1,0,0,1,8,1,0,No,0,0,0,0,0,0,Month-to-month,0,Mailed check,19.95,170.9,0,21.36,0,0.12361443,Low
6259-WJQLC,1,0,0,0,71,1,1,Fiber optic,0,1,1,1,1,1,Two year,1,Electronic check,111.25,7984.15,0,112.45,5,0.23062631,Low
7997-EASSD,1,1,0,0,15,1,1,Fiber optic,0,1,0,0,1,0,Month-to-month,0,Credit card (automatic),89.0,1288.3,0,85.89,2,0.7226228,High
0730-KOAVE,0,0,1,1,72,1,1,Fiber optic,1,0,1,0,1,1,One year,1,Bank transfer (automatic),106.1,7848.5,0,109.01,4,0.050324548,Low
8975-SKGRX,0,0,0,0,12,1,0,No,0,0,0,0,0,0,One year,0,Credit card (automatic),20.05,267.0,0,22.25,0,0.07015648,Low
0678-RLHVP,0,0,1,1,72,1,1,No,0,0,0,0,0,0,Two year,1,Bank transfer (automatic),25.2,1798.9,0,24.98,0,0.0075936816,Low
2267-FPIMA,1,1,0,0,23,1,0,Fiber optic,1,0,0,0,0,0,Month-to-month,1,Bank transfer (automatic),75.4,1643.55,0,71.46,1,0.5538483,Medium
1051-GEJLJ,0,0,0,0,72,0,0,DSL,1,1,1,1,1,1,Two year,1,Bank transfer (automatic),65.55,4807.45,0,66.77,6,0.029275214,Low
5285-MVEHD,1,0,0,0,26,1,1,Fiber optic,0,0,1,0,0,0,Month-to-month,1,Electronic check,80.7,2193.0,0,84.35,1,0.7369981,High
0379-DJQHR,1,0,0,0,21,1,0,Fiber optic,0,1,1,1,1,1,One year,1,Mailed check,104.55,2239.4,0,106.64,5,0.58992374,Medium
5543-QDCRY,0,0,1,0,60,1,1,No,0,0,0,0,0,0,One year,0,Bank transfer (automatic),24.15,1505.9,0,25.1,0,0.070960075,Low
0297-RBCSG,0,0,0,0,12,1,0,No,0,0,0,0,0,0,Month-to-month,0,Mailed check,20.45,255.35,0,21.28,0,0.17734991,Low
4694-PHWFW,0,0,1,0,16,1,1,Fiber optic,0,0,0,0,0,0,Month-to-month,1,Electronic check,75.4,1189.4,0,74.34,0,0.85272294,High
0835-JKADZ,1,0,1,0,63,1,1,DSL,1,1,0,0,1,1,One year,1,Credit card (automatic),79.7,4786.15,0,75.97,4,0.15526153,Low
7508-SMHXL,1,1,0,0,22,1,0,Fiber optic,1,1,0,0,0,0,Month-to-month,0,Electronic check,81.7,1820.9,0,82.77,2,0.5566176,Medium
3865-YIOTT,1,0,1,1,32,1,0,DSL,1,1,1,1,0,1,Month-to-month,0,Bank transfer (automatic),76.3,2404.15,0,75.13,5,0.09174142,Low
5993-BQHEA,1,0,1,1,68,1,1,Fiber optic,0,1,0,1,1,1,Two year,1,Credit card (automatic),103.75,7039.45,0,103.52,4,0.03392752,Low
6024-RUGGH,1,0,1,1,30,1,0,Fiber optic,0,0,1,0,0,1,One year,0,Electronic check,86.45,2538.05,0,84.6,2,0.060169283,Low
3956-CJUST,1,0,0,0,16,1,0,Fiber optic,0,1,0,0,0,0,Month-to-month,0,Bank transfer (automatic),75.1,1212.85,0,75.8,1,0.6168267,High
4079-WWQQQ,0,0,0,0,33,1,0,Fiber optic,0,1,0,1,0,0,Two year,0,Bank transfer (automatic),80.6,2651.1,0,80.34,2,0.13017572,Low
6103-BOCOU,0,0,1,0,72,1,0,No,0,0,0,0,0,0,Two year,0,Credit card (automatic),19.3,1304.8,0,18.12,0,0.018457284,Low
5149-TGWDZ,1,0,0,0,12,0,0,DSL,1,0,0,1,0,0,One year,1,Mailed check,33.6,435.45,0,36.29,2,0.24456395,Low
7471-WNSUF,1,1,1,0,4,1,1,Fiber optic,0,0,0,0,1,0,Month-to-month,1,Electronic check,83.25,308.05,0,77.01,1,0.90876704,High
8942-DBMHZ,1,0,1,0,65,1,1,Fiber optic,0,1,1,1,1,1,One year,1,Credit card (automatic),108.05,7118.9,0,109.52,5,0.45114008,Medium
4301-VVZKA,1,0,0,0,15,1,0,No,0,0,0,0,0,0,Month-to-month,0,Mailed check,19.9,320.45,0,21.36,0,0.18285674,Low
9199-PWQVC,1,0,0,0,24,1,0,No,0,0,0,0,0,0,One year,0,Bank transfer (automatic),21.05,531.55,0,22.15,0,0.066005446,Low
4824-GUCBY,1,0,0,1,13,0,0,DSL,0,1,0,0,0,0,Month-to-month,0,Electronic check,30.15,382.2,0,29.4,1,0.34067133,Medium
5393-HJZSM,0,0,0,0,24,1,0,Fiber optic,0,0,0,0,0,1,Month-to-month,1,Credit card (automatic),79.85,2001.0,0,83.38,1,0.61128986,High
0862-PRCBS,1,0,1,0,72,0,0,DSL,1,1,1,1,1,1,Two year,0,Bank transfer (automatic),65.5,4919.7,0,68.33,6,0.036306772,Low
8812-ZRHFP,1,0,1,1,54,1,1,Fiber optic,1,1,0,0,1,1,Month-to-month,1,Bank transfer (automatic),104.1,5645.8,0,104.55,4,0.15020902,Low
5146-CBVOE,0,0,1,1,4,1,0,No,0,0,0,0,0,0,Month-to-month,1,Mailed check,20.5,77.6,0,19.4,0,0.22275023,Low
0454-OKRCT,1,1,1,1,32,1,1,Fiber optic,0,0,1,0,1,0,Month-to-month,1,Mailed check,91.35,2896.55,0,90.52,2,0.17571028,Low
5787-KXGIY,0,0,1,1,35,1,0,No,0,0,0,0,0,0,Two year,0,Bank transfer (automatic),20.5,759.35,0,21.7,0,0.014920689,Low
4198-VFOEA,1,0,0,0,8,1,0,Fiber optic,0,1,0,0,0,0,Month-to-month,0,Electronic check,75.6,535.55,0,66.94,1,0.71600103,High
6630-UJZMY,0,0,0,0,22,1,0,DSL,1,0,0,1,0,0,Month-to-month,0,Mailed check,55.1,1253.15,0,56.96,2,0.21730402,Low
2692-AQCPF,1,0,0,0,15,1,0,DSL,1,0,1,1,0,0,Month-to-month,0,Electronic check,58.95,955.15,0,63.68,3,0.41162273,Medium
0347-UBKUZ,0,0,0,0,22,1,1,Fiber optic,0,0,0,0,1,1,Month-to-month,1,Electronic check,95.1,2162.6,0,98.3,2,0.821464,High
0835-DUUIQ,1,0,1,1,71,1,1,No,0,0,0,0,0,0,Two year,0,Bank transfer (automatic),25.45,1813.35,0,25.54,0,0.008445224,Low
0811-GSDTP,0,0,0,0,4,1,0,DSL,1,0,1,0,0,0,Month-to-month,0,Electronic check,56.75,245.15,0,61.29,2,0.5417979,Medium
7567-ECMCM,0,0,0,0,25,1,1,DSL,1,1,1,1,0,1,Month-to-month,0,Bank transfer (automatic),81.75,2028.8,0,81.15,5,0.26154384,Low
6115-ZTBFQ,1,0,1,1,32,1,0,Fiber optic,0,1,0,0,1,0,Month-to-month,1,Electronic check,86.1,2723.75,0,85.12,2,0.1880241,Low
6353-BRMMA,0,1,1,0,7,0,0,DSL,1,0,0,0,0,0,Month-to-month,0,Bank transfer (automatic),29.8,220.45,0,31.49,1,0.60392076,High
6231-WFGFH,0,0,0,0,17,1,0,No,0,0,0,0,0,0,One year,1,Mailed check,20.5,365.8,0,21.52,0,0.098574474,Low
9904-EHEVJ,0,1,1,0,8,1,0,DSL,1,0,0,0,1,0,Month-to-month,0,Bank transfer (automatic),60.9,551.95,0,68.99,2,0.49547607,Medium
6169-PPETC,1,1,0,0,56,1,1,DSL,1,0,1,1,0,1,Two year,0,Bank transfer (automatic),73.25,4054.2,0,72.4,4,0.06376062,Low
8584-KMVXD,0,0,0,1,3,1,0,No,0,0,0,0,0,0,Month-to-month,0,Mailed check,20.85,60.65,0,20.22,0,0.20622216,Low
8467-WYNSR,1,0,0,0,71,1,0,DSL,1,1,1,1,1,0,Two year,0,Credit card (automatic),77.35,5550.1,0,78.17,5,0.030219784,Low
0851-DFJKB,0,0,1,0,49,1,1,Fiber optic,1,1,0,0,1,0,Month-to-month,1,Bank transfer (automatic),93.85,4733.1,0,96.59,3,0.6120448,High
5382-SOYZL,0,0,0,0,58,1,0,DSL,0,1,1,1,1,0,Two year,0,Bank transfer (automatic),70.1,4048.95,0,69.81,4,0.06102746,Low
3261-CQXOL,1,0,1,0,59,1,0,DSL,0,1,0,1,1,1,Two year,1,Credit card (automatic),75.95,4542.35,0,76.99,4,0.07203307,Low
8388-FYNPZ,1,0,0,0,11,1,1,Fiber optic,0,0,0,0,0,0,Month-to-month,0,Electronic check,75.25,888.65,0,80.79,0,0.7802598,High
4002-BQWPQ,1,0,1,0,35,1,0,DSL,1,0,0,1,0,0,One year,1,Bank transfer (automatic),54.95,1916.0,0,54.74,2,0.1703311,Low
5651-YLPRD,1,0,0,0,20,1,0,No,0,0,0,0,0,0,Month-to-month,1,Bank transfer (automatic),19.5,413.0,0,20.65,0,0.23944847,Low
2826-DXLQO,0,0,1,1,40,1,0,No,0,0,0,0,0,0,Two year,0,Mailed check,19.6,808.95,0,20.22,0,0.018389339,Low
4378-BZYFP,1,0,0,0,39,1,0,DSL,1,0,0,0,0,0,One year,1,Electronic check,47.85,1886.4,0,48.37,1,0.2729822,Low
9489-UTFKA,1,0,1,1,72,1,1,No,0,0,0,0,0,0,Two year,0,Bank transfer (automatic),23.75,1679.25,0,23.32,0,0.0067521487,Low
4849-PYRLQ,1,0,0,0,12,1,0,DSL,0,0,0,0,0,0,Month-to-month,0,Bank transfer (automatic),43.8,540.95,0,45.08,0,0.40454856,Medium
7764-BDPEE,0,0,0,0,1,1,0,No,0,0,0,0,0,0,Month-to-month,0,Bank transfer (automatic),19.75,19.75,0,19.75,0,0.63060045,High
3429-IFLEM,0,0,0,1,27,1,0,No,0,0,0,0,0,0,Month-to-month,0,Mailed check,19.15,537.35,0,19.9,0,0.08007325,Low
5002-GCQFH,0,0,1,0,34,1,0,No,0,0,0,0,0,0,One year,0,Credit card (automatic),19.6,678.8,0,19.96,0,0.07756312,Low
0556-FJEGU,1,0,1,0,56,1,0,Fiber optic,1,0,1,0,0,0,Two year,0,Bank transfer (automatic),80.3,4513.65,0,80.6,2,0.11104811,Low
0604-THJFP,1,0,0,0,58,1,1,No,0,0,0,0,0,0,Two year,0,Credit card (automatic),24.35,1423.85,0,24.55,0,0.035964023,Low
5879-SESNB,1,0,1,1,22,1,1,No,0,0,0,0,0,0,Two year,0,Credit card (automatic),25.25,555.4,0,25.25,0,0.024299167,Low
6461-PPAXN,1,0,1,1,10,1,1,No,0,0,0,0,0,0,Two year,0,Credit card (automatic),26.1,225.55,0,22.56,0,0.046203375,Low
3318-ISQFQ,0,0,0,0,13,1,0,No,0,0,0,0,0,0,Two year,0,Credit card (automatic),20.0,268.45,0,20.65,0,0.049697492,Low
1106-HRLKZ,0,0,1,0,72,1,0,No,0,0,0,0,0,0,Two year,0,Bank transfer (automatic),20.7,1492.1,0,20.72,0,0.019327505,Low
2483-XSSMZ,0,0,0,0,2,1,0,DSL,0,0,0,1,1,1,Month-to-month,0,Electronic check,70.3,132.4,0,66.2,3,0.7394719,High
8165-ZJRNM,0,0,1,1,4,1,0,Fiber optic,0,0,0,0,0,0,Month-to-month,1,Mailed check,69.55,284.9,0,71.22,0,0.48795024,Medium
2604-XVDAM,1,0,0,0,37,1,0,No,0,0,0,0,0,0,Two year,0,Mailed check,19.85,784.25,0,21.2,0,0.044260744,Low
3717-OFRTN,0,0,0,0,21,1,0,No,0,0,0,0,0,0,Month-to-month,0,Mailed check,20.0,417.7,0,19.89,0,0.14778613,Low
9046-JBFWA,1,1,1,0,53,1,1,Fiber optic,0,0,0,0,1,1,One year,1,Credit card (automatic),95.85,5016.25,0,94.65,2,0.51407874,Medium
3280-NMUVX,0,1,1,0,23,1,0,No,0,0,0,0,0,0,One year,1,Electronic check,20.75,485.2,0,21.1,0,0.20484005,Low
1206-EHBDD,0,0,0,0,3,1,0,DSL,1,0,0,0,0,0,Month-to-month,1,Mailed check,50.15,160.85,0,53.62,1,0.605802,High
8361-LBRDI,1,0,1,0,71,0,0,DSL,1,1,0,1,1,1,Two year,0,Mailed check,58.65,4145.25,0,58.38,5,0.04919049,Low
4883-KCPZJ,0,0,0,0,9,1,0,Fiber optic,0,0,0,1,1,1,Month-to-month,1,Bank transfer (automatic),95.9,827.45,0,91.94,3,0.8127475,High
9108-EQPNQ,1,0,0,0,1,1,0,DSL,0,1,0,0,0,0,Month-to-month,0,Electronic check,49.5,49.5,0,49.5,1,0.7651904,High
7277-KAMWT,0,0,1,0,71,1,1,DSL,1,1,1,1,0,1,Two year,1,Mailed check,80.1,5585.4,0,78.67,5,0.03164646,Low
2545-LXYVJ,1,0,0,0,64,1,1,No,0,0,0,0,0,0,One year,1,Bank transfer (automatic),24.4,1601.2,0,25.02,0,0.07545452,Low
3234-VKACU,0,0,0,0,4,0,0,DSL,0,0,0,1,0,1,Month-to-month,1,Electronic check,40.05,162.45,0,40.61,2,0.78569055,High
8120-JDCAM,1,0,0,0,23,1,0,No,0,0,0,0,0,0,Month-to-month,1,Mailed check,19.5,470.2,0,20.44,0,0.21826407,Low
8917-FAEMR,1,0,1,1,39,1,0,DSL,1,0,0,0,0,0,Month-to-month,0,Credit card (automatic),51.05,2066.0,0,52.97,1,0.08541715,Low
7047-YXDMZ,0,0,1,0,28,1,0,DSL,1,0,0,1,0,0,One year,0,Mailed check,54.35,1426.45,0,50.94,2,0.11908521,Low
2858-EIMXH,1,1,0,0,5,1,0,Fiber optic,0,1,0,0,1,0,Month-to-month,1,Electronic check,84.7,392.5,0,78.5,2,0.8630939,High
6419-ZTTLE,1,1,1,0,45,1,0,Fiber optic,0,0,1,0,0,1,Month-to-month,1,Electronic check,86.1,3861.45,0,85.81,2,0.7148777,High
0929-HYQEW,0,0,0,0,37,1,0,Fiber optic,0,0,0,0,0,0,Month-to-month,1,Mailed check,70.35,2552.9,0,69.0,0,0.5975182,Medium
6614-YOLAC,1,1,1,0,60,1,0,Fiber optic,1,1,1,1,1,1,Two year,1,Bank transfer (automatic),110.0,6668.35,0,111.14,6,0.24574633,Low
7426-RHZGU,1,0,0,0,47,1,1,Fiber optic,1,0,1,0,1,0,One year,0,Credit card (automatic),94.9,4615.25,0,98.2,3,0.2519661,Low
4065-JJAVA,1,0,1,1,50,1,0,Fiber optic,0,0,0,0,0,0,Month-to-month,1,Bank transfer (automatic),69.75,3557.7,0,71.15,0,0.07421687,Low
7649-SIJJF,0,0,1,1,27,1,1,DSL,0,0,0,1,1,1,Month-to-month,0,Bank transfer (automatic),71.6,1957.1,0,72.49,3,0.09966881,Low
9361-YNQWJ,1,0,1,0,62,1,1,No,0,0,0,0,0,0,Two year,0,Bank transfer (automatic),23.65,1416.75,0,22.85,0,0.031974673,Low
3748-FVMZZ,1,0,1,0,71,1,0,DSL,1,0,1,1,1,1,Two year,0,Bank transfer (automatic),81.85,5924.4,0,83.44,5,0.03958071,Low
9391-TTOYH,0,0,0,0,66,1,1,No,0,0,0,0,0,0,Two year,0,Mailed check,25.1,1697.7,0,25.72,0,0.029934345,Low
1452-XRSJV,0,0,1,1,68,1,1,Fiber optic,1,1,1,1,1,1,Two year,1,Bank transfer (automatic),114.7,7849.85,0,115.44,6,0.045959704,Low
3422-WJOYD,1,0,0,0,13,0,0,DSL,0,0,1,0,1,1,Month-to-month,0,Electronic check,49.15,649.4,0,49.95,3,0.64914477,High
8242-SOQUO,0,0,1,0,56,1,0,Fiber optic,0,0,0,0,0,1,One year,1,Electronic check,80.9,4557.5,0,81.38,1,0.4737461,Medium
7460-ITWWP,1,0,0,0,16,1,0,No,0,0,0,0,0,0,One year,1,Bank transfer (automatic),19.3,360.35,0,22.52,0,0.13639632,Low
7147-AYBAA,1,0,1,1,14,1,0,Fiber optic,0,0,0,0,0,0,Month-to-month,0,Electronic check,70.2,1046.5,0,74.75,0,0.37162557,Medium
7868-TMWMZ,1,0,0,0,8,1,0,DSL,1,0,0,1,0,0,One year,0,Bank transfer (automatic),54.25,447.75,0,55.97,2,0.14896128,Low
6732-FZUGP,1,0,1,1,43,1,1,Fiber optic,0,0,1,0,1,1,Month-to-month,1,Bank transfer (automatic),99.3,4209.95,0,97.91,3,0.16349779,Low
8329-GWVPJ,1,0,0,0,52,1,1,DSL,1,0,1,1,1,0,One year,0,Credit card (automatic),74.0,3877.65,0,74.57,4,0.10415974,Low
1352-VHKAJ,0,0,0,0,3,1,0,DSL,0,0,0,1,0,0,Month-to-month,1,Mailed check,50.25,152.3,0,50.77,1,0.668943,High
2632-TACXW,0,0,0,0,29,1,0,No,0,0,0,0,0,0,One year,1,Mailed check,19.8,572.2,0,19.73,0,0.098893866,Low
8146-QQKZH,1,0,1,1,16,0,0,DSL,0,0,0,0,0,1,Month-to-month,1,Credit card (automatic),35.5,552.7,0,34.54,1,0.28392848,Low
1767-CJKBA,1,0,0,0,40,1,1,DSL,0,0,1,1,1,1,One year,1,Mailed check,80.75,3208.65,0,80.22,4,0.25703853,Low
6445-TNRXS,1,0,0,0,36,1,0,No,0,0,0,0,0,0,One year,0,Mailed check,19.55,620.75,0,17.24,0,0.05004211,Low
4581-LNWUM,0,0,1,0,26,1,0,No,0,0,0,0,0,0,One year,1,Bank transfer (automatic),20.05,505.9,0,19.46,0,0.11257545,Low
4869-EPIUS,1,1,1,0,72,1,1,Fiber optic,1,1,1,0,1,1,Two year,1,Electronic check,112.4,8046.85,0,111.76,5,0.11683569,Low
1915-OAKWD,1,0,1,0,34,1,0,DSL,0,0,0,1,0,0,Month-to-month,0,Bank transfer (automatic),50.2,1815.3,0,53.39,1,0.29896554,Low
7296-PIXQY,0,0,0,0,10,1,0,DSL,1,0,0,1,1,0,Month-to-month,0,Bank transfer (automatic),62.25,612.95,0,61.3,3,0.33908305,Medium
3354-OADJP,1,0,0,0,14,1,0,DSL,1,0,0,1,0,0,One year,0,Mailed check,55.7,795.15,0,56.8,2,0.13473275,Low
3524-WQDSG,0,0,1,0,47,1,0,No,0,0,0,0,0,0,Two year,0,Mailed check,19.65,973.1,0,20.7,0,0.054514006,Low
0810-DHDBD,0,0,1,0,24,1,0,Fiber optic,1,0,0,1,0,1,Month-to-month,1,Electronic check,89.25,2210.2,0,92.09,3,0.65664554,High
4026-SKKHW,0,1,0,0,20,1,0,DSL,1,0,0,1,0,0,One year,0,Mailed check,54.0,1055.9,0,52.8,2,0.12856373,Low
2829-HYVZP,0,0,0,0,22,0,0,DSL,0,0,1,1,1,1,Two year,0,Bank transfer (automatic),56.75,1304.85,0,59.31,4,0.102264926,Low
3845-JHAMY,0,0,0,0,1,1,0,No,0,0,0,0,0,0,Month-to-month,0,Mailed check,21.1,21.1,0,21.1,0,0.5627859,Medium
7013-PSXHK,1,0,1,1,59,1,1,Fiber optic,0,1,0,1,0,1,Month-to-month,1,Bank transfer (automatic),96.65,5580.8,0,94.59,3,0.08127373,Low
3486-NPGST,1,0,1,0,58,1,1,No,0,0,0,0,0,0,One year,1,Credit card (automatic),24.5,1497.9,0,25.83,0,0.11370428,Low
6100-FJZDG,1,1,0,0,59,1,1,Fiber optic,0,1,0,0,0,0,Two year,1,Credit card (automatic),79.2,4590.35,0,77.8,1,0.13362281,Low
4829-ZLJTK,1,0,1,1,3,1,0,Fiber optic,0,0,0,0,0,0,Month-to-month,1,Electronic check,69.55,200.2,0,66.73,0,0.6292473,High
1730-VFMWO,0,0,0,0,32,1,0,No,0,0,0,0,0,0,Two year,1,Bank transfer (automatic),20.05,614.45,0,19.2,0,0.04506254,Low
7143-BQIBA,0,1,1,0,46,1,1,Fiber optic,0,0,1,0,1,1,Month-to-month,1,Electronic check,98.85,4564.9,0,99.24,3,0.8309739,High
3800-LYTRK,1,0,1,0,52,1,0,No,0,0,0,0,0,0,One year,0,Credit card (automatic),19.6,1012.4,0,19.47,0,0.092495956,Low
9646-NMHXE,0,0,0,0,32,1,1,Fiber optic,1,0,0,1,0,0,Month-to-month,0,Bank transfer (automatic),87.65,2766.4,0,86.45,2,0.4594427,Medium
7030-NJVDP,1,0,0,0,16,1,1,Fiber optic,0,0,0,0,0,0,Month-to-month,1,Credit card (automatic),74.75,1129.35,0,70.58,0,0.78563,High
8883-GRDWQ,1,0,0,0,51,1,1,Fiber optic,1,1,1,0,1,1,One year,0,Bank transfer (automatic),107.45,5680.9,0,111.39,5,0.44566202,Medium
7771-ZONAT,0,0,0,0,29,1,0,DSL,0,0,1,1,1,1,One year,1,Bank transfer (automatic),75.35,2243.9,0,77.38,4,0.21400376,Low
2111-DWYHN,0,0,1,0,70,1,0,DSL,1,1,1,1,0,0,Two year,0,Credit card (automatic),64.95,4523.25,0,64.62,4,0.045585085,Low
4194-WHFCB,1,0,1,1,71,1,1,Fiber optic,1,0,1,1,0,1,Two year,0,Electronic check,100.45,7159.7,0,100.84,4,0.016063847,Low
4121-AGSIN,0,0,1,0,41,1,1,DSL,0,1,1,0,1,0,One year,0,Bank transfer (automatic),68.5,2839.95,0,69.27,3,0.2175247,Low
9845-PEEKO,0,0,0,0,1,1,0,Fiber optic,0,0,0,0,1,0,Month-to-month,1,Electronic check,80.55,80.55,0,80.55,1,0.9324283,High
0455-XFASS,1,0,1,0,7,1,0,DSL,1,0,1,1,1,1,Month-to-month,0,Bank transfer (automatic),81.25,580.1,0,82.87,5,0.5223105,Medium
0301-KOBTQ,0,0,1,1,67,1,1,Fiber optic,1,1,0,1,0,0,One year,0,Electronic check,89.55,6038.55,0,90.13,3,0.037485972,Low
1751-NCDLI,0,0,1,1,5,1,1,DSL,0,0,0,1,0,0,Month-to-month,1,Mailed check,55.7,259.4,0,51.88,1,0.40507644,Medium
9170-ARBTB,0,0,0,1,15,1,1,No,0,0,0,0,0,0,Month-to-month,1,Electronic check,24.8,324.15,0,21.61,0,0.24582545,Low
7241-AJHFS,1,0,1,1,20,1,0,No,0,0,0,0,0,0,Month-to-month,0,Electronic check,20.0,417.65,0,20.88,0,0.112761945,Low
4546-FOKWR,0,0,1,1,54,1,1,Fiber optic,0,1,0,1,1,1,One year,1,Electronic check,105.2,5637.85,0,104.4,4,0.111812755,Low
9036-CSKBW,0,0,0,0,42,1,0,No,0,0,0,0,0,0,One year,1,Mailed check,19.55,839.4,0,19.99,0,0.10742374,Low
5832-TRLPB,1,0,1,0,9,1,0,Fiber optic,0,0,0,0,0,1,Month-to-month,1,Electronic check,79.75,769.1,0,85.46,1,0.86633325,High
8590-YFFQO,1,0,0,0,63,1,1,Fiber optic,0,1,0,0,1,1,Two year,0,Bank transfer (automatic),97.45,6253.0,0,99.25,3,0.18391748,Low
8659-IOOPU,1,0,1,0,69,1,1,No,0,0,0,0,0,0,Two year,0,Bank transfer (automatic),24.25,1641.8,0,23.79,0,0.03766087,Low
1338-CECEE,1,0,0,0,69,1,1,No,0,0,0,0,0,0,Two year,0,Credit card (automatic),24.6,1678.05,0,24.32,0,0.0330316,Low
7439-DKZTW,0,0,1,0,40,1,0,DSL,0,1,0,0,0,0,Month-to-month,1,Mailed check,50.15,2058.5,0,51.46,1,0.3956161,Medium
4646-QZXTF,0,0,0,0,60,0,0,DSL,1,1,1,0,0,0,Two year,0,Bank transfer (automatic),39.6,2424.5,0,40.41,3,0.056191087,Low
9742-XOKTS,1,1,0,0,71,1,1,DSL,1,1,1,1,1,1,Two year,0,Mailed check,89.85,6293.45,0,88.64,6,0.03233679,Low
6921-OZMFH,0,0,1,0,32,1,1,Fiber optic,0,1,0,0,1,1,Month-to-month,1,Credit card (automatic),98.85,3145.9,0,98.31,3,0.76657885,High
9578-FOMUK,0,0,0,0,39,1,1,DSL,0,0,0,1,0,0,Two year,1,Credit card (automatic),53.85,2200.7,0,56.43,1,0.110378176,Low
4712-UYOOI,1,0,0,0,38,1,1,No,0,0,0,0,0,0,One year,1,Electronic check,24.25,914.4,0,24.06,0,0.2133497,Low
7722-CVFXN,0,0,0,0,52,1,1,Fiber optic,0,0,1,0,0,1,Two year,1,Credit card (automatic),89.45,4577.75,0,88.03,2,0.19257453,Low
8717-VCTXJ,1,0,1,1,48,1,1,Fiber optic,1,1,0,0,1,1,Month-to-month,1,Credit card (automatic),105.25,4997.5,0,104.11,4,0.1500181,Low
7363-QTBIW,0,0,1,0,70,0,0,DSL,1,0,1,1,1,1,Two year,0,Bank transfer (automatic),59.5,4144.8,0,59.21,5,0.08609437,Low
4159-NAAIX,0,0,0,0,20,1,0,Fiber optic,0,0,0,0,0,0,Month-to-month,0,Credit card (automatic),70.55,1493.55,0,74.68,0,0.47970873,Medium
0971-QIFJK,1,0,0,0,50,1,1,DSL,1,0,1,1,1,1,One year,1,Credit card (automatic),82.5,4179.1,0,83.58,5,0.17360662,Low
9397-TZSHA,0,0,1,0,25,1,0,DSL,1,1,1,0,0,0,One year,1,Bank transfer (automatic),61.6,1611.0,0,64.44,3,0.16543934,Low
3391-JSQEW,0,0,0,0,12,1,0,DSL,0,1,0,0,0,0,Month-to-month,1,Bank transfer (automatic),49.05,593.05,0,49.42,1,0.48052564,Medium
0343-QLUZP,1,0,1,0,23,1,0,DSL,1,1,1,1,0,0,One year,1,Mailed check,66.25,1533.8,0,66.69,4,0.12885813,Low
2176-LVPNX,0,0,0,0,27,1,0,No,0,0,0,0,0,0,Month-to-month,1,Electronic check,19.4,529.8,0,19.62,0,0.36211354,Medium
3312-UUMZW,0,1,0,0,47,1,1,Fiber optic,0,0,0,0,1,0,Month-to-month,1,Credit card (automatic),86.05,3865.6,0,82.25,1,0.61355054,High
1271-UODNO,0,0,1,1,26,1,0,No,0,0,0,0,0,0,Two year,1,Credit card (automatic),19.15,515.75,0,19.84,0,0.018549912,Low
8461-EFQYM,0,0,0,1,2,1,0,No,0,0,0,0,0,0,Month-to-month,0,Mailed check,19.25,48.35,0,24.18,0,0.24973138,Low
6900-RBKER,1,0,1,1,26,1,0,Fiber optic,1,1,0,0,0,0,Month-to-month,0,Electronic check,81.95,2070.05,0,79.62,2,0.13810053,Low
6891-JPYFF,1,1,1,0,72,1,1,Fiber optic,1,1,1,1,1,1,Two year,1,Bank transfer (automatic),114.65,8333.95,0,115.75,6,0.08667923,Low
1459-QNFQT,1,0,1,1,63,1,0,No,0,0,0,0,0,0,Two year,0,Credit card (automatic),20.0,1209.25,0,19.19,0,0.0076906495,Low
1047-NNCBF,0,0,1,1,71,1,0,No,0,0,0,0,0,0,Two year,0,Mailed check,19.8,1396.25,0,19.67,0,0.0077594016,Low
3696-XRIEN,0,0,1,1,11,1,1,DSL,1,0,0,0,1,0,Month-to-month,1,Bank transfer (automatic),65.15,723.35,0,65.76,2,0.23385228,Low
0074-HDKDG,0,1,1,0,14,1,0,No,0,0,0,0,0,0,One year,0,Mailed check,19.65,228.65,0,16.33,0,0.09870959,Low
8791-GFXLZ,1,0,0,0,13,1,1,DSL,1,1,1,1,1,1,Two year,0,Credit card (automatic),88.95,1161.75,0,89.37,6,0.11518747,Low
9330-DHBFL,0,0,0,1,6,1,0,No,0,0,0,0,0,0,Month-to-month,1,Mailed check,20.2,98.35,0,16.39,0,0.12664954,Low
0098-BOWSO,0,1,1,1,11,1,1,Fiber optic,0,0,0,0,0,0,Month-to-month,1,Credit card (automatic),75.2,775.3,0,70.48,0,0.42121738,Medium
3452-ABWRL,0,0,1,0,18,1,1,DSL,0,1,0,0,0,0,Month-to-month,0,Credit card (automatic),56.8,1074.65,0,59.7,1,0.39810348,Medium
5859-HZYLF,1,0,1,0,32,1,0,Fiber optic,1,0,0,0,0,0,Month-to-month,1,Bank transfer (automatic),75.5,2324.7,0,72.65,1,0.5978763,Medium
3156-QLHBO,0,0,0,0,29,0,0,DSL,1,0,0,1,0,0,One year,0,Mailed check,35.6,1072.6,0,36.99,2,0.12188988,Low
2208-NQBCT,1,0,0,0,3,1,1,DSL,0,0,0,0,1,0,Month-to-month,1,Electronic check,60.25,170.5,0,56.83,1,0.8205344,High
1779-PWPMG,1,0,0,0,41,0,0,DSL,0,1,0,0,0,1,Month-to-month,1,Electronic check,40.35,1677.85,0,40.92,2,0.61912596,High
6621-NRZAK,1,0,0,0,1,1,0,No,0,0,0,0,0,0,Month-to-month,0,Electronic check,18.85,18.85,0,18.85,0,0.58172774,Medium
0831-JNISG,0,0,0,0,7,1,0,DSL,0,0,0,0,1,0,Month-to-month,0,Mailed check,54.85,370.4,0,52.91,1,0.4314818,Medium
0774-IFUVM,1,0,1,0,52,1,0,DSL,1,0,1,0,1,0,One year,1,Mailed check,64.3,3410.6,0,65.59,3,0.16245395,Low
3082-WQRVY,1,0,1,1,45,1,1,No,0,0,0,0,0,0,Two year,1,Bank transfer (automatic),24.65,1138.8,0,25.31,0,0.021443114,Low
9553-DLCLU,0,0,1,0,70,1,1,DSL,0,1,1,1,1,0,Two year,0,Credit card (automatic),76.1,5264.25,0,75.2,4,0.06610189,Low
1641-BYBTK,1,0,0,0,53,1,0,No,0,0,0,0,0,0,Two year,0,Mailed check,18.7,1005.7,0,18.98,0,0.033824075,Low
2460-NGXBJ,1,1,1,0,62,1,1,Fiber optic,0,1,1,0,1,0,One year,1,Credit card (automatic),97.95,5936.55,0,95.75,3,0.3510166,Medium
2446-ZKVAF,1,0,1,0,60,1,1,Fiber optic,1,1,0,0,0,1,Month-to-month,1,Credit card (automatic),94.1,5475.9,0,91.26,3,0.43084016,Medium
3522-CDKHF,1,1,1,0,23,1,0,Fiber optic,1,0,0,0,1,1,Month-to-month,1,Electronic check,95.1,2326.05,0,101.13,3,0.79919314,High
1430-SFQSA,1,0,0,0,67,1,0,DSL,1,0,1,1,0,1,One year,1,Bank transfer (automatic),72.35,4991.5,0,74.5,4,0.123059504,Low
0411-EZJZE,1,1,1,0,71,1,1,DSL,1,1,1,1,0,1,Two year,1,Bank transfer (automatic),82.7,5831.2,0,82.13,5,0.03328073,Low
8807-ARQET,0,0,0,0,25,1,0,No,0,0,0,0,0,0,One year,0,Credit card (automatic),19.9,510.8,0,20.43,0,0.05366507,Low
8992-CEUEN,1,0,0,0,5,1,1,DSL,1,0,0,0,0,0,Month-to-month,1,Electronic check,53.8,283.95,0,56.79,1,0.67146564,High
4320-QMLLA,0,0,0,0,26,1,1,DSL,0,0,0,0,0,0,One year,1,Credit card (automatic),51.55,1295.4,0,49.82,0,0.18049437,Low
8777-PVYGU,0,0,1,0,1,1,0,No,0,0,0,0,0,0,One year,0,Mailed check,19.65,19.65,0,19.65,0,0.3955033,Medium
8292-ITGYJ,0,1,0,0,70,0,0,DSL,0,1,1,0,1,0,One year,1,Credit card (automatic),44.05,3011.65,0,43.02,3,0.26638302,Low
6870-ZWMNX,0,0,1,1,72,1,1,Fiber optic,1,1,1,1,1,1,Two year,1,Electronic check,114.0,8093.15,0,112.4,6,0.017483981,Low
0621-CXBKL,1,1,1,1,32,1,1,Fiber optic,0,1,0,0,1,1,Month-to-month,1,Electronic check,100.4,3217.65,0,100.55,3,0.30476946,Medium
5268-DSMNQ,1,0,0,0,14,1,1,DSL,0,1,0,0,0,0,One year,1,Mailed check,54.25,773.2,0,55.23,1,0.2782695,Low
5334-JLAXU,1,0,0,0,13,1,1,Fiber optic,1,0,0,0,0,0,Month-to-month,1,Credit card (automatic),80.0,1029.35,0,79.18,1,0.7355934,High
6242-MBHPK,1,0,0,0,46,1,1,DSL,1,0,1,0,1,1,Two year,0,Mailed check,79.2,3593.8,0,78.13,4,0.06667479,Low
9359-UGBTK,0,1,1,0,43,1,1,Fiber optic,0,1,0,1,1,0,Month-to-month,1,Electronic check,94.3,3953.15,0,91.93,3,0.67493725,High
4782-OSFXZ,0,0,0,0,39,1,0,DSL,0,0,0,1,0,0,Two year,1,Bank transfer (automatic),49.8,1971.15,0,50.54,1,0.09118365,Low
6479-OAUSD,0,0,0,0,57,0,0,DSL,1,0,1,0,1,1,Month-to-month,1,Electronic check,53.75,3196.0,0,56.07,4,0.5631739,Medium
7129-ACFOG,1,0,1,0,53,1,0,Fiber optic,0,0,0,1,1,1,One year,1,Electronic check,93.45,4872.2,0,91.93,3,0.45294333,Medium
4189-NAKJS,0,0,1,1,18,1,0,Fiber optic,1,0,1,0,1,0,Month-to-month,1,Mailed check,87.9,1500.5,0,83.36,3,0.16915098,Low
5562-BETPV,1,0,1,0,58,1,1,DSL,1,0,0,1,0,0,One year,1,Bank transfer (automatic),61.05,3478.75,0,59.98,2,0.14743492,Low
1282-IHQAC,1,1,0,0,71,1,1,Fiber optic,0,0,1,0,1,1,Two year,0,Bank transfer (automatic),104.05,7413.55,0,104.42,3,0.20295835,Low
9127-FHJBZ,1,0,0,0,35,1,0,Fiber optic,0,0,1,1,1,1,One year,1,Electronic check,99.25,3532.0,0,100.91,4,0.49053445,Medium
1641-RQDAY,0,0,0,0,3,1,0,Fiber optic,0,0,1,0,0,1,Month-to-month,0,Credit card (automatic),85.7,256.75,0,85.58,2,0.7694655,High
6994-ORCWG,0,0,0,0,38,1,1,Fiber optic,1,1,0,0,1,1,One year,1,Electronic check,104.85,3887.25,0,102.3,4,0.62170196,High
1346-UFHAX,0,0,1,0,35,1,1,DSL,1,1,1,1,0,0,Two year,1,Credit card (automatic),69.15,2490.15,0,71.15,4,0.06729781,Low
2933-XEUJM,1,0,0,0,47,1,0,DSL,0,0,1,1,1,1,Two year,0,Mailed check,74.45,3510.3,0,74.69,4,0.07031323,Low
5461-QKNTN,1,0,0,0,14,1,0,DSL,0,1,0,0,0,0,Month-to-month,0,Electronic check,50.45,765.45,0,54.68,1,0.45591062,Medium
4835-YSJMR,1,1,1,0,20,1,0,DSL,0,1,0,0,0,1,Month-to-month,1,Electronic check,60.0,1259.35,0,62.97,2,0.5684088,Medium
3164-YAXFY,0,0,1,0,66,1,1,DSL,1,1,0,1,1,1,Two year,0,Electronic check,85.25,5538.35,0,83.91,5,0.08712125,Low
0887-WBJVH,0,0,1,0,15,1,0,No,0,0,0,0,0,0,Month-to-month,1,Credit card (automatic),19.45,340.85,0,22.72,0,0.2855846,Low
4660-IRIBM,1,0,0,0,42,1,0,No,0,0,0,0,0,0,Two year,1,Bank transfer (automatic),20.75,844.45,0,20.11,0,0.055360503,Low
7670-ZBPOQ,1,0,1,0,17,1,1,Fiber optic,1,0,0,0,0,0,Month-to-month,0,Electronic check,78.9,1348.95,0,79.35,1,0.7099085,High
8089-UZWLX,0,0,0,0,37,1,1,Fiber optic,0,1,0,1,1,1,One year,1,Credit card (automatic),104.5,3778.0,0,102.11,4,0.54758763,Medium
0080-OROZO,1,0,0,0,12,1,0,DSL,0,1,0,0,0,0,Month-to-month,1,Electronic check,49.4,611.65,0,50.97,1,0.5783776,Medium
3916-NRPAP,1,0,0,0,60,1,1,No,0,0,0,0,0,0,Two year,0,Mailed check,25.0,1505.05,0,25.08,0,0.026485533,Low
6807-SIWJI,0,0,1,1,18,0,0,DSL,0,0,0,0,0,0,Month-to-month,0,Credit card (automatic),25.55,467.85,0,25.99,0,0.14489338,Low
8221-HVAYI,1,0,0,0,3,1,0,Fiber optic,0,0,0,0,0,0,Month-to-month,1,Electronic check,70.15,194.2,0,64.73,0,0.8671779,High
5232-NXPAY,1,0,0,1,9,1,0,DSL,0,0,0,1,1,1,Month-to-month,1,Credit card (automatic),69.4,571.45,0,63.49,3,0.3010562,Medium
8967-SZQAS,0,0,1,0,56,1,1,Fiber optic,1,1,1,0,0,0,One year,1,Electronic check,93.15,5253.95,0,93.82,3,0.3693982,Medium
4468-KAZHE,0,0,0,0,7,1,0,Fiber optic,0,0,0,0,0,0,Month-to-month,1,Electronic check,69.55,521.35,0,74.48,0,0.7908287,High
0455-ENTCR,1,0,1,1,69,1,0,No,0,0,0,0,0,0,Two year,0,Bank transfer (automatic),20.2,1412.65,0,20.47,0,0.008796371,Low
8944-AILEF,0,0,1,1,54,1,0,No,0,0,0,0,0,0,Two year,0,Credit card (automatic),20.4,1090.6,0,20.2,0,0.011669382,Low
5542-NKVRU,0,0,1,0,62,1,1,No,0,0,0,0,0,0,One year,1,Credit card (automatic),23.75,1446.8,0,23.34,0,0.08620993,Low
7126-RBHSD,1,0,1,1,62,1,1,DSL,0,0,0,0,1,1,Month-to-month,1,Credit card (automatic),70.45,4300.45,0,69.36,2,0.06674465,Low
5370-IIVVL,0,0,0,0,17,1,1,DSL,1,0,0,0,0,1,Month-to-month,0,Bank transfer (automatic),65.75,1111.2,0,65.36,2,0.35930488,Medium
6789-HJBWG,0,0,0,0,9,0,0,DSL,0,0,0,0,0,0,Month-to-month,1,Mailed check,24.6,190.1,0,21.12,0,0.5701851,Medium
9087-EYCPR,0,0,1,0,64,1,0,DSL,1,0,1,1,1,0,Two year,0,Mailed check,69.25,4447.75,0,69.5,4,0.044273455,Low
6791-YBNAK,1,0,1,0,72,1,1,No,0,0,0,0,0,0,Two year,0,Bank transfer (automatic),24.65,1830.05,0,25.42,0,0.02332054,Low
6077-BDPXA,0,0,0,0,30,1,1,Fiber optic,1,1,1,0,0,0,One year,0,Bank transfer (automatic),90.4,2820.65,0,94.02,3,0.21959695,Low
0013-MHZWF,1,0,1,0,49,1,1,Fiber optic,1,0,0,0,1,1,Month-to-month,1,Mailed check,100.85,4847.35,0,98.93,3,0.68245095,High
8268-YDIXR,0,0,1,0,61,1,1,DSL,1,0,1,1,0,1,Two year,0,Credit card (automatic),75.35,4729.3,0,77.53,4,0.05238525,Low
4291-SHSBH,0,0,1,1,47,1,1,Fiber optic,0,1,0,0,1,0,Month-to-month,0,Electronic check,87.2,4017.45,0,85.48,2,0.11705555,Low
6980-IMXXE,0,0,0,0,20,1,0,DSL,1,0,1,0,0,1,Month-to-month,0,Credit card (automatic),64.4,1398.6,0,69.93,3,0.27580124,Low
0040-HALCW,1,0,1,1,70,1,1,No,0,0,0,0,0,0,Two year,0,Bank transfer (automatic),24.7,1685.9,0,24.08,0,0.011160952,Low
0784-GTUUK,0,0,0,1,54,1,0,Fiber optic,1,1,0,1,1,1,One year,1,Electronic check,105.85,5826.65,0,107.9,5,0.17254317,Low
2294-DMMUS,0,1,1,0,61,1,1,Fiber optic,0,1,1,1,1,0,One year,1,Mailed check,98.3,6066.55,0,99.45,4,0.31627664,Medium
0872-JCPIB,0,0,0,0,13,1,0,No,0,0,0,0,0,0,One year,0,Mailed check,19.45,270.2,0,20.78,0,0.08595645,Low
3055-MJDSB,1,0,1,1,3,1,0,DSL,0,1,0,0,1,0,Month-to-month,1,Credit card (automatic),58.7,168.6,0,56.2,2,0.46713352,Medium
9091-WTUUY,0,0,0,0,25,1,0,No,0,0,0,0,0,0,Month-to-month,1,Mailed check,20.15,536.35,0,21.45,0,0.18128508,Low
7115-IRDHS,0,0,0,0,30,1,1,DSL,1,0,0,0,0,1,Month-to-month,1,Mailed check,64.5,1888.45,0,62.95,2,0.3146039,Medium
8496-DMZUK,1,0,1,0,21,0,0,DSL,1,0,0,0,0,0,Month-to-month,0,Electronic check,28.5,629.35,0,29.97,1,0.5591599,Medium
2040-VZIKE,0,1,1,0,23,1,0,Fiber optic,0,0,0,0,1,1,Month-to-month,1,Electronic check,90.45,2117.25,0,92.05,2,0.80522084,High
9068-VPWQQ,1,0,1,1,45,1,1,Fiber optic,1,1,0,0,1,1,Month-to-month,1,Electronic check,105.15,4730.9,0,105.13,4,0.19824708,Low
0178-SZBHO,1,0,1,1,24,1,1,Fiber optic,0,1,1,0,0,0,One year,0,Bank transfer (automatic),83.15,2033.05,0,84.71,2,0.04436023,Low
0384-RVBPI,1,0,1,0,56,1,1,Fiber optic,0,0,1,1,1,1,Two year,0,Bank transfer (automatic),103.2,5744.35,0,102.58,4,0.33147186,Medium
1299-AURJA,0,0,0,0,1,1,0,No,0,0,0,0,0,0,Month-to-month,0,Electronic check,19.45,19.45,0,19.45,0,0.67749095,High
4525-VZCZG,1,1,1,0,55,1,0,Fiber optic,0,0,1,1,1,0,Two year,0,Credit card (automatic),88.8,4805.3,0,87.37,3,0.13027231,Low
1543-LLLFT,1,0,1,0,72,1,1,DSL,1,0,1,1,1,1,Two year,1,Credit card (automatic),85.9,6110.75,0,84.87,5,0.034132447,Low
2788-CJQAQ,1,1,0,0,45,0,0,DSL,0,0,0,0,0,1,One year,0,Electronic check,34.2,1596.6,0,35.48,1,0.32587153,Medium
0319-QZTCO,1,0,0,0,47,1,0,No,0,0,0,0,0,0,Two year,0,Mailed check,20.15,1046.2,0,22.26,0,0.038483948,Low
2120-SMPEX,0,0,0,0,2,1,0,DSL,0,1,0,0,0,0,Month-to-month,1,Mailed check,50.3,92.75,0,46.38,1,0.7585631,High
0096-FCPUF,1,0,1,0,2,1,0,Fiber optic,1,0,0,1,0,0,Month-to-month,1,Electronic check,80.15,194.55,0,97.28,2,0.8266699,High
0668-OGMHD,1,0,1,0,12,1,0,DSL,0,1,0,0,0,0,Month-to-month,1,Electronic check,51.25,612.1,0,51.01,1,0.6242107,High
6507-ZJSUR,0,0,1,1,69,1,0,Fiber optic,0,0,0,1,1,1,Two year,1,Credit card (automatic),95.2,6671.7,0,96.69,3,0.027151277,Low
9408-HRXRK,0,1,0,1,56,1,0,Fiber optic,1,0,0,0,1,1,One year,0,Credit card (automatic),94.8,5264.3,0,94.01,3,0.06174277,Low
5593-SUAOO,1,1,0,0,4,1,1,Fiber optic,1,0,0,0,0,0,Month-to-month,1,Electronic check,80.25,303.7,0,75.92,1,0.82578224,High
6766-HFKLA,0,0,1,0,64,1,1,DSL,0,1,1,1,1,0,Two year,1,Bank transfer (automatic),76.1,4818.8,0,75.29,4,0.06041557,Low
7617-EYGLW,0,0,1,1,62,1,1,Fiber optic,1,1,1,1,1,1,Two year,0,Bank transfer (automatic),115.55,7159.05,0,115.47,6,0.040178154,Low
9220-ZNKJI,0,0,1,1,63,1,1,No,0,0,0,0,0,0,Two year,0,Credit card (automatic),24.65,1574.5,0,24.99,0,0.008315079,Low
2226-ICFDO,1,0,0,0,53,0,0,DSL,1,1,1,1,1,0,One year,1,Electronic check,53.6,2879.2,0,54.32,5,0.28344336,Low
0723-VSOBE,0,0,1,1,5,1,0,No,0,0,0,0,0,0,Month-to-month,0,Mailed check,19.45,86.05,0,17.21,0,0.14890562,Low
5529-GIBVH,0,1,1,0,49,1,1,Fiber optic,1,1,1,0,0,0,Month-to-month,1,Electronic check,88.2,4159.45,0,84.89,3,0.63554764,High
9992-UJOEL,1,0,1,1,62,1,1,Fiber optic,1,0,0,0,1,1,Two year,1,Bank transfer (automatic),101.15,6638.35,0,107.07,3,0.061077084,Low
4741-WWJQZ,1,0,1,0,55,1,0,DSL,1,1,0,1,0,0,Two year,0,Mailed check,56.8,3112.05,0,56.58,3,0.07036711,Low
6625-UTXEW,1,1,1,0,71,1,0,Fiber optic,1,1,1,1,1,0,Two year,1,Electronic check,99.4,7168.25,0,100.96,5,0.08572122,Low
6244-BESBM,1,0,1,1,72,1,0,No,0,0,0,0,0,0,Two year,1,Credit card (automatic),20.1,1326.25,0,18.42,0,0.005009222,Low
1004-NOZNR,0,0,1,0,36,0,0,DSL,1,0,1,1,1,1,One year,0,Credit card (automatic),60.7,2234.55,0,62.07,5,0.23441708,Low
1251-STYSZ,0,0,1,0,25,1,0,No,0,0,0,0,0,0,One year,1,Bank transfer (automatic),20.95,495.15,0,19.81,0,0.12422358,Low
2612-PHGOX,1,1,1,0,72,1,1,Fiber optic,1,1,1,1,1,1,Two year,1,Bank transfer (automatic),114.85,8317.95,0,115.53,6,0.08667923,Low
8480-PPONV,1,0,0,0,36,1,0,No,0,0,0,0,0,0,One year,1,Bank transfer (automatic),19.25,679.8,0,18.88,0,0.08605521,Low
8780-IHCRN,0,0,0,0,1,1,0,DSL,0,0,0,0,1,1,Month-to-month,1,Mailed check,62.8,62.8,0,62.8,2,0.8161265,High
4598-ZADCK,1,0,1,0,72,1,1,Fiber optic,1,0,1,0,1,1,Two year,1,Electronic check,105.5,7544.0,0,104.78,4,0.18456653,Low
1257-SXUXQ,0,0,1,1,59,1,0,No,0,0,0,0,0,0,Two year,0,Mailed check,19.85,1188.25,0,20.14,0,0.011935851,Low
9681-KYGYB,1,0,0,0,1,1,0,DSL,0,0,1,1,1,1,One year,0,Credit card (automatic),74.1,74.1,0,74.1,4,0.5111169,Medium
7182-OVLBJ,1,0,1,1,30,1,1,Fiber optic,0,1,1,1,1,1,Month-to-month,1,Electronic check,107.5,3242.5,0,108.08,5,0.2679373,Low
5095-ETBRJ,0,0,0,0,64,1,0,No,0,0,0,0,0,0,Two year,0,Mailed check,19.55,1240.15,0,19.38,0,0.02873929,Low
7005-CYUIL,0,0,0,0,63,1,1,DSL,1,1,1,1,0,0,One year,0,Bank transfer (automatic),68.8,4111.35,0,65.26,4,0.06914911,Low
4821-WQOYN,0,1,1,0,72,1,1,DSL,1,1,1,0,1,1,Two year,0,Credit card (automatic),84.45,5899.85,0,81.94,5,0.04348157,Low
4730-AWNAU,1,0,0,0,62,1,1,DSL,0,1,1,1,1,1,Two year,0,Bank transfer (automatic),84.5,5193.2,0,83.76,5,0.04679651,Low
3452-FLHYD,0,0,1,1,67,1,1,Fiber optic,0,1,1,1,1,1,Two year,1,Bank transfer (automatic),111.2,7530.8,0,112.4,5,0.07156596,Low
2388-LAESQ,1,0,1,0,70,1,1,DSL,1,0,0,1,1,1,Two year,1,Bank transfer (automatic),80.6,5460.2,0,78.0,4,0.07136615,Low
9531-NSBMR,1,1,0,0,20,1,0,Fiber optic,0,0,0,0,1,0,Month-to-month,0,Bank transfer (automatic),80.7,1614.2,0,80.71,1,0.5719316,Medium
6260-ONULR,1,0,0,0,5,1,1,Fiber optic,0,0,0,0,0,0,Month-to-month,0,Electronic check,75.6,402.5,0,80.5,0,0.8281178,High
4389-UEFCZ,1,0,1,0,24,0,0,DSL,1,1,1,0,1,1,One year,0,Electronic check,57.6,1367.75,0,56.99,5,0.3557236,Medium
8711-LOBKY,0,0,1,0,72,1,1,Fiber optic,0,1,1,1,1,1,Two year,1,Credit card (automatic),110.6,7962.2,0,110.59,5,0.13888982,Low
8985-OOPOS,1,0,1,0,66,1,0,DSL,1,1,0,1,0,0,Two year,1,Credit card (automatic),58.2,3810.8,0,57.74,3,0.052185412,Low
8800-ZKRFW,1,0,1,0,45,1,0,DSL,1,0,1,1,1,1,Two year,1,Mailed check,81.0,3533.6,0,78.52,5,0.071902215,Low
2616-FLVQC,1,0,1,1,69,1,0,No,0,0,0,0,0,0,Two year,0,Bank transfer (automatic),19.7,1396.9,0,20.24,0,0.010838429,Low
9968-FFVVH,1,0,0,0,28,1,0,DSL,0,0,1,0,1,0,Month-to-month,1,Bank transfer (automatic),59.55,1646.45,0,58.8,2,0.36719128,Medium
3108-PCCGG,1,0,0,0,36,1,0,DSL,1,1,1,1,0,1,One year,1,Mailed check,75.55,2680.15,0,74.45,5,0.17406043,Low
8390-FESFV,0,0,1,0,42,0,0,DSL,0,1,1,0,0,1,One year,1,Credit card (automatic),45.1,2049.05,0,48.79,3,0.35077026,Medium
3022-BEXHZ,0,0,0,0,48,1,1,DSL,1,0,0,1,0,1,One year,1,Bank transfer (automatic),70.95,3629.2,0,75.61,3,0.16504589,Low
6248-TKCQV,1,0,1,1,11,1,0,No,0,0,0,0,0,0,Two year,0,Credit card (automatic),20.9,202.3,0,18.39,0,0.023373758,Low
6729-GDNGC,0,0,0,0,7,1,0,No,0,0,0,0,0,0,Month-to-month,1,Mailed check,19.95,147.5,0,21.07,0,0.29243675,Low
6198-ZFIOJ,1,0,0,0,3,1,1,No,0,0,0,0,0,0,Month-to-month,0,Mailed check,24.6,86.35,0,28.78,0,0.4103945,Medium
5989-OMNJE,0,0,0,0,8,1,0,DSL,1,0,1,0,0,1,Month-to-month,1,Electronic check,66.7,579.0,0,72.38,3,0.5256983,Medium
1291-CUOCY,0,0,1,1,32,1,0,Fiber optic,1,1,1,0,0,1,One year,0,Mailed check,94.8,3131.55,0,97.86,4,0.050661992,Low
9795-SHUHB,0,0,1,0,60,1,0,DSL,1,1,1,1,0,0,One year,1,Bank transfer (automatic),65.85,3928.3,0,65.47,4,0.098865755,Low
3230-IUALN,1,0,1,0,10,1,0,No,0,0,0,0,0,0,Month-to-month,1,Bank transfer (automatic),19.95,187.75,0,18.77,0,0.2601991,Low
0042-RLHYP,1,0,1,0,71,1,1,No,0,0,0,0,0,0,Two year,1,Bank transfer (automatic),24.65,1710.15,0,24.09,0,0.03228218,Low
4945-RVMTE,1,0,1,0,43,0,0,DSL,1,1,0,1,1,0,One year,1,Bank transfer (automatic),51.25,2151.6,0,50.04,4,0.27153894,Low
1866-NXPSP,1,0,1,0,23,1,0,DSL,0,0,1,1,0,0,Month-to-month,0,Electronic check,54.25,1221.55,0,53.11,2,0.4376216,Medium
3941-XTSKM,1,0,1,0,72,1,0,No,0,0,0,0,0,0,Two year,0,Bank transfer (automatic),19.4,1496.45,0,20.78,0,0.025329428,Low
1661-CZBAU,0,0,1,0,22,1,0,DSL,1,0,0,1,0,0,One year,1,Credit card (automatic),56.25,1292.2,0,58.74,2,0.16987868,Low
5158-RIVOP,1,0,0,0,1,0,0,DSL,0,0,0,0,0,0,Month-to-month,1,Mailed check,25.15,25.15,0,25.15,0,0.8186494,High
9788-YTFGE,0,0,0,0,69,1,1,No,0,0,0,0,0,0,Two year,0,Bank transfer (automatic),23.95,1713.1,0,24.83,0,0.03157753,Low
9277-JOOMO,0,0,0,0,50,0,0,DSL,1,0,0,1,0,0,One year,1,Mailed check,35.4,1748.9,0,34.98,2,0.14296836,Low
1907-YLNYW,1,0,1,0,15,1,0,Fiber optic,0,1,0,0,0,0,Month-to-month,0,Bank transfer (automatic),75.35,1114.55,0,74.3,1,0.69797814,High
8947-YRTDV,0,0,0,0,31,1,0,No,0,0,0,0,0,0,Two year,0,Bank transfer (automatic),20.4,609.1,0,19.65,0,0.03804111,Low
3161-ONRWK,1,0,0,0,8,1,0,No,0,0,0,0,0,0,Two year,0,Mailed check,20.0,141.6,0,17.7,0,0.04661611,Low
0114-RSRRW,0,0,1,0,64,1,0,DSL,1,0,1,0,1,1,One year,1,Credit card (automatic),73.05,4688.65,0,73.26,4,0.19046082,Low
4565-NLZBV,1,0,1,0,28,1,0,No,0,0,0,0,0,0,Month-to-month,0,Mailed check,20.5,563.05,0,20.11,0,0.18843432,Low
6682-VCIXC,1,0,1,0,57,1,1,Fiber optic,0,0,1,0,1,1,One year,1,Credit card (automatic),100.75,5985.0,0,105.0,3,0.5810278,Medium
6475-VHUIZ,0,0,0,0,19,1,0,No,0,0,0,0,0,0,Two year,1,Mailed check,19.95,373.5,0,19.66,0,0.049398582,Low
3910-MRQOY,1,0,1,0,51,0,0,DSL,0,1,0,0,1,1,Month-to-month,1,Electronic check,49.65,2553.35,0,50.07,3,0.65245396,High
0661-WCQNQ,1,0,1,0,67,1,1,DSL,1,1,1,0,0,0,Two year,0,Mailed check,65.65,4322.85,0,64.52,3,0.049268596,Low
7537-RBWEA,0,0,1,1,11,1,0,No,0,0,0,0,0,0,Month-to-month,1,Electronic check,20.45,250.8,0,22.8,0,0.16967757,Low
4656-CAURT,0,0,1,0,72,0,0,DSL,1,0,1,1,1,1,Two year,0,Bank transfer (automatic),60.95,4549.05,0,63.18,5,0.05021342,Low
0121-SNYRK,0,0,1,0,66,1,0,No,0,0,0,0,0,0,One year,1,Electronic check,20.35,1359.5,0,20.6,0,0.15067667,Low
3733-LSYCE,1,0,0,0,9,1,0,No,0,0,0,0,0,0,Month-to-month,1,Electronic check,19.5,178.85,0,19.87,0,0.44268113,Medium
6265-FRMTQ,1,0,0,0,9,1,1,Fiber optic,0,0,0,0,0,0,Month-to-month,1,Credit card (automatic),75.2,633.85,0,70.43,0,0.78780407,High
2017-CCBLH,0,0,1,0,48,1,1,Fiber optic,1,1,1,0,1,1,Month-to-month,1,Bank transfer (automatic),111.45,5315.1,0,110.73,5,0.7170698,High
7690-KPNCU,0,0,0,0,10,1,0,Fiber optic,0,0,0,0,0,0,Month-to-month,0,Mailed check,70.15,735.5,0,73.55,0,0.6335082,High
0536-BGFMZ,1,0,1,0,72,1,1,DSL,1,1,1,1,1,1,Two year,0,Bank transfer (automatic),92.0,6474.4,0,89.92,6,0.04042788,Low
2293-IJWPS,1,0,1,0,51,1,0,DSL,1,1,1,1,1,1,Two year,0,Credit card (automatic),85.5,4421.95,0,86.7,6,0.060582276,Low
5469-NUJUR,0,1,1,0,61,1,1,Fiber optic,0,1,0,0,0,0,Month-to-month,1,Electronic check,82.15,4904.85,0,80.41,1,0.56524026,Medium
2625-TRCZQ,0,0,0,0,54,1,0,Fiber optic,1,0,1,1,0,0,One year,0,Electronic check,84.4,4484.05,0,83.04,3,0.2133853,Low
4102-HLENU,1,0,0,0,33,1,1,DSL,1,1,0,0,0,0,Month-to-month,1,Mailed check,60.9,2033.85,0,61.63,2,0.27932718,Low
7266-GSSJX,1,0,0,0,27,1,0,No,0,0,0,0,0,0,Two year,1,Bank transfer (automatic),20.25,538.2,0,19.93,0,0.04977363,Low
7722-VJRQD,0,0,0,0,23,1,0,Fiber optic,0,1,0,0,1,1,Month-to-month,0,Mailed check,95.3,2192.9,0,95.34,3,0.56672615,Medium
7073-QETQY,0,0,0,1,1,1,0,No,0,0,0,0,0,0,Month-to-month,0,Mailed check,19.85,19.85,0,19.85,0,0.49511427,Medium
5624-RYAMH,0,0,1,0,45,1,0,DSL,1,1,1,1,1,1,Two year,1,Mailed check,84.35,3858.05,0,85.73,6,0.05880509,Low
0196-JTUQI,1,0,1,1,39,1,0,No,0,0,0,0,0,0,Two year,1,Bank transfer (automatic),19.85,854.8,0,21.92,0,0.020549107,Low
7130-YXBRO,0,0,1,0,72,1,1,DSL,1,1,1,1,1,0,Two year,0,Bank transfer (automatic),82.3,5815.15,0,80.77,5,0.02911304,Low
9272-LSVYH,1,0,1,1,58,1,1,DSL,0,1,0,0,1,0,Month-to-month,1,Bank transfer (automatic),66.8,3970.4,0,68.46,2,0.06453313,Low
3084-DOWLE,1,0,0,0,70,0,0,DSL,1,1,1,1,0,0,Two year,1,Bank transfer (automatic),44.6,3058.15,0,43.69,4,0.05894073,Low
1084-MNSMJ,0,0,1,1,61,1,0,Fiber optic,0,1,0,1,1,1,One year,1,Bank transfer (automatic),98.45,6145.2,0,100.74,4,0.04500961,Low
4238-HFHSN,0,0,0,0,2,1,0,Fiber optic,0,0,0,0,0,0,Month-to-month,0,Mailed check,70.7,129.2,0,64.6,0,0.7859099,High
6250-CGGUN,1,0,1,0,46,1,1,No,0,0,0,0,0,0,One year,0,Mailed check,24.95,1165.9,0,25.35,0,0.10312082,Low
5478-JJVZK,1,0,0,0,48,1,0,Fiber optic,1,0,1,1,1,1,Two year,1,Credit card (automatic),102.5,4904.25,0,102.17,5,0.23638485,Low
7596-IIWYC,0,0,0,0,64,1,1,DSL,0,1,1,1,1,1,Two year,0,Credit card (automatic),86.55,5632.55,0,88.01,5,0.050435405,Low
9793-WECQC,0,0,1,1,72,1,1,No,0,0,0,0,0,0,Two year,0,Bank transfer (automatic),24.3,1643.25,0,22.82,0,0.006773025,Low
4291-HPAXL,1,0,1,1,12,1,0,DSL,0,0,1,0,1,0,Month-to-month,1,Credit card (automatic),58.35,740.55,0,61.71,2,0.20036452,Low
8999-YPYBV,1,0,1,0,72,1,0,DSL,1,1,1,0,0,1,Two year,0,Credit card (automatic),68.75,4888.2,0,67.89,4,0.030890524,Low
1839-FBNFR,0,0,1,0,29,1,1,Fiber optic,0,1,1,0,0,0,Month-to-month,1,Electronic check,85.8,2440.25,0,84.15,2,0.76271105,High
3071-MVJCD,0,0,1,0,33,1,0,No,0,0,0,0,0,0,One year,0,Credit card (automatic),20.1,620.55,0,18.8,0,0.048786353,Low
1697-BCSHV,1,0,0,0,1,1,0,No,0,0,0,0,0,0,Month-to-month,0,Mailed check,20.35,20.35,0,20.35,0,0.54629415,Medium
0562-KBDVM,1,0,1,1,62,1,1,Fiber optic,0,1,1,1,1,1,One year,1,Electronic check,110.8,6840.95,0,110.34,5,0.06565641,Low
1131-SUEKT,1,0,0,0,4,1,0,Fiber optic,0,0,1,0,0,1,Month-to-month,1,Credit card (automatic),82.85,319.6,0,79.9,2,0.8083832,High
3717-OEAUQ,1,0,0,0,24,1,1,Fiber optic,1,0,0,1,0,0,Month-to-month,1,Electronic check,84.35,1938.05,0,80.75,2,0.62322354,High
4538-WNTMJ,1,0,1,0,14,1,0,No,0,0,0,0,0,0,One year,0,Mailed check,19.55,294.5,0,21.04,0,0.11033609,Low
9432-RUVSL,0,0,0,1,3,1,0,No,0,0,0,0,0,0,Month-to-month,0,Mailed check,19.95,58.3,0,19.43,0,0.21151577,Low
8060-HIWJJ,0,0,0,0,8,1,0,DSL,0,0,0,0,1,1,Month-to-month,1,Electronic check,66.25,546.45,0,68.31,2,0.64577776,High
7684-XSZIY,1,0,0,0,35,1,1,No,0,0,0,0,0,0,Two year,0,Bank transfer (automatic),23.3,797.1,0,22.77,0,0.05072125,Low
9089-UOWJG,0,0,0,1,66,1,1,No,0,0,0,0,0,0,Two year,1,Credit card (automatic),25.3,1673.8,0,25.36,0,0.015569609,Low
8039-ACLPL,0,0,0,0,8,0,0,DSL,1,0,0,1,0,1,Two year,1,Mailed check,44.55,343.45,0,42.93,3,0.12814318,Low
9885-AIBVB,1,0,1,0,71,1,1,Fiber optic,1,0,1,0,1,1,One year,1,Credit card (automatic),104.1,7412.25,0,104.4,4,0.34794432,Medium
1934-MKPXS,1,0,1,1,43,1,1,Fiber optic,0,0,1,0,0,1,Month-to-month,1,Bank transfer (automatic),92.55,4039.0,0,93.93,2,0.114783525,Low
2592-YKDIF,0,1,0,0,29,1,0,Fiber optic,0,1,1,0,1,1,Month-to-month,1,Bank transfer (automatic),101.45,2948.6,0,101.68,4,0.75385743,High
2272-JKMSI,0,0,1,1,65,1,1,Fiber optic,1,1,1,1,0,0,Two year,0,Credit card (automatic),94.55,6078.75,0,93.52,4,0.01817672,Low
8714-CTZJW,0,0,0,0,35,1,1,Fiber optic,0,0,1,1,1,0,Month-to-month,0,Electronic check,95.5,3418.2,0,97.66,3,0.5733382,Medium
3569-EDBPQ,0,0,0,0,64,1,0,Fiber optic,1,1,0,0,1,1,One year,1,Credit card (automatic),100.3,6603.8,0,103.18,4,0.39752272,Medium
3131-NWVFJ,1,0,1,0,58,0,0,DSL,0,0,1,1,1,1,Two year,1,Credit card (automatic),55.5,3166.9,0,54.6,4,0.14673312,Low
7521-YXVZY,1,1,0,0,18,1,0,DSL,0,1,0,0,0,0,Month-to-month,1,Credit card (automatic),49.85,865.75,0,48.1,1,0.43312305,Medium
2373-NTKOD,0,0,1,1,67,1,1,Fiber optic,0,1,0,0,0,1,Month-to-month,1,Bank transfer (automatic),89.55,6373.1,0,95.12,2,0.08417603,Low
1970-KKFWL,0,0,1,1,63,1,0,No,0,0,0,0,0,0,Two year,1,Mailed check,19.15,1177.05,0,18.68,0,0.009643526,Low
9337-SRRNI,1,0,1,0,60,1,1,Fiber optic,0,1,0,0,1,1,Month-to-month,1,Electronic check,99.8,5985.75,0,99.76,3,0.7119645,High
0895-UADGO,1,0,1,1,70,1,1,Fiber optic,1,1,1,1,1,1,Two year,1,Credit card (automatic),113.05,7869.05,0,112.42,6,0.025802897,Low
5678-VFNEQ,1,0,0,0,48,1,0,No,0,0,0,0,0,0,One year,0,Mailed check,19.95,936.7,0,19.51,0,0.063918404,Low
5977-CKHON,0,0,1,0,12,1,0,DSL,0,0,1,1,1,1,Month-to-month,1,Electronic check,74.15,741.4,0,61.78,4,0.65934074,High
2692-BUCFV,0,1,1,0,71,1,1,Fiber optic,1,1,1,1,0,0,One year,1,Electronic check,92.0,6585.2,0,92.75,4,0.21761669,Low
1830-GGFNM,0,1,0,0,44,1,0,Fiber optic,0,0,1,0,0,0,Month-to-month,0,Electronic check,73.85,3122.4,0,70.96,1,0.64522815,High
5302-BDJNT,0,0,1,1,45,1,1,No,0,0,0,0,0,0,Two year,0,Mailed check,24.45,1088.25,0,24.18,0,0.017935302,Low
5223-UZAVK,1,0,0,0,23,1,1,No,0,0,0,0,0,0,One year,0,Credit card (automatic),24.8,615.35,0,26.75,0,0.08894214,Low
4859-ZSRDZ,1,0,1,0,43,1,1,DSL,0,0,0,1,1,0,One year,1,Bank transfer (automatic),64.85,2908.2,0,67.63,2,0.2661907,Low
5651-WYIPH,0,0,0,0,35,1,0,No,0,0,0,0,0,0,Month-to-month,0,Bank transfer (automatic),20.75,739.9,0,21.14,0,0.16243936,Low
9350-VLHMB,0,0,1,0,9,1,0,DSL,1,1,0,1,1,0,Month-to-month,1,Mailed check,68.95,593.85,0,65.98,4,0.3999969,Medium
3498-LZGQZ,1,1,1,0,65,1,1,Fiber optic,1,1,1,0,1,1,Month-to-month,1,Credit card (automatic),109.4,7227.45,0,111.19,5,0.5484875,Medium
8785-CJSHH,0,0,0,0,27,1,1,DSL,0,0,0,0,0,0,Month-to-month,0,Mailed check,49.0,1291.35,0,47.83,0,0.27155295,Low
3870-SPZSI,1,0,0,0,40,1,0,DSL,0,0,1,0,0,0,One year,1,Mailed check,50.25,2023.55,0,50.59,1,0.17859147,Low
7560-QRBXH,0,0,1,0,8,1,0,No,0,0,0,0,0,0,One year,0,Credit card (automatic),19.9,153.95,0,19.24,0,0.097436495,Low
7077-XJMET,1,1,1,0,58,1,1,Fiber optic,0,1,0,0,1,1,One year,1,Bank transfer (automatic),97.8,5458.8,0,94.12,3,0.5164066,Medium
8752-GHJFU,1,0,1,1,52,1,0,Fiber optic,1,0,1,0,1,1,One year,0,Electronic check,100.3,5244.45,0,100.85,4,0.05988015,Low
6896-SRVYQ,0,0,1,0,3,1,0,DSL,0,0,1,1,0,0,Month-to-month,1,Mailed check,55.8,154.55,0,51.52,2,0.71324533,High
4652-ODEVH,0,0,0,1,41,1,0,Fiber optic,1,1,1,1,1,1,Two year,1,Electronic check,111.15,4507.15,0,109.93,6,0.13076046,Low
6510-UPNKS,0,0,0,0,20,1,1,Fiber optic,0,0,0,1,1,1,Month-to-month,1,Mailed check,98.55,2031.95,0,101.6,3,0.7303536,High
6718-BDGHG,0,0,0,1,1,1,1,DSL,0,0,0,0,0,0,Month-to-month,1,Electronic check,50.05,50.05,0,50.05,0,0.7514097,High
9046-DQMTP,0,0,0,0,23,1,0,No,0,0,0,0,0,0,Month-to-month,0,Electronic check,20.85,473.9,0,20.6,0,0.2661382,Low
6439-LAJXL,1,1,0,0,6,1,0,No,0,0,0,0,0,0,Month-to-month,0,Bank transfer (automatic),19.5,106.8,0,17.8,0,0.2177836,Low
9052-VKDUW,0,0,1,1,8,1,0,No,0,0,0,0,0,0,Month-to-month,1,Mailed check,19.35,152.6,0,19.08,0,0.17419966,Low
1666-JZPZT,0,0,0,0,18,1,1,DSL,1,0,1,0,1,0,Month-to-month,0,Mailed check,69.5,1199.4,0,66.63,3,0.27221927,Low
5777-KJIRB,0,1,0,0,52,0,0,DSL,1,0,0,0,1,1,Month-to-month,1,Credit card (automatic),48.8,2555.05,0,49.14,3,0.5165632,Medium
7677-SJJJK,0,0,0,0,31,1,0,Fiber optic,0,1,0,0,1,1,Month-to-month,1,Electronic check,94.5,2979.2,0,96.1,3,0.760577,High
2480-EJWYP,0,0,1,1,29,1,0,No,0,0,0,0,0,0,Month-to-month,1,Mailed check,20.65,654.85,0,22.58,0,0.05668849,Low
3253-HKOKL,1,0,1,0,36,1,1,Fiber optic,1,1,1,1,0,1,Two year,1,Credit card (automatic),106.05,3834.4,0,106.51,5,0.40272963,Medium
7055-HNEOJ,0,0,1,0,42,1,1,Fiber optic,0,0,1,1,1,1,One year,1,Electronic check,108.3,4586.15,0,109.19,4,0.7124274,High
5514-YQENT,1,0,0,0,60,1,0,Fiber optic,0,1,1,0,1,1,Two year,1,Electronic check,99.65,5941.05,0,99.02,4,0.27572528,Low
3211-AAPKX,0,0,1,0,22,1,1,Fiber optic,1,0,0,1,1,0,Month-to-month,0,Credit card (automatic),95.9,2234.95,0,101.59,3,0.6352493,High
8445-DNBAE,0,0,1,0,36,1,0,No,0,0,0,0,0,0,One year,0,Mailed check,20.0,666.75,0,18.52,0,0.057910375,Low
2958-NHPPS,0,0,0,0,9,1,0,DSL,1,0,0,1,0,1,Month-to-month,0,Mailed check,64.95,547.8,0,60.87,3,0.28668657,Low
6806-YDEUL,0,0,1,1,1,1,0,Fiber optic,0,1,0,0,0,0,Month-to-month,0,Credit card (automatic),74.6,74.6,0,74.6,1,0.61100864,High
1735-XMJVH,0,0,1,1,12,1,0,DSL,1,0,0,0,0,0,Month-to-month,1,Electronic check,49.2,571.15,0,47.6,1,0.29193234,Low
6890-PFRQX,1,0,0,0,23,1,1,DSL,0,0,0,1,1,1,One year,1,Mailed check,73.75,1756.6,0,76.37,3,0.22763342,Low
0222-CNVPT,0,0,0,0,62,1,1,Fiber optic,1,1,0,0,0,1,One year,1,Bank transfer (automatic),92.3,5731.45,0,92.44,3,0.25683823,Low
5899-OUVKV,1,0,0,0,8,1,0,No,0,0,0,0,0,0,Month-to-month,0,Mailed check,19.2,156.85,0,19.61,0,0.25117394,Low
8681-ICONS,0,0,1,0,31,1,1,Fiber optic,0,0,1,0,1,0,Month-to-month,0,Credit card (automatic),88.65,2683.2,0,86.55,2,0.6096061,High
1621-YNCJH,0,0,1,1,45,1,1,Fiber optic,0,1,1,0,0,1,Month-to-month,1,Bank transfer (automatic),95.95,4456.65,0,99.04,3,0.13398358,Low
6362-QHAFM,1,1,1,0,69,1,1,Fiber optic,0,1,0,1,1,1,Two year,0,Credit card (automatic),105.4,6998.95,0,101.43,4,0.24234216,Low
3070-BDOQC,0,0,0,0,2,1,0,No,0,0,0,0,0,0,Month-to-month,0,Mailed check,20.25,36.8,0,18.4,0,0.3255106,Medium
6234-PFPXL,1,0,0,0,44,0,0,DSL,0,0,1,0,1,1,One year,1,Electronic check,49.05,2265.0,0,51.48,3,0.46577087,Medium
9824-QCJPK,0,0,0,0,39,0,0,DSL,0,0,1,1,0,0,One year,0,Mailed check,35.55,1309.15,0,33.57,2,0.13877454,Low
4283-IVYCI,0,0,1,0,72,0,0,DSL,1,1,1,1,1,1,Two year,1,Credit card (automatic),65.1,4754.3,0,66.03,6,0.037889637,Low
1866-OBPNR,1,1,0,0,13,1,0,Fiber optic,0,0,1,0,1,1,Month-to-month,1,Electronic check,96.85,1235.55,0,95.04,3,0.891122,High
8205-MQUGY,1,0,1,0,51,1,0,DSL,1,1,0,1,0,1,One year,1,Credit card (automatic),69.75,3562.5,0,69.85,4,0.15004969,Low
8970-ANWXO,1,1,1,0,71,1,0,Fiber optic,0,1,1,0,1,1,Two year,1,Electronic check,99.2,7213.75,0,101.6,4,0.18561712,Low
9480-BQJEI,1,0,0,0,56,1,1,Fiber optic,0,1,1,0,1,1,One year,1,Electronic check,106.8,5914.4,0,105.61,4,0.662608,High
6979-TNDEU,0,0,0,0,1,1,0,DSL,1,0,0,0,0,0,Month-to-month,0,Mailed check,51.25,51.25,0,51.25,1,0.6705567,High
9777-WJJPR,1,0,1,0,23,1,0,DSL,1,1,0,1,0,0,One year,1,Mailed check,57.75,1282.85,0,55.78,3,0.16033295,Low
9495-SKLKD,1,1,1,0,66,1,1,DSL,0,1,1,0,1,0,One year,1,Bank transfer (automatic),70.85,4738.85,0,71.8,3,0.19791116,Low
6048-UWKAL,0,0,0,0,11,1,0,Fiber optic,1,0,1,0,0,0,Month-to-month,1,Bank transfer (automatic),79.5,795.65,0,72.33,2,0.6846437,High
5067-DGXLL,1,0,1,1,52,1,1,Fiber optic,1,1,1,0,0,1,Month-to-month,0,Bank transfer (automatic),98.15,4993.4,0,96.03,4,0.0997923,Low
6281-FKEWS,0,0,0,0,3,1,0,No,0,0,0,0,0,0,Month-to-month,1,Electronic check,20.25,61.45,0,20.48,0,0.48953563,Medium
8898-KASCD,1,0,1,1,51,1,0,Fiber optic,1,1,0,0,0,0,Month-to-month,1,Bank transfer (automatic),79.15,4018.55,0,78.8,2,0.07720866,Low
9242-TKFSV,0,1,1,0,64,1,1,Fiber optic,0,1,1,0,0,1,Month-to-month,1,Electronic check,94.25,6081.4,0,95.02,3,0.60114217,High
9290-SHCMB,1,0,0,0,37,0,0,DSL,0,0,1,0,0,1,Month-to-month,1,Credit card (automatic),40.2,1478.85,0,39.97,2,0.5054812,Medium
0743-HNPFG,0,0,0,0,13,1,0,No,0,0,0,0,0,0,Two year,0,Mailed check,19.95,243.65,0,18.74,0,0.038871534,Low
2277-BKJKN,0,0,1,0,49,1,1,DSL,1,0,0,0,0,0,One year,1,Electronic check,55.35,2633.95,0,53.75,1,0.34728006,Medium
5035-PGZXH,1,1,0,0,45,1,1,Fiber optic,0,0,1,0,1,1,One year,1,Bank transfer (automatic),102.15,4735.35,0,105.23,3,0.5947141,Medium
8695-WDYEA,1,0,0,0,18,1,0,Fiber optic,0,0,0,0,0,0,Month-to-month,1,Electronic check,71.1,1247.75,0,69.32,0,0.7294773,High
6543-JXSOO,0,0,1,0,68,0,0,DSL,1,0,1,0,1,1,Two year,1,Bank transfer (automatic),54.1,3794.5,0,55.8,4,0.108370386,Low
8016-ZMGMO,0,0,0,0,54,1,0,No,0,0,0,0,0,0,Two year,0,Credit card (automatic),19.65,1008.7,0,18.68,0,0.028169168,Low
8605-ITULD,1,1,1,1,23,1,0,Fiber optic,0,1,1,0,0,1,Month-to-month,1,Bank transfer (automatic),88.45,2130.55,0,92.63,3,0.16613641,Low
6416-YJTTB,0,0,1,0,71,1,1,DSL,1,1,1,1,0,1,Two year,0,Credit card (automatic),80.4,5727.15,0,80.66,5,0.03646364,Low
4472-VESGY,1,0,1,1,67,1,0,No,0,0,0,0,0,0,Two year,1,Bank transfer (automatic),19.25,1372.9,0,20.49,0,0.012343306,Low
3195-TQDZX,1,0,1,1,14,1,1,Fiber optic,0,0,0,0,1,0,Month-to-month,1,Electronic check,84.8,1203.9,0,85.99,1,0.46096936,Medium
3128-YOVTD,1,0,0,1,63,1,0,No,0,0,0,0,0,0,Two year,0,Credit card (automatic),19.5,1215.1,0,19.29,0,0.013068669,Low
1728-CXQBE,1,0,0,0,41,1,1,DSL,0,0,1,1,0,1,One year,1,Electronic check,68.6,2877.05,0,70.17,3,0.3222608,Medium
7041-TXQJH,1,0,1,0,17,1,1,Fiber optic,0,0,0,0,1,1,Month-to-month,0,Electronic check,92.6,1579.7,0,92.92,2,0.79275596,High
5014-GSOUQ,0,0,1,0,56,1,1,Fiber optic,1,0,0,0,1,1,One year,1,Electronic check,100.55,5514.95,0,98.48,3,0.62597543,High
5724-BIDBU,1,0,0,0,5,1,0,No,0,0,0,0,0,0,Month-to-month,0,Credit card (automatic),20.55,96.1,0,19.22,0,0.26234505,Low
0481-SUMCB,1,0,1,0,3,1,0,No,0,0,0,0,0,0,Month-to-month,1,Mailed check,19.6,55.25,0,18.42,0,0.38378495,Medium
1769-GRUIK,0,0,0,0,37,1,1,DSL,1,1,1,1,0,0,One year,0,Electronic check,67.45,2443.3,0,66.04,4,0.16506425,Low
8819-WFGGJ,0,0,0,0,8,1,0,DSL,0,0,0,0,0,0,Month-to-month,0,Mailed check,43.55,335.4,0,41.92,0,0.3894815,Medium
7427-AUFPY,1,0,0,0,63,1,1,Fiber optic,0,1,1,1,1,1,Month-to-month,1,Credit card (automatic),109.85,7002.95,0,111.16,5,0.5084186,Medium
2811-POVEX,1,0,1,1,7,1,0,No,0,0,0,0,0,0,Month-to-month,0,Mailed check,20.65,158.95,0,22.71,0,0.12161949,Low
7898-PDWQE,1,0,0,0,3,1,0,Fiber optic,0,1,0,0,1,1,Month-to-month,0,Electronic check,95.4,293.15,0,97.72,3,0.8370586,High
9972-EWRJS,0,0,1,1,72,1,0,No,0,0,0,0,0,0,Two year,0,Bank transfer (automatic),21.0,1493.75,0,20.75,0,0.0064345133,Low
9314-IJWSQ,1,0,0,0,19,1,0,DSL,0,0,0,0,0,1,Month-to-month,1,Electronic check,56.2,1093.4,0,57.55,1,0.5623154,Medium
5799-JRCZO,1,0,1,0,59,1,0,No,0,0,0,0,0,0,Two year,0,Bank transfer (automatic),18.4,1057.85,0,17.93,0,0.038777303,Low
1921-KYSAY,1,0,1,1,35,1,1,No,0,0,0,0,0,0,Month-to-month,1,Electronic check,25.75,882.55,0,25.22,0,0.111247,Low
6198-RTPMF,0,0,0,0,14,1,0,No,0,0,0,0,0,0,Month-to-month,0,Credit card (automatic),19.6,300.4,0,21.46,0,0.20182693,Low
2924-KHUVI,1,0,1,1,69,1,0,No,0,0,0,0,0,0,Two year,0,Credit card (automatic),19.8,1436.95,0,20.83,0,0.010218773,Low
1925-GMVBW,0,1,1,0,7,1,1,DSL,1,1,0,1,0,0,Month-to-month,0,Electronic check,64.2,475.0,0,67.86,3,0.4788777,Medium
6184-DYUOB,0,0,1,0,69,1,0,DSL,1,1,1,1,1,0,Two year,1,Bank transfer (automatic),75.75,5388.15,0,78.09,5,0.0475051,Low
9207-ZPANB,1,0,1,0,72,1,1,DSL,0,1,0,1,1,1,Two year,1,Electronic check,78.95,5730.15,0,79.59,4,0.057349347,Low
9327-QSDED,1,0,1,1,4,1,0,DSL,1,0,0,0,0,0,Month-to-month,0,Electronic check,50.3,217.1,0,54.28,1,0.46898863,Medium
1656-DRSMG,0,0,1,1,63,1,0,Fiber optic,0,1,1,0,0,0,Month-to-month,1,Credit card (automatic),80.3,4896.35,0,77.72,2,0.043688826,Low
3012-VFFMN,0,0,0,0,72,1,0,No,0,0,0,0,0,0,Two year,0,Bank transfer (automatic),19.85,1434.1,0,19.92,0,0.020465653,Low
2984-AFWNC,1,0,0,0,46,1,0,No,0,0,0,0,0,0,Two year,1,Electronic check,21.1,937.1,0,20.37,0,0.094533324,Low
0640-YJTPY,0,0,1,0,30,1,0,DSL,0,0,1,0,0,0,Month-to-month,1,Mailed check,50.0,1474.9,0,49.16,1,0.3650942,Medium
8096-LOIST,0,0,0,0,63,1,1,Fiber optic,0,1,1,0,1,1,Two year,1,Bank transfer (automatic),104.75,6536.5,0,103.75,4,0.30495396,Medium
9764-REAFF,1,0,0,0,60,1,0,No,0,0,0,0,0,0,Two year,0,Bank transfer (automatic),19.85,1128.1,0,18.8,0,0.0255236,Low
7107-UBYKY,0,0,1,1,25,1,0,Fiber optic,0,0,0,1,1,0,Month-to-month,0,Electronic check,85.9,2199.05,0,87.96,2,0.16322131,Low
4881-GQJTW,0,1,1,0,6,1,1,Fiber optic,0,0,1,0,0,0,Month-to-month,1,Electronic check,80.8,457.1,0,76.18,1,0.8807851,High
7876-DNYAP,0,0,0,0,22,1,1,No,0,0,0,0,0,0,Two year,0,Mailed check,25.25,566.5,0,25.75,0,0.05166876,Low
7905-NJMXS,1,0,1,0,31,1,1,DSL,0,1,0,1,1,1,Two year,0,Bank transfer (automatic),80.55,2471.6,0,79.73,4,0.10833855,Low
2882-WDTBA,1,0,1,1,39,1,0,Fiber optic,0,0,1,1,0,0,Month-to-month,1,Bank transfer (automatic),81.5,3107.3,0,79.67,2,0.13992698,Low
2091-GPPIQ,0,0,0,0,26,1,0,No,0,0,0,0,0,0,Month-to-month,0,Mailed check,20.9,518.3,0,19.93,0,0.15795913,Low
5071-FBJFS,0,0,0,0,12,1,1,DSL,1,1,0,1,0,0,Month-to-month,1,Electronic check,67.25,832.3,0,69.36,3,0.47893336,Medium
2796-UUZZO,1,0,0,0,2,1,0,No,0,0,0,0,0,0,Month-to-month,0,Mailed check,20.35,45.3,0,22.65,0,0.33256128,Medium
2429-AYKKO,0,0,0,0,39,0,0,DSL,1,0,0,1,1,0,One year,0,Bank transfer (automatic),45.05,1790.6,0,45.91,3,0.15371057,Low
9798-OPFEM,1,0,1,1,7,0,0,DSL,1,0,0,1,0,0,Month-to-month,0,Mailed check,34.65,246.6,0,35.23,2,0.30423066,Medium
3794-NFNCH,0,1,0,0,4,1,0,Fiber optic,0,0,0,0,0,0,Month-to-month,0,Electronic check,69.35,261.65,0,65.41,0,0.7844625,High
5193-QLVZB,1,0,0,0,55,1,0,Fiber optic,0,1,1,0,0,0,Month-to-month,1,Electronic check,81.55,4509.5,0,81.99,2,0.5859848,Medium
7114-AEOZE,0,0,1,0,72,1,0,DSL,0,1,1,0,1,1,Two year,1,Bank transfer (automatic),75.4,5480.25,0,76.11,4,0.053865694,Low
5522-NYKPB,1,0,1,0,10,1,0,DSL,0,0,1,0,1,1,Month-to-month,1,Credit card (automatic),67.8,653.15,0,65.32,3,0.5491337,Medium
9957-YODKZ,0,1,0,0,11,1,1,Fiber optic,0,1,1,1,1,1,Month-to-month,1,Electronic check,111.4,1183.05,0,107.55,5,0.88553214,High
6518-KZXCB,1,0,1,1,15,1,0,DSL,0,0,0,0,0,0,Month-to-month,0,Electronic check,46.3,639.45,0,42.63,0,0.25166148,Low
2245-ADZFJ,1,0,1,1,23,1,0,No,0,0,0,0,0,0,Two year,0,Bank transfer (automatic),20.4,478.75,0,20.82,0,0.016336089,Low
7776-QGYJC,0,0,0,1,1,1,0,No,0,0,0,0,0,0,Month-to-month,0,Mailed check,20.05,20.05,0,20.05,0,0.46540952,Medium
9313-QOLTZ,0,0,1,1,47,1,0,Fiber optic,1,1,1,0,0,1,One year,1,Electronic check,96.1,4391.45,0,93.44,4,0.057203833,Low
4672-FOTSD,1,0,0,0,15,1,0,No,0,0,0,0,0,0,One year,0,Mailed check,19.65,270.6,0,18.04,0,0.06287566,Low
9818-XQCUV,1,1,1,0,68,1,0,DSL,0,1,1,1,0,0,One year,1,Bank transfer (automatic),60.65,3975.9,0,58.47,3,0.13908133,Low
7338-ERIVA,1,1,1,0,21,1,1,DSL,0,1,1,0,0,1,One year,0,Bank transfer (automatic),71.7,1497.05,0,71.29,3,0.22954856,Low
8259-NFJTV,0,0,0,0,21,0,0,DSL,0,1,0,1,0,0,Month-to-month,1,Mailed check,36.0,780.15,0,37.15,2,0.4004385,Medium
3223-DWFIO,1,0,1,0,56,1,1,DSL,1,0,0,0,1,0,One year,0,Bank transfer (automatic),65.2,3512.15,0,62.72,2,0.1367036,Low
6968-GMKPR,1,0,1,1,6,1,1,DSL,0,0,0,0,0,0,Month-to-month,1,Credit card (automatic),48.95,273.25,0,45.54,0,0.35042465,Medium
4751-ERMAN,1,1,0,0,65,0,0,DSL,0,1,1,0,1,1,Two year,1,Bank transfer (automatic),53.5,3517.9,0,54.12,4,0.10345008,Low
1436-ZMJAN,0,0,1,0,42,1,1,DSL,1,0,0,1,1,1,One year,0,Credit card (automatic),80.45,3375.9,0,80.38,4,0.16043904,Low
3292-PBZEJ,1,0,1,1,68,1,1,Fiber optic,1,0,1,1,1,1,Two year,1,Bank transfer (automatic),109.05,7508.55,0,110.42,5,0.06178742,Low
0799-DDIHE,0,0,1,1,48,1,1,No,0,0,0,0,0,0,Two year,0,Bank transfer (automatic),26.3,1245.05,0,25.94,0,0.017470833,Low
3070-FNFZQ,1,1,0,0,50,1,1,Fiber optic,0,1,0,1,1,1,One year,1,Electronic check,106.8,5347.95,0,106.96,4,0.621151,High
2812-SFXMJ,1,1,0,0,7,1,0,DSL,0,1,1,0,1,0,Month-to-month,1,Electronic check,64.95,493.65,0,70.52,3,0.6347638,High
5014-WUQMG,1,0,1,1,63,1,0,No,0,0,0,0,0,0,Two year,0,Electronic check,19.35,1263.85,0,20.06,0,0.015465737,Low
5312-TSZVC,0,0,0,0,17,1,0,No,0,0,0,0,0,0,Month-to-month,0,Credit card (automatic),21.1,385.55,0,22.68,0,0.1793738,Low
0993-OSGPT,0,0,1,1,4,1,0,No,0,0,0,0,0,0,Month-to-month,0,Mailed check,18.85,84.2,0,21.05,0,0.19245157,Low
7108-DGVUU,1,0,0,1,62,1,1,No,0,0,0,0,0,0,Two year,0,Bank transfer (automatic),26.0,1638.7,0,26.43,0,0.012279647,Low
2782-JEEBU,1,0,1,0,2,1,0,Fiber optic,0,0,0,0,0,0,Month-to-month,1,Electronic check,70.35,120.25,0,60.12,0,0.90047956,High
5127-BZENZ,0,0,1,0,48,1,1,Fiber optic,1,1,1,0,1,0,Two year,1,Bank transfer (automatic),96.9,4473.45,0,93.2,4,0.27423337,Low
2720-FVBQP,0,0,1,0,27,1,0,No,0,0,0,0,0,0,Two year,0,Bank transfer (automatic),19.55,520.55,0,19.28,0,0.06133702,Low
9906-NHHVC,1,0,1,0,70,1,0,DSL,0,1,1,1,1,1,Two year,1,Bank transfer (automatic),80.4,5717.85,0,81.68,5,0.06311843,Low
4522-XRWWI,0,0,1,0,46,1,1,Fiber optic,0,1,1,0,1,0,One year,1,Electronic check,94.65,4312.5,0,93.75,3,0.5386569,Medium
3766-EJLFL,0,0,1,1,69,1,1,Fiber optic,0,1,1,0,1,0,One year,0,Credit card (automatic),95.75,6511.25,0,94.37,3,0.03806967,Low
5939-SXWHM,0,0,0,0,65,1,0,No,0,0,0,0,0,0,Two year,1,Credit card (automatic),19.55,1218.65,0,18.75,0,0.031001369,Low
8152-UOBNY,0,1,1,1,72,1,0,Fiber optic,1,0,1,1,1,1,Two year,1,Credit card (automatic),104.1,7447.7,0,103.44,5,0.017709006,Low
7351-KYHQH,0,0,0,0,17,1,0,No,0,0,0,0,0,0,One year,1,Mailed check,20.1,279.5,0,16.44,0,0.08130056,Low
7643-RCHXS,0,0,1,0,51,1,1,Fiber optic,1,0,1,1,1,1,One year,1,Electronic check,111.55,5720.35,0,112.16,5,0.6441708,High
8246-SHFGA,0,0,1,0,51,1,0,DSL,1,1,0,1,0,0,Two year,0,Credit card (automatic),60.5,3121.45,0,61.2,3,0.06757362,Low
0620-XEFWH,1,0,1,0,72,1,1,DSL,1,1,1,1,1,1,Two year,1,Bank transfer (automatic),90.95,6468.6,0,89.84,6,0.031321175,Low
6485-QXWWE,0,0,0,0,34,1,0,No,0,0,0,0,0,0,Month-to-month,0,Mailed check,19.7,675.6,0,19.87,0,0.1736572,Low
7321-VGNKU,0,0,1,0,67,0,0,DSL,1,1,0,1,0,1,Two year,1,Bank transfer (automatic),50.95,3521.7,0,52.56,4,0.06565936,Low
5327-CNLUQ,1,0,1,0,49,1,0,No,0,0,0,0,0,0,One year,1,Bank transfer (automatic),20.05,923.1,0,18.84,0,0.09358168,Low
7552-KEYGT,0,0,1,1,53,1,0,No,0,0,0,0,0,0,Two year,1,Mailed check,19.4,1110.35,0,20.95,0,0.018551538,Low
5816-JMLGY,0,0,0,0,27,1,1,DSL,0,0,1,1,0,0,Month-to-month,0,Electronic check,59.45,1611.65,0,59.69,2,0.3630762,Medium
2927-QRRQV,0,0,0,0,69,1,1,DSL,1,1,1,1,0,1,Two year,1,Credit card (automatic),81.5,5553.25,0,80.48,5,0.048688848,Low
6265-SXWBU,1,0,1,1,2,0,0,DSL,0,0,0,1,0,0,Month-to-month,0,Bank transfer (automatic),29.05,44.75,0,22.38,1,0.54724723,Medium
7941-RCJOW,1,0,1,0,46,1,0,DSL,1,1,0,1,0,1,One year,0,Mailed check,70.6,3231.05,0,70.24,4,0.18713577,Low
6374-NTQLP,1,0,0,0,54,1,1,Fiber optic,0,1,0,0,1,1,Two year,1,Bank transfer (automatic),97.2,5129.45,0,94.99,3,0.3120522,Medium
2387-KDZQY,0,0,0,0,20,1,1,DSL,1,0,0,1,0,0,Month-to-month,0,Bank transfer (automatic),59.2,1191.2,0,59.56,2,0.28293076,Low
3584-WKTTW,0,0,0,0,11,1,0,Fiber optic,0,1,0,0,0,0,Month-to-month,1,Mailed check,75.9,866.4,0,78.76,1,0.72575116,High
3399-BMLVW,1,1,1,0,30,1,1,Fiber optic,0,1,0,0,1,0,Month-to-month,1,Electronic check,90.05,2627.2,0,87.57,2,0.7951025,High
1971-DTCZB,0,0,1,0,68,1,0,DSL,1,1,1,0,0,1,Two year,0,Bank transfer (automatic),70.95,4741.45,0,69.73,4,0.066155165,Low
3374-PZLXD,0,1,1,0,38,1,1,Fiber optic,0,1,1,0,1,1,Month-to-month,1,Electronic check,102.6,4009.2,0,105.51,4,0.85248333,High
3813-DHBBB,1,0,0,0,1,1,0,DSL,0,0,0,0,0,0,Month-to-month,0,Electronic check,43.8,43.8,0,43.8,0,0.79752684,High
2812-REYAT,0,0,1,0,63,0,0,DSL,1,1,1,0,1,1,Two year,0,Electronic check,59.0,3707.6,0,58.85,5,0.11018448,Low
6518-PPLMZ,1,0,0,0,3,1,0,DSL,0,0,1,0,1,1,One year,1,Electronic check,69.95,220.45,0,73.48,3,0.6034899,High
4939-KYYPY,1,0,0,0,48,1,1,No,0,0,0,0,0,0,One year,0,Bank transfer (automatic),24.35,1133.7,0,23.62,0,0.090355866,Low
5930-GBIWP,0,0,0,0,66,0,0,DSL,0,0,0,1,0,0,One year,0,Credit card (automatic),29.45,1983.15,0,30.05,1,0.09984162,Low
6022-KOUQO,1,0,1,1,68,1,1,Fiber optic,0,1,1,0,0,0,Two year,1,Credit card (automatic),84.4,5746.75,0,84.51,2,0.0171218,Low
2361-UPSND,1,0,1,0,7,1,0,No,0,0,0,0,0,0,One year,0,Mailed check,20.65,134.05,0,19.15,0,0.11710639,Low
6035-RIIOM,0,0,1,0,72,1,1,DSL,1,1,1,1,1,1,Two year,1,Bank transfer (automatic),87.1,6230.1,0,86.53,6,0.030026566,Low
9504-DSHWM,1,0,1,0,29,1,0,No,0,0,0,0,0,0,Month-to-month,0,Mailed check,19.85,573.05,0,19.76,0,0.21201064,Low
5035-BVCXS,0,0,1,0,37,1,0,Fiber optic,0,0,1,1,0,1,Month-to-month,1,Electronic check,90.35,3419.3,0,92.41,3,0.583871,Medium
6267-DCFFZ,1,0,1,0,59,1,1,DSL,1,1,0,1,0,0,One year,0,Mailed check,65.5,3801.3,0,64.43,3,0.09603677,Low
3533-UVMOM,0,1,1,1,60,1,1,Fiber optic,1,0,0,0,0,0,Month-to-month,1,Electronic check,80.95,4859.1,0,80.98,1,0.075661205,Low
2439-LYPMQ,1,0,0,0,27,1,0,DSL,0,1,0,1,0,0,Month-to-month,1,Mailed check,56.15,1439.35,0,53.31,2,0.2935813,Low
1478-VPOAD,0,0,1,0,17,0,0,DSL,1,0,1,0,0,0,Month-to-month,0,Mailed check,34.4,592.75,0,34.87,2,0.46728185,Medium
9995-HOTOH,0,0,1,0,58,1,0,No,0,0,0,0,0,0,Two year,0,Mailed check,20.75,1185.95,0,20.45,0,0.040299024,Low
2988-PLAHS,0,0,1,0,1,1,0,No,0,0,0,0,0,0,One year,0,Mailed check,18.8,18.8,0,18.8,0,0.31245235,Medium
1371-OJCEK,1,0,0,0,53,1,1,Fiber optic,1,1,1,0,0,0,Month-to-month,0,Electronic check,90.8,4921.2,0,92.85,3,0.42557696,Medium
4999-IEZLT,0,0,0,0,35,1,1,No,0,0,0,0,0,0,Month-to-month,1,Electronic check,25.6,901.25,0,25.75,0,0.38706002,Medium
8883-ANODQ,0,0,1,0,68,1,1,DSL,0,1,0,1,0,1,Two year,0,Credit card (automatic),70.8,4859.95,0,71.47,3,0.07044573,Low
2351-RRBUE,0,0,1,0,47,1,1,No,0,0,0,0,0,0,Month-to-month,0,Electronic check,25.4,1139.2,0,24.24,0,0.3738584,Medium
5980-BDHPY,1,1,1,0,65,1,1,Fiber optic,0,1,1,0,1,1,Month-to-month,1,Bank transfer (automatic),108.8,7082.45,0,108.96,4,0.6503475,High
1498-DQNRX,1,0,0,0,9,1,1,Fiber optic,0,0,0,0,0,0,Month-to-month,1,Electronic check,76.85,663.55,0,73.73,0,0.84573996,High
9469-WEJBT,1,0,0,0,8,1,0,No,0,0,0,0,0,0,Two year,0,Mailed check,20.25,174.65,0,21.83,0,0.055705037,Low
2581-VKIRT,0,0,0,0,14,1,1,No,0,0,0,0,0,0,One year,1,Credit card (automatic),24.8,321.7,0,22.98,0,0.15072654,Low
7426-WEIJX,1,0,0,0,45,1,1,Fiber optic,1,1,1,1,1,1,Month-to-month,1,Electronic check,115.65,5125.5,0,113.9,6,0.6644841,High
2851-MMUTZ,1,0,0,0,8,1,1,Fiber optic,0,0,0,0,0,0,Month-to-month,1,Credit card (automatic),74.6,548.9,0,68.61,0,0.7891732,High
3307-TLCUD,0,0,1,1,66,1,0,Fiber optic,1,1,1,0,1,1,One year,1,Bank transfer (automatic),103.15,7031.3,0,106.53,5,0.07086407,Low
6625-FLENO,0,0,1,0,72,1,1,DSL,1,1,1,1,0,0,Two year,0,Credit card (automatic),72.1,5016.65,0,69.68,4,0.02757635,Low
2967-MXRAV,1,0,1,1,23,1,1,No,0,0,0,0,0,0,Two year,0,Mailed check,25.1,611.45,0,26.58,0,0.02255102,Low
8189-HBVRW,1,0,0,0,4,1,1,Fiber optic,1,0,0,0,0,0,Month-to-month,1,Electronic check,80.15,319.85,0,79.96,1,0.81860435,High
4163-KIUHY,0,0,1,1,6,1,1,No,0,0,0,0,0,0,Two year,0,Mailed check,25.4,153.3,0,25.55,0,0.058652222,Low
3500-NSDOA,1,1,1,0,67,1,1,Fiber optic,1,1,1,1,0,1,One year,1,Credit card (automatic),105.4,7035.6,0,105.01,5,0.44147277,Medium
1171-TYKUR,0,1,0,1,7,1,0,DSL,0,0,0,0,0,0,Month-to-month,1,Mailed check,45.75,344.2,0,49.17,0,0.30842334,Medium
3761-FLYZI,0,0,1,0,56,1,1,No,0,0,0,0,0,0,One year,1,Mailed check,24.45,1431.65,0,25.57,0,0.11860134,Low
1219-NNDDO,1,0,1,0,72,1,1,No,0,0,0,0,0,0,Two year,0,Credit card (automatic),25.0,1849.2,0,25.68,0,0.023746135,Low
8388-DMKAE,0,0,1,0,72,1,1,DSL,1,1,1,0,1,1,Two year,1,Electronic check,85.25,6083.1,0,84.49,5,0.05904648,Low
4403-BWPAY,0,0,1,1,23,1,0,No,0,0,0,0,0,0,Two year,0,Credit card (automatic),19.6,426.65,0,18.55,0,0.013186065,Low
9659-QEQSY,1,0,0,1,35,1,1,DSL,0,0,0,0,0,0,Month-to-month,0,Mailed check,50.15,1655.35,0,47.3,0,0.10427444,Low
5405-ZMYXQ,0,1,1,0,27,1,0,Fiber optic,0,0,0,0,0,0,Month-to-month,1,Electronic check,70.55,1943.9,0,72.0,0,0.7116048,High
1442-OKRJE,0,0,1,0,12,1,1,No,0,0,0,0,0,0,One year,0,Mailed check,26.4,314.95,0,26.25,0,0.13989313,Low
4737-AQCPU,1,0,0,0,40,1,0,No,0,0,0,0,0,0,Two year,0,Mailed check,20.15,804.85,0,20.12,0,0.038817268,Low
2808-CHTDM,0,0,1,1,7,0,0,DSL,1,1,1,0,1,1,Month-to-month,0,Mailed check,58.85,465.7,0,66.53,5,0.3089256,Medium
0793-TWELN,0,0,1,1,70,1,1,Fiber optic,1,1,0,0,1,0,Month-to-month,1,Credit card (automatic),97.55,6669.05,0,95.27,3,0.08873905,Low
3283-WCWXT,0,0,1,1,60,1,0,No,0,0,0,0,0,0,Two year,0,Credit card (automatic),19.65,1161.75,0,19.36,0,0.010567357,Low
1060-ENTOF,0,0,1,0,39,0,0,DSL,0,0,0,0,0,0,One year,1,Credit card (automatic),25.25,947.75,0,24.3,0,0.27386177,Low
0999-QXNSA,0,0,1,0,72,1,1,Fiber optic,1,1,1,1,1,1,Two year,0,Credit card (automatic),114.45,8375.05,0,116.32,6,0.10210318,Low
5451-MHQOF,0,0,1,0,54,1,1,DSL,0,1,0,1,1,0,One year,1,Electronic check,70.7,3770.0,0,69.81,3,0.29040685,Low
4836-WNFNO,1,0,1,0,63,1,0,DSL,1,1,1,1,1,0,Two year,0,Credit card (automatic),75.55,4707.85,0,74.73,5,0.041473266,Low
9225-BZLNZ,0,0,1,1,71,1,1,Fiber optic,0,1,0,1,0,0,Two year,1,Electronic check,84.8,6152.4,0,86.65,2,0.014917241,Low
0354-VXMJC,1,0,0,0,42,1,0,No,0,0,0,0,0,0,One year,1,Mailed check,20.65,958.1,0,22.81,0,0.09385525,Low
4422-QVIJA,0,0,0,0,47,1,0,No,0,0,0,0,0,0,Two year,0,Bank transfer (automatic),20.45,943.0,0,20.06,0,0.04019253,Low
9365-SRSZE,0,0,0,0,11,0,0,DSL,0,1,0,1,0,0,Month-to-month,1,Electronic check,35.65,425.1,0,38.65,2,0.62045,High
8332-OSJDW,1,1,1,0,55,1,1,Fiber optic,0,1,1,1,0,0,Month-to-month,0,Electronic check,90.45,5044.8,0,91.72,3,0.4878533,Medium
4735-BJKOU,0,0,0,0,69,1,1,Fiber optic,0,1,1,1,1,0,Two year,1,Credit card (automatic),97.65,6743.55,0,97.73,4,0.1918485,Low
0274-JKUJR,1,1,0,0,3,1,0,Fiber optic,0,0,1,0,0,0,Month-to-month,0,Electronic check,73.85,196.4,0,65.47,1,0.8236678,High
5740-YHGTW,0,1,0,0,30,1,1,DSL,0,0,1,1,1,0,Two year,1,Credit card (automatic),69.1,2093.9,0,69.8,3,0.096030846,Low
8917-SZTTJ,1,0,0,0,5,1,1,Fiber optic,0,0,1,1,0,0,Month-to-month,1,Electronic check,82.75,417.75,0,83.55,2,0.86478233,High
1696-MZVAU,1,0,1,0,71,1,1,No,0,0,0,0,0,0,Two year,1,Credit card (automatic),24.4,1725.4,0,24.3,0,0.031503018,Low
7359-WWYJV,1,0,0,0,29,1,1,DSL,0,1,0,0,0,0,One year,1,Electronic check,55.25,1620.2,0,55.87,1,0.2710261,Low
4906-ZHGPK,0,0,1,0,52,1,1,DSL,0,1,0,1,0,0,Month-to-month,0,Bank transfer (automatic),61.35,3169.55,0,60.95,2,0.32811704,Medium
3795-GWTRD,0,0,0,0,68,1,1,DSL,1,1,1,0,0,1,One year,0,Credit card (automatic),76.75,5233.25,0,76.96,4,0.12776624,Low
1298-PHBTI,1,0,1,1,46,1,0,No,0,0,0,0,0,0,Two year,0,Mailed check,19.4,967.85,0,21.04,0,0.017474622,Low
6223-DHJGV,0,0,0,0,8,1,0,DSL,0,0,0,0,0,1,Month-to-month,1,Credit card (automatic),54.75,438.05,0,54.76,1,0.51062346,Medium
6961-MJKBO,0,0,1,0,72,1,0,No,0,0,0,0,0,0,Two year,0,Credit card (automatic),19.7,1421.9,0,19.75,0,0.022049274,Low
8158-WPEZG,1,0,0,0,17,1,0,No,0,0,0,0,0,0,One year,0,Bank transfer (automatic),19.9,323.15,0,19.01,0,0.05320602,Low
4918-FYJNT,0,0,0,0,3,1,0,Fiber optic,0,1,1,1,1,1,Month-to-month,1,Electronic check,107.95,318.6,0,106.2,5,0.89157885,High
0727-BNRLG,1,1,0,0,2,1,0,Fiber optic,0,1,0,0,1,0,Month-to-month,1,Bank transfer (automatic),83.8,163.7,0,81.85,2,0.8675643,High
4854-CIDCF,1,0,0,0,51,0,0,DSL,0,1,1,0,1,1,One year,1,Credit card (automatic),56.4,2928.5,0,57.42,4,0.3224594,Medium
3280-MRDOF,1,0,1,1,6,1,0,No,0,0,0,0,0,0,Two year,0,Mailed check,20.1,100.35,0,16.72,0,0.02743005,Low
6435-SRWBJ,1,0,1,0,3,1,1,Fiber optic,0,0,0,0,1,1,Month-to-month,0,Electronic check,94.9,273.2,0,91.07,2,0.90491605,High
9964-WBQDJ,1,1,0,0,17,1,1,Fiber optic,0,0,0,0,1,1,Month-to-month,1,Electronic check,94.2,1608.15,0,94.6,2,0.85341847,High
6303-KFWSL,0,0,1,0,30,1,1,DSL,0,0,0,0,0,0,Month-to-month,0,Electronic check,49.9,1441.95,0,48.07,0,0.4601903,Medium
1702-CCFNJ,0,0,0,0,31,1,1,DSL,0,1,0,1,1,0,Month-to-month,1,Electronic check,71.05,2168.15,0,69.94,3,0.4823528,Medium
8932-CZHRQ,1,0,0,0,45,1,0,DSL,1,0,1,1,1,1,Two year,0,Bank transfer (automatic),81.65,3618.7,0,80.42,5,0.061469853,Low
0386-CWRGM,0,0,1,0,64,1,1,Fiber optic,1,1,1,0,0,0,One year,0,Bank transfer (automatic),89.45,5692.65,0,88.95,3,0.20269753,Low
5515-RUGKN,0,1,1,1,61,1,1,Fiber optic,0,1,0,0,1,1,One year,0,Electronic check,99.0,5969.3,0,97.86,3,0.0546518,Low
0404-AHASP,0,0,0,0,1,1,0,No,0,0,0,0,0,0,Month-to-month,0,Mailed check,19.05,19.05,0,19.05,0,0.50017333,Medium
7279-NMVJC,0,0,1,1,72,1,1,Fiber optic,1,1,1,1,1,1,Two year,0,Bank transfer (automatic),114.45,8100.55,0,112.51,6,0.016768627,Low
2081-VEYEH,1,0,1,0,7,1,0,DSL,0,0,0,0,0,0,Month-to-month,1,Mailed check,44.25,313.45,0,44.78,0,0.54781085,Medium
6407-UTSLV,1,0,1,0,66,1,1,Fiber optic,0,1,1,1,0,0,One year,1,Bank transfer (automatic),90.55,6130.95,0,92.89,3,0.23528108,Low
9060-HJJRW,0,0,1,1,40,1,0,No,0,0,0,0,0,0,Month-to-month,1,Bank transfer (automatic),20.4,745.3,0,18.63,0,0.049294364,Low
2587-YNLES,0,0,0,0,16,1,1,DSL,0,1,1,0,0,1,Month-to-month,1,Bank transfer (automatic),71.4,1212.1,0,75.76,3,0.51686066,Medium
7398-SKNQZ,0,0,1,0,67,1,1,No,0,0,0,0,0,0,Two year,0,Credit card (automatic),24.85,1583.5,0,23.63,0,0.040272385,Low
5935-FCCNB,1,0,1,0,41,1,0,Fiber optic,1,1,1,0,1,1,One year,1,Bank transfer (automatic),104.45,4162.05,0,101.51,5,0.56090444,Medium
1958-RNRKS,1,0,1,1,56,1,0,No,0,0,0,0,0,0,Two year,1,Credit card (automatic),19.8,1119.9,0,20.0,0,0.01511849,Low
5136-RGMZO,1,0,0,0,72,1,1,Fiber optic,1,1,1,1,1,1,Two year,1,Bank transfer (automatic),116.45,8013.55,0,111.3,6,0.08135719,Low
8345-MVDYC,1,0,1,0,54,1,0,No,0,0,0,0,0,0,Two year,0,Credit card (automatic),20.05,1102.4,0,20.41,0,0.042918213,Low
8226-BXGES,0,1,0,0,52,1,1,Fiber optic,0,1,1,1,1,1,Month-to-month,1,Electronic check,110.75,5832.0,0,112.15,5,0.7100094,High
9705-IOVQQ,1,0,0,0,50,1,0,Fiber optic,0,0,1,1,0,1,Two year,1,Bank transfer (automatic),89.7,4304.5,0,86.09,3,0.13316953,Low
1015-OWJKI,0,0,1,0,27,1,0,DSL,1,0,0,0,0,0,One year,0,Credit card (automatic),48.7,1421.75,0,52.66,1,0.13138597,Low
2040-XBAVJ,1,1,1,0,72,1,1,Fiber optic,1,1,1,1,0,0,Two year,1,Bank transfer (automatic),96.6,6827.5,0,94.83,4,0.050826944,Low
8887-IPQNC,0,0,0,0,62,1,0,DSL,1,1,0,0,1,1,One year,1,Credit card (automatic),74.3,4698.05,0,75.78,4,0.15797023,Low
8646-JCOMS,1,0,0,0,12,1,0,DSL,0,1,0,1,0,0,Month-to-month,1,Electronic check,54.3,654.5,0,54.54,2,0.53792536,Medium
1222-KJNZD,1,1,0,0,44,1,0,DSL,0,0,1,1,1,1,One year,0,Bank transfer (automatic),74.85,3268.05,0,74.27,4,0.19765046,Low
0106-GHRQR,0,0,1,1,54,1,0,Fiber optic,0,1,0,1,0,0,Two year,1,Bank transfer (automatic),79.95,4362.05,0,80.78,2,0.019388346,Low
3768-VHXQO,1,0,0,0,68,1,0,No,0,0,0,0,0,0,Two year,0,Bank transfer (automatic),20.05,1386.9,0,20.4,0,0.027117126,Low
8952-WCVCD,0,0,0,0,20,1,0,No,0,0,0,0,0,0,Month-to-month,0,Mailed check,19.4,415.4,0,20.77,0,0.18225096,Low
2418-TPEUN,0,0,1,0,50,1,1,DSL,0,0,1,0,0,0,One year,0,Bank transfer (automatic),54.9,2614.1,0,52.28,1,0.19317473,Low
3963-RYFNS,0,0,0,0,58,1,1,No,0,0,0,0,0,0,Two year,1,Credit card (automatic),24.45,1513.6,0,26.1,0,0.043535735,Low
8540-ZQGEA,0,0,1,1,35,1,1,Fiber optic,0,1,0,0,1,0,Month-to-month,1,Bank transfer (automatic),89.65,3161.6,0,90.33,2,0.15228695,Low
1320-REHCS,1,0,0,0,2,1,0,DSL,0,0,0,0,0,0,Month-to-month,1,Electronic check,45.4,80.95,0,40.48,0,0.83015555,High
4137-JOPHL,0,0,1,0,63,1,1,DSL,1,0,1,1,0,1,Two year,0,Mailed check,75.7,4676.7,0,74.23,4,0.048192132,Low
7801-CEDNV,1,0,1,0,58,1,1,Fiber optic,1,1,1,0,1,1,One year,1,Credit card (automatic),110.65,6526.65,0,112.53,5,0.5423891,Medium
2057-BOYKM,1,0,1,0,27,1,0,No,0,0,0,0,0,0,One year,1,Mailed check,20.55,583.3,0,21.6,0,0.10555597,Low
3658-QQJYD,1,0,1,0,71,1,1,Fiber optic,1,1,1,1,1,1,Two year,1,Credit card (automatic),115.15,8078.1,0,113.78,6,0.12251529,Low
1803-BGNBD,1,0,0,0,63,1,0,DSL,0,0,1,0,0,1,One year,0,Credit card (automatic),58.55,3503.5,0,55.61,2,0.10332384,Low
0134-XWXCE,0,0,1,0,71,1,1,Fiber optic,0,1,1,0,0,1,Month-to-month,1,Bank transfer (automatic),93.25,6669.45,0,93.94,3,0.40227428,Medium
6950-TWMYB,1,0,1,1,68,1,0,No,0,0,0,0,0,0,Two year,1,Bank transfer (automatic),19.35,1292.65,0,19.01,0,0.010944654,Low
5848-FHRFC,0,0,1,1,1,1,0,DSL,1,0,0,0,0,0,Month-to-month,1,Mailed check,48.75,48.75,0,48.75,1,0.6015367,High
2243-FNMMI,0,1,0,0,65,1,1,Fiber optic,1,0,1,1,1,1,Two year,1,Electronic check,109.05,7108.2,0,109.36,5,0.42028484,Medium
2511-MORQY,0,1,1,0,72,1,1,No,0,0,0,0,0,0,Two year,1,Bank transfer (automatic),25.0,1802.55,0,25.04,0,0.028324934,Low
5356-KZCKT,1,0,0,0,28,1,1,DSL,0,0,0,1,0,0,Month-to-month,1,Credit card (automatic),54.9,1505.15,0,53.76,1,0.3491037,Medium
9470-XCCEM,0,0,1,1,72,1,1,No,0,0,0,0,0,0,Two year,0,Credit card (automatic),24.75,1859.1,0,25.82,0,0.006881183,Low
6519-CFDBX,1,0,0,0,2,1,0,Fiber optic,1,1,0,0,1,0,Month-to-month,1,Electronic check,91.15,168.5,0,84.25,3,0.8343598,High
3902-MIVLE,0,1,1,0,60,1,1,Fiber optic,0,1,1,0,1,1,One year,1,Electronic check,104.35,6339.45,0,105.66,4,0.6919399,High
0409-WTMPL,1,1,0,0,26,1,1,DSL,0,0,0,1,0,1,Month-to-month,1,Electronic check,66.05,1652.4,0,63.55,2,0.48341274,Medium
8763-KIAFH,0,0,1,0,68,1,1,DSL,1,1,1,1,1,1,Two year,1,Credit card (automatic),92.2,6392.85,0,94.01,6,0.07739266,Low
3669-WHAFY,1,1,1,0,42,1,1,Fiber optic,1,0,1,0,1,1,One year,1,Bank transfer (automatic),105.2,4599.15,0,109.5,4,0.6369949,High
3055-VTCGS,1,0,1,0,57,1,0,No,0,0,0,0,0,0,Two year,1,Bank transfer (automatic),19.6,1134.25,0,19.9,0,0.066924855,Low
3144-KMTWZ,0,0,1,0,54,0,0,DSL,0,1,0,0,0,0,Month-to-month,0,Electronic check,30.4,1621.35,0,30.02,1,0.4692265,Medium
2007-QVGAW,1,0,1,0,44,1,0,DSL,1,1,1,0,0,0,One year,1,Mailed check,61.5,2722.2,0,61.87,3,0.18393987,Low
5207-PLSTK,0,0,1,1,42,1,1,DSL,1,1,0,0,1,0,Month-to-month,1,Bank transfer (automatic),69.4,3058.3,0,72.82,3,0.09752214,Low
2307-FYNNL,0,0,1,1,72,1,1,No,0,0,0,0,0,0,Two year,0,Bank transfer (automatic),24.75,1769.6,0,24.58,0,0.007227979,Low
5605-XNWEN,1,0,1,0,71,1,1,DSL,1,1,1,1,1,1,Two year,0,Mailed check,91.05,6293.75,0,88.64,6,0.035437256,Low
2155-AMQRX,1,0,1,0,23,1,1,DSL,0,0,0,1,1,1,Month-to-month,1,Credit card (automatic),73.65,1642.75,0,71.42,3,0.46597552,Medium
6181-AXXYF,1,0,0,0,30,1,0,No,0,0,0,0,0,0,Two year,0,Credit card (automatic),19.4,578.5,0,19.28,0,0.049414147,Low
5091-HFAZW,0,0,0,0,35,1,1,No,0,0,0,0,0,0,One year,0,Bank transfer (automatic),26.2,954.9,0,27.28,0,0.09956425,Low
2519-LBNQL,0,0,0,0,1,1,0,DSL,0,0,0,0,0,0,Month-to-month,1,Bank transfer (automatic),43.85,43.85,0,43.85,0,0.81502664,High
8623-ULFNQ,0,0,0,0,22,1,0,Fiber optic,0,0,0,0,0,0,Month-to-month,1,Mailed check,69.7,1490.4,0,67.75,0,0.5239297,Medium
1568-LJSZU,0,0,1,0,7,0,0,DSL,1,1,1,0,0,0,Two year,0,Mailed check,38.55,280.0,0,40.0,3,0.15284303,Low
7789-HKSBS,1,0,0,0,36,0,0,DSL,1,1,1,1,0,1,Two year,1,Mailed check,53.1,1901.25,0,52.81,5,0.07121932,Low
7416-CKTEP,1,0,1,1,34,1,0,No,0,0,0,0,0,0,Month-to-month,0,Mailed check,20.65,716.4,0,21.07,0,0.050255705,Low
2586-CWXVV,0,0,1,0,72,1,1,DSL,1,1,1,0,0,0,Two year,0,Credit card (automatic),64.45,4720.0,0,65.56,3,0.03496225,Low
2348-KCJLT,0,0,1,1,36,1,1,No,0,0,0,0,0,0,Two year,0,Credit card (automatic),25.1,930.95,0,25.86,0,0.01879395,Low
8401-EMUWF,1,0,1,1,71,1,1,Fiber optic,1,1,1,1,0,0,One year,1,Credit card (automatic),95.15,6770.85,0,95.36,4,0.016788915,Low
4193-IBKSW,1,1,0,0,23,1,1,Fiber optic,0,0,1,0,0,0,Month-to-month,1,Mailed check,79.35,1835.3,0,79.8,1,0.61846423,High
5377-NDTOU,0,0,1,0,17,1,0,Fiber optic,0,0,1,0,1,1,One year,1,Bank transfer (automatic),96.65,1588.25,0,93.43,3,0.62349087,High
2474-LCNUE,0,0,0,0,1,1,0,DSL,0,0,1,1,1,1,Month-to-month,1,Electronic check,75.5,75.5,0,75.5,4,0.83650297,High
0839-QNXME,0,0,1,1,12,1,0,No,0,0,0,0,0,0,Two year,0,Mailed check,19.7,258.35,0,21.53,0,0.03204703,Low
3506-OVLKD,1,0,1,0,72,1,0,No,0,0,0,0,0,0,Two year,0,Credit card (automatic),20.5,1502.25,0,20.86,0,0.019204184,Low
6650-VJONK,0,0,0,0,1,1,0,No,0,0,0,0,0,0,Month-to-month,0,Mailed check,19.2,19.2,0,19.2,0,0.56108433,Medium
2178-PMGCJ,0,1,1,0,72,1,1,Fiber optic,0,1,0,0,1,1,Two year,0,Bank transfer (automatic),98.35,6929.4,0,96.24,3,0.13291244,Low
7492-TAFJD,0,0,1,1,60,1,1,Fiber optic,0,0,0,0,0,0,Month-to-month,0,Bank transfer (automatic),74.35,4453.3,0,74.22,0,0.05771274,Low
2773-MADBQ,1,0,1,0,61,0,0,DSL,0,1,1,1,1,0,Two year,0,Credit card (automatic),51.35,3244.4,0,53.19,4,0.08184768,Low
6016-LVTJQ,1,0,1,0,6,1,0,DSL,0,0,0,0,0,0,Month-to-month,0,Mailed check,45.65,323.45,0,53.91,0,0.46415067,Medium
7860-KSUGX,0,0,1,1,72,1,0,No,0,0,0,0,0,0,Two year,0,Bank transfer (automatic),20.3,1401.15,0,19.46,0,0.006283021,Low
8966-KZXXA,1,0,0,0,32,1,1,DSL,0,1,0,0,0,0,Month-to-month,1,Electronic check,54.2,1739.6,0,54.36,1,0.4848524,Medium
5149-QYTTU,0,0,1,0,65,1,1,Fiber optic,0,1,0,0,0,1,Month-to-month,1,Electronic check,90.65,5931.0,0,91.25,2,0.62142736,High
2070-XYMFH,1,0,1,1,45,0,0,DSL,1,0,0,0,1,1,Month-to-month,1,Bank transfer (automatic),50.9,2333.85,0,51.86,3,0.14985621,Low
2085-BOJKI,0,0,0,0,42,1,1,No,0,0,0,0,0,0,One year,0,Electronic check,25.05,949.85,0,22.62,0,0.13686743,Low
0817-HSUSE,0,0,0,0,8,1,1,Fiber optic,0,0,0,0,0,0,Month-to-month,1,Electronic check,74.85,572.45,0,71.56,0,0.8453157,High
5442-PPTJY,0,0,0,1,32,1,0,No,0,0,0,0,0,0,Two year,0,Mailed check,20.5,696.8,0,21.78,0,0.016961496,Low
1927-QEWMY,1,1,1,0,22,1,1,DSL,1,1,0,1,0,0,Month-to-month,1,Mailed check,63.55,1381.8,0,62.81,3,0.32509473,Medium
1663-MHLHE,0,0,0,0,1,1,0,DSL,1,0,0,0,0,0,Month-to-month,0,Electronic check,47.95,47.95,0,47.95,1,0.76673263,High
5663-QBGIS,1,0,1,0,1,1,0,DSL,0,0,0,0,0,0,Month-to-month,1,Electronic check,45.0,45.0,0,45.0,0,0.87836426,High
4450-MDZFX,0,1,0,0,54,1,1,Fiber optic,0,1,0,0,0,1,Month-to-month,1,Electronic check,90.05,4931.8,0,91.33,2,0.66800547,High
6701-DHKWQ,1,0,0,0,4,1,1,No,0,0,0,0,0,0,Two year,1,Credit card (automatic),25.3,116.95,0,29.24,0,0.16228397,Low
7554-AKDQF,1,0,1,0,56,1,1,No,0,0,0,0,0,0,One year,0,Electronic check,24.3,1261.7,0,22.53,0,0.14022374,Low
0794-YVSGE,0,0,0,0,45,1,0,DSL,1,0,1,0,1,1,Month-to-month,1,Electronic check,75.95,3273.8,0,72.75,4,0.5249077,Medium
5423-BHIXO,1,0,1,1,71,1,0,No,0,0,0,0,0,0,Two year,0,Credit card (automatic),19.7,1415.85,0,19.94,0,0.00792512,Low
6908-VVYHM,0,0,1,0,59,1,0,DSL,1,1,1,0,1,0,One year,0,Credit card (automatic),66.4,3958.2,0,67.09,4,0.12277007,Low
2959-EEXWB,0,0,0,0,69,0,0,DSL,0,1,1,0,0,0,One year,1,Bank transfer (automatic),35.75,2492.25,0,36.12,2,0.2296588,Low
1839-UMACK,0,0,0,0,19,1,0,No,0,0,0,0,0,0,One year,0,Mailed check,18.8,279.2,0,14.69,0,0.056342162,Low
3030-YDNRM,1,0,1,1,55,1,0,No,0,0,0,0,0,0,Two year,0,Credit card (automatic),19.4,1083.0,0,19.69,0,0.015574089,Low
7321-KKSDU,1,0,0,0,38,1,0,No,0,0,0,0,0,0,One year,0,Mailed check,19.3,755.5,0,19.88,0,0.07978835,Low
3402-XRIUO,1,1,1,0,47,1,1,DSL,1,1,1,0,0,0,Month-to-month,1,Credit card (automatic),67.45,3252.0,0,69.19,3,0.40861174,Medium
8286-AFUYI,0,0,1,1,46,1,0,No,0,0,0,0,0,0,Two year,1,Mailed check,20.1,936.85,0,20.37,0,0.014038466,Low
8356-WUAOJ,1,0,1,0,65,1,0,DSL,1,0,1,1,0,0,Two year,0,Credit card (automatic),58.9,3857.1,0,59.34,3,0.052412227,Low
8058-DMYRU,0,0,1,1,71,1,0,No,0,0,0,0,0,0,Two year,0,Mailed check,19.45,1378.45,0,19.41,0,0.008090948,Low
9350-ZXYJC,1,1,0,0,52,0,0,DSL,0,1,1,1,1,0,Month-to-month,1,Electronic check,50.5,2566.3,0,49.35,4,0.4936099,Medium
8958-JPTRR,0,0,1,0,6,1,1,No,0,0,0,0,0,0,One year,0,Mailed check,25.1,171.0,0,28.5,0,0.16720323,Low
6959-GQEGV,1,1,1,0,26,1,0,DSL,0,0,1,0,0,1,One year,0,Mailed check,60.7,1597.4,0,61.44,2,0.18861514,Low
3173-WSSUE,0,1,0,0,48,1,1,Fiber optic,0,1,0,0,1,1,One year,1,Electronic check,99.0,4744.35,0,98.84,3,0.62296104,High
1265-HVPZB,1,0,1,1,64,1,1,Fiber optic,1,0,0,1,1,1,One year,1,Bank transfer (automatic),104.4,6721.6,0,105.02,4,0.06745215,Low
4115-UMJFQ,0,0,0,0,1,1,0,DSL,0,0,0,0,0,0,Month-to-month,1,Bank transfer (automatic),44.05,44.05,0,44.05,0,0.8102002,High
7369-TRPFD,0,0,1,1,72,1,1,No,0,0,0,0,0,0,Two year,0,Credit card (automatic),24.1,1734.65,0,24.09,0,0.006725225,Low
1098-KFQEC,0,0,0,0,1,1,0,DSL,0,0,0,0,0,0,Month-to-month,1,Mailed check,45.55,45.55,0,45.55,0,0.8141864,High
7190-XHTWJ,1,0,1,1,51,1,1,Fiber optic,1,1,0,0,0,1,Month-to-month,1,Electronic check,93.8,4539.35,0,89.01,3,0.11669609,Low
3537-RYBHH,1,0,1,1,41,1,0,No,0,0,0,0,0,0,Two year,0,Bank transfer (automatic),19.7,804.25,0,19.62,0,0.019652555,Low
5296-BFCYD,1,0,1,0,72,1,0,DSL,1,1,1,0,1,0,Two year,1,Credit card (automatic),70.65,5011.15,0,69.6,4,0.035454657,Low
9359-JANWS,1,0,1,0,43,1,1,DSL,1,1,0,1,1,1,Two year,0,Credit card (automatic),86.45,3574.5,0,83.13,5,0.07261068,Low
3279-DYZQM,0,0,1,0,72,1,1,Fiber optic,1,1,1,1,1,1,Two year,1,Credit card (automatic),114.1,8086.4,0,112.31,6,0.10263968,Low
0523-VNGTF,0,0,1,0,47,1,1,Fiber optic,0,0,0,0,1,1,One year,1,Credit card (automatic),95.2,4563.0,0,97.09,2,0.5237375,Medium
9575-IWCAZ,0,0,0,0,72,1,1,DSL,1,1,1,1,1,1,Two year,0,Credit card (automatic),88.55,6362.35,0,88.37,6,0.029385448,Low
7105-MXJLL,0,0,0,0,3,1,0,No,0,0,0,0,0,0,Month-to-month,1,Credit card (automatic),20.75,67.1,0,22.37,0,0.3747868,Medium
7064-FRRSW,0,0,0,0,26,0,0,DSL,1,1,0,0,0,1,Month-to-month,1,Bank transfer (automatic),44.65,1156.55,0,44.48,3,0.44799232,Medium
7940-UQQUG,0,0,1,1,29,1,0,DSL,1,0,0,0,0,1,Month-to-month,1,Mailed check,60.2,1834.15,0,63.25,2,0.092227116,Low
3961-SXAXY,0,0,0,0,27,1,0,DSL,1,1,0,0,0,0,One year,0,Bank transfer (automatic),55.45,1477.65,0,54.73,2,0.104411244,Low
7010-BRBUU,0,0,1,1,24,1,0,DSL,1,1,0,1,0,1,Month-to-month,1,Credit card (automatic),70.3,1706.45,0,71.1,4,0.08486684,Low
3566-HJGPK,0,0,1,0,67,1,0,DSL,1,0,1,1,0,0,Two year,1,Bank transfer (automatic),60.4,3953.7,0,59.01,3,0.057260644,Low
3062-ICYZQ,1,0,0,0,23,1,0,DSL,0,1,1,0,0,0,One year,0,Bank transfer (automatic),55.8,1327.85,0,57.73,2,0.11702698,Low
9938-PRCVK,0,0,0,0,14,0,0,DSL,0,1,0,0,0,0,Month-to-month,1,Mailed check,31.1,419.7,0,29.98,1,0.55008125,Medium
0973-KYVNF,0,1,0,0,4,0,0,DSL,0,1,0,0,1,1,Month-to-month,1,Credit card (automatic),50.95,207.35,0,51.84,3,0.7617836,High
5129-HHMZC,0,0,0,1,16,1,1,DSL,1,1,0,0,0,1,Month-to-month,1,Electronic check,69.1,1083.7,0,67.73,3,0.31566206,Medium
9637-CDTKZ,1,0,1,0,46,0,0,DSL,0,0,0,0,1,1,Month-to-month,1,Electronic check,43.95,2007.85,0,43.65,2,0.6993504,High
3946-JEWRQ,0,0,0,0,68,1,1,DSL,1,1,0,1,1,1,Two year,1,Bank transfer (automatic),86.5,5882.75,0,86.51,5,0.05514883,Low
7873-CVMAW,0,0,0,0,38,1,1,DSL,1,1,1,1,0,0,Month-to-month,0,Electronic check,69.95,2657.55,0,69.94,4,0.3314849,Medium
0463-WZZKO,0,0,0,0,17,1,0,Fiber optic,0,1,1,0,0,1,Month-to-month,1,Credit card (automatic),90.95,1612.2,0,94.84,3,0.6600722,High
4524-QCSSM,0,0,1,1,4,1,0,No,0,0,0,0,0,0,Two year,0,Mailed check,19.9,76.65,0,19.16,0,0.048197325,Low
5832-EXGTT,1,0,0,0,12,1,0,No,0,0,0,0,0,0,One year,0,Electronic check,20.15,260.7,0,21.72,0,0.11510716,Low
2039-JONDJ,0,0,1,0,72,1,1,DSL,1,1,1,1,1,1,Two year,1,Credit card (automatic),90.6,6441.85,0,89.47,6,0.032563824,Low
7217-JYHOQ,0,0,0,0,3,1,0,Fiber optic,0,0,0,0,1,1,Month-to-month,1,Electronic check,92.0,266.8,0,88.93,2,0.89528257,High
6695-FRVEC,1,0,0,0,41,1,1,No,0,0,0,0,0,0,One year,1,Mailed check,24.85,962.25,0,23.47,0,0.12700671,Low
9894-QMIMJ,0,0,0,0,40,0,0,DSL,0,1,0,1,0,0,One year,0,Credit card (automatic),36.0,1382.9,0,34.57,2,0.15781066,Low
8069-YQQAJ,1,0,0,0,7,1,0,DSL,1,1,0,1,1,1,Month-to-month,1,Electronic check,78.5,571.05,0,81.58,5,0.5338919,Medium
1636-NTNCO,0,0,0,0,69,1,0,No,0,0,0,0,0,0,Two year,0,Credit card (automatic),19.95,1399.35,0,20.28,0,0.025332771,Low
3466-WAESX,0,0,1,0,7,1,0,No,0,0,0,0,0,0,One year,0,Mailed check,20.65,150.0,0,21.43,0,0.11784162,Low
9281-PKKZE,1,0,1,1,5,0,0,DSL,0,1,0,0,0,0,Month-to-month,1,Electronic check,30.5,167.2,0,33.44,1,0.6313765,High
3638-VBZTA,1,0,1,1,72,1,1,Fiber optic,1,1,1,1,1,0,Two year,0,Credit card (automatic),106.1,7657.4,0,106.35,5,0.024040539,Low
7459-IMVYU,0,0,1,0,44,1,0,No,0,0,0,0,0,0,One year,1,Bank transfer (automatic),20.5,865.05,0,19.66,0,0.12105056,Low
8563-OYMQY,1,0,0,0,65,1,1,Fiber optic,0,1,1,0,1,0,One year,1,Electronic check,95.5,6153.85,0,94.67,3,0.41955924,Medium
0754-EEBDC,1,0,0,0,3,1,1,DSL,0,0,0,1,1,0,Month-to-month,0,Electronic check,64.6,174.2,0,58.07,2,0.69515604,High
5777-ZPQNC,0,0,0,0,24,1,0,DSL,0,0,0,1,0,0,Month-to-month,1,Credit card (automatic),51.1,1269.6,0,52.9,1,0.31594735,Medium
1951-IEYXM,1,1,1,0,72,1,1,DSL,1,1,1,1,1,1,Two year,0,Credit card (automatic),89.1,6352.4,0,88.23,6,0.032890644,Low
3318-NMQXL,0,0,0,0,24,1,0,DSL,1,0,0,1,0,0,Month-to-month,0,Electronic check,54.95,1348.5,0,56.19,2,0.31377426,Medium
1022-RKXDR,0,0,1,0,22,1,0,No,0,0,0,0,0,0,Month-to-month,1,Bank transfer (automatic),20.45,471.55,0,21.43,0,0.23484913,Low
2361-FJWNO,0,0,1,0,70,1,1,DSL,0,1,1,1,1,1,Two year,1,Credit card (automatic),85.95,5931.75,0,84.74,5,0.07507658,Low
2272-UOINI,0,0,1,1,25,1,1,DSL,0,0,0,0,1,0,Month-to-month,0,Electronic check,60.35,1404.65,0,56.19,1,0.13963954,Low
8232-UTFOZ,0,0,1,1,37,1,0,No,0,0,0,0,0,0,Two year,0,Bank transfer (automatic),19.8,726.1,0,19.62,0,0.019809075,Low
3750-YHRYO,1,1,1,1,22,1,1,Fiber optic,0,0,0,0,1,0,Month-to-month,0,Bank transfer (automatic),85.35,1961.6,0,89.16,1,0.18450877,Low
6637-KYRCV,1,0,1,0,59,1,1,DSL,0,0,1,1,1,0,Two year,1,Bank transfer (automatic),72.1,4194.85,0,71.1,3,0.08453036,Low
5668-MEISB,0,0,1,1,1,1,0,Fiber optic,0,0,0,0,0,1,Month-to-month,1,Electronic check,81.05,81.05,0,81.05,1,0.7626488,High
0129-QMPDR,0,0,0,0,3,1,0,No,0,0,0,0,0,0,Month-to-month,1,Electronic check,20.5,76.95,0,25.65,0,0.49835414,Medium
7188-CBBBA,1,0,1,0,53,1,1,Fiber optic,0,1,1,1,1,1,One year,1,Bank transfer (automatic),111.8,5809.75,0,109.62,5,0.5665374,Medium
5356-CSVSQ,0,0,0,0,20,1,0,No,0,0,0,0,0,0,One year,1,Mailed check,19.7,415.9,0,20.8,0,0.0937614,Low
3221-CJMSG,1,0,0,0,51,1,0,No,0,0,0,0,0,0,One year,1,Bank transfer (automatic),19.85,996.95,0,19.55,0,0.110684745,Low
3219-JQRSL,1,0,1,0,51,1,0,DSL,1,1,0,1,0,0,One year,1,Bank transfer (automatic),60.5,3145.15,0,61.67,3,0.17672832,Low
2801-NISEI,1,0,1,1,13,1,0,No,0,0,0,0,0,0,Two year,0,Mailed check,19.55,265.3,0,20.41,0,0.03381275,Low
4623-ZKHLY,1,0,0,0,1,1,0,No,0,0,0,0,0,0,Month-to-month,0,Mailed check,20.9,20.9,0,20.9,0,0.55032694,Medium
6732-VAILE,0,0,0,1,1,1,0,No,0,0,0,0,0,0,Month-to-month,1,Mailed check,21.05,21.05,0,21.05,0,0.47560847,Medium
8201-AAXCB,0,0,0,0,63,1,1,DSL,1,1,1,1,0,0,One year,0,Electronic check,71.5,4576.3,0,72.64,4,0.1077182,Low
7696-CFTAT,0,0,0,0,3,1,0,DSL,0,0,0,0,0,1,Month-to-month,0,Mailed check,54.65,189.1,0,63.03,1,0.62159634,High
1845-CSBRZ,0,0,0,0,46,1,0,No,0,0,0,0,0,0,Two year,0,Credit card (automatic),19.2,908.15,0,19.74,0,0.043734815,Low
2123-VSCOT,0,0,0,0,1,1,1,DSL,0,0,0,0,0,0,Month-to-month,1,Credit card (automatic),49.8,49.8,0,49.8,0,0.8139053,High
2018-QKYGT,1,0,1,1,71,1,0,No,0,0,0,0,0,0,Two year,0,Bank transfer (automatic),20.5,1500.95,0,21.14,0,0.0063566067,Low
2792-VPPET,0,0,1,1,55,1,1,Fiber optic,0,0,1,0,1,0,Month-to-month,1,Credit card (automatic),90.4,5099.15,0,92.71,2,0.07760817,Low
7409-JURKQ,1,0,0,0,70,1,1,Fiber optic,0,1,1,1,0,0,One year,1,Bank transfer (automatic),90.25,6385.95,0,91.23,3,0.2186503,Low
3247-MHJKM,0,0,1,1,67,1,1,Fiber optic,1,0,0,1,1,1,Two year,0,Bank transfer (automatic),104.6,6885.75,0,102.77,4,0.056169394,Low
1964-SVLEA,0,0,1,0,14,1,0,DSL,0,0,1,0,0,0,Month-to-month,0,Credit card (automatic),50.2,668.85,0,47.78,1,0.42906195,Medium
7297-DVYGA,1,0,1,1,20,1,1,Fiber optic,0,0,1,1,0,1,Month-to-month,1,Bank transfer (automatic),95.5,1916.2,0,95.81,3,0.2341422,Low
2239-CGBUZ,1,0,1,1,49,1,1,Fiber optic,0,0,0,0,1,1,Month-to-month,1,Bank transfer (automatic),95.4,4613.95,0,94.16,2,0.15042074,Low
0854-UYHZD,1,0,0,0,72,1,1,Fiber optic,1,1,1,0,1,0,Two year,1,Bank transfer (automatic),101.3,7261.25,0,100.85,4,0.07547002,Low
7243-LCGGZ,1,0,1,0,46,1,1,DSL,1,0,0,0,0,0,Month-to-month,0,Electronic check,53.1,2459.8,0,53.47,1,0.45795634,Medium
8267-KFGYD,0,0,0,0,24,1,1,Fiber optic,0,1,1,0,0,0,Month-to-month,1,Bank transfer (automatic),84.85,2048.8,0,85.37,2,0.61647147,High
4890-VMUAV,1,0,1,1,5,0,0,DSL,0,1,0,1,0,0,Month-to-month,0,Electronic check,34.25,163.55,0,32.71,2,0.518143,Medium
9261-WDCAF,1,0,1,1,33,1,1,Fiber optic,0,1,1,1,0,0,Month-to-month,0,Credit card (automatic),88.6,2888.7,0,87.54,3,0.12018728,Low
3764-MNMOI,1,0,0,0,42,1,1,DSL,1,1,0,0,0,0,One year,1,Bank transfer (automatic),60.15,2421.6,0,57.66,2,0.18707101,Low
7442-YGZFK,0,0,0,0,23,1,0,Fiber optic,1,0,1,0,1,1,One year,1,Credit card (automatic),99.95,2292.75,0,99.68,4,0.49123824,Medium
8229-BUJHX,0,0,0,0,8,1,0,Fiber optic,0,0,0,0,0,0,Month-to-month,0,Bank transfer (automatic),70.7,553.4,0,69.18,0,0.67505646,High
7449-HVPIV,0,0,0,0,66,1,0,DSL,1,1,0,0,0,0,One year,1,Mailed check,54.8,3465.7,0,52.51,2,0.099736206,Low
5504-WSIUR,0,1,0,0,24,1,1,DSL,0,1,0,0,0,0,Month-to-month,0,Credit card (automatic),54.8,1291.3,0,53.8,1,0.31141496,Medium
8466-PZBLH,1,0,0,0,53,1,0,Fiber optic,0,1,1,0,1,1,One year,1,Mailed check,100.3,5200.8,0,98.13,4,0.43186617,Medium
8735-IJJEG,1,0,0,0,60,0,0,DSL,1,0,1,0,1,1,Two year,0,Electronic check,53.6,3237.05,0,53.95,4,0.12890545,Low
0564-MUUQK,1,0,0,0,20,1,0,No,0,0,0,0,0,0,One year,1,Credit card (automatic),19.35,433.75,0,21.69,0,0.10175392,Low
0701-RFGFI,1,0,1,1,23,1,1,Fiber optic,0,0,0,0,0,1,Month-to-month,0,Electronic check,85.6,1868.4,0,81.23,1,0.19232188,Low
0019-EFAEP,0,0,1,0,72,1,0,DSL,1,0,1,1,1,1,Two year,1,Electronic check,80.8,5728.55,0,79.56,5,0.04719214,Low
5619-PTMIK,0,0,0,0,21,1,0,No,0,0,0,0,0,0,Two year,0,Mailed check,19.6,390.4,0,18.59,0,0.03159902,Low
3737-XBQDD,0,1,0,0,31,1,1,Fiber optic,0,1,0,0,1,0,Month-to-month,1,Electronic check,90.7,2845.15,0,91.78,2,0.75995135,High
5882-CMAZQ,1,0,0,0,57,1,0,DSL,0,1,1,1,1,0,Two year,0,Mailed check,69.75,3894.4,0,68.32,4,0.04700346,Low
5846-QFDFI,1,0,1,1,45,1,0,No,0,0,0,0,0,0,Two year,1,Bank transfer (automatic),20.0,886.4,0,19.7,0,0.015945334,Low
4445-KWOKW,0,0,0,0,10,1,1,Fiber optic,0,1,1,0,0,1,Month-to-month,1,Electronic check,95.25,1021.55,0,102.16,3,0.87596923,High
3511-APPBJ,0,0,0,1,14,1,0,No,0,0,0,0,0,0,Month-to-month,0,Mailed check,19.95,268.4,0,19.17,0,0.11104583,Low
7967-HYCDE,0,0,1,0,27,1,1,DSL,1,0,0,1,1,1,One year,0,Mailed check,80.85,2204.35,0,81.64,4,0.17094053,Low
2430-RRYUW,1,0,1,1,69,1,1,Fiber optic,0,1,0,1,0,1,Two year,1,Bank transfer (automatic),93.3,6398.05,0,92.73,3,0.02046418,Low
3723-BFBGR,1,0,1,0,35,0,0,DSL,1,0,0,1,1,0,Two year,1,Credit card (automatic),46.35,1662.05,0,47.49,3,0.11711463,Low
5447-WZAFP,0,0,1,0,45,1,1,DSL,0,1,1,0,1,1,One year,0,Credit card (automatic),78.75,3600.65,0,80.01,4,0.20667107,Low
5110-CHOPY,1,0,0,0,17,1,0,Fiber optic,0,1,0,0,1,0,Month-to-month,1,Electronic check,83.55,1329.15,0,78.19,2,0.7669085,High
4425-OWHWB,0,0,0,0,22,1,0,No,0,0,0,0,0,0,One year,0,Mailed check,19.6,422.5,0,19.2,0,0.060631294,Low
7892-QVYKW,0,0,1,0,67,1,0,DSL,1,0,1,1,0,1,Two year,0,Mailed check,67.85,4627.65,0,69.07,4,0.05555938,Low
9675-ICXCT,1,0,1,1,67,1,1,Fiber optic,0,0,1,1,1,1,Two year,1,Bank transfer (automatic),105.65,6717.9,0,100.27,4,0.041834667,Low
4703-MQYKT,1,1,0,0,9,1,0,Fiber optic,0,0,1,0,0,0,Month-to-month,0,Credit card (automatic),75.5,637.4,0,70.82,1,0.6931524,High
5692-ICXLW,1,0,0,0,5,1,0,No,0,0,0,0,0,0,Month-to-month,0,Mailed check,20.15,117.95,0,23.59,0,0.28381866,Low
0602-DDUML,0,0,0,0,54,0,0,DSL,1,0,0,1,1,0,Two year,0,Credit card (automatic),45.2,2460.55,0,45.57,3,0.07993424,Low
2208-MPXIO,0,0,1,0,70,1,1,DSL,1,1,1,1,1,0,Two year,1,Bank transfer (automatic),79.25,5731.85,0,81.88,5,0.05183689,Low
1960-UYCNN,0,0,1,1,53,1,1,DSL,1,0,1,1,1,1,Month-to-month,0,Electronic check,85.7,4616.1,0,87.1,5,0.092527285,Low
3190-FZATL,1,0,0,0,31,1,0,No,0,0,0,0,0,0,One year,0,Credit card (automatic),20.1,589.25,0,19.01,0,0.04037728,Low
7336-RLLRH,0,0,1,1,13,1,0,DSL,0,1,1,1,0,0,Month-to-month,0,Bank transfer (automatic),61.8,750.1,0,57.7,3,0.14561434,Low
7710-JSYOA,1,0,1,1,28,1,1,DSL,0,0,0,0,0,0,Month-to-month,0,Mailed check,49.9,1410.25,0,50.37,0,0.08770959,Low
9885-MFVSU,0,0,1,0,38,1,0,No,0,0,0,0,0,0,Two year,0,Bank transfer (automatic),20.4,743.5,0,19.57,0,0.053034663,Low
0607-MVMGC,0,0,1,0,52,1,0,DSL,1,1,0,0,1,1,One year,1,Mailed check,75.4,3865.45,0,74.34,4,0.2063974,Low
3365-SAIGS,0,0,1,1,62,1,0,Fiber optic,1,1,1,1,1,1,Two year,0,Mailed check,108.15,6825.65,0,110.09,6,0.040673878,Low
8022-BECSI,1,0,0,0,16,1,0,Fiber optic,0,1,0,0,0,1,Month-to-month,1,Electronic check,86.25,1340.1,0,83.76,2,0.7938841,High
9993-LHIEB,0,0,0,0,12,1,0,Fiber optic,0,0,1,0,1,1,One year,0,Electronic check,95.7,1184.0,0,98.67,3,0.6365485,High
0266-CLZKZ,1,0,1,1,72,1,1,Fiber optic,1,1,1,1,1,1,Two year,1,Bank transfer (automatic),116.85,8477.7,0,117.75,6,0.012477227,Low
7020-OZKXZ,0,1,0,0,71,1,1,Fiber optic,0,1,0,1,1,1,One year,0,Bank transfer (automatic),105.75,7382.85,0,103.98,4,0.3531443,Medium
3977-QCRSL,1,0,1,0,24,1,0,No,0,0,0,0,0,0,One year,0,Mailed check,20.15,456.85,0,19.04,0,0.055914253,Low
0017-DINOC,1,0,0,0,15,1,0,No,0,0,0,0,0,0,Two year,0,Mailed check,19.6,331.6,0,22.11,0,0.058743324,Low
7639-OPLNG,0,0,0,1,2,1,1,DSL,1,1,0,0,0,0,Month-to-month,0,Bank transfer (automatic),60.95,134.6,0,67.3,2,0.5049811,Medium
1492-QGCLU,1,0,1,1,5,0,0,DSL,0,0,0,0,0,0,Month-to-month,0,Mailed check,25.05,125.5,0,25.1,0,0.41279563,Medium
7328-OWMOM,0,0,1,0,41,1,0,DSL,1,1,1,0,0,0,One year,1,Bank transfer (automatic),60.3,2511.3,0,61.25,3,0.22148643,Low
4418-LZMSV,1,0,0,1,43,1,0,DSL,1,1,0,0,0,1,Month-to-month,1,Electronic check,63.95,2737.05,0,63.65,3,0.16837038,Low
5155-AZQPB,0,1,1,0,1,1,1,Fiber optic,0,0,0,0,0,0,Month-to-month,0,Electronic check,74.3,74.3,0,74.3,0,0.9201114,High
1087-GRUYI,1,1,0,0,1,1,0,Fiber optic,0,0,0,0,0,0,Month-to-month,1,Mailed check,70.6,70.6,0,70.6,0,0.90476567,High
2546-KZAAT,0,0,1,0,71,1,1,DSL,1,1,1,1,1,1,Two year,0,Bank transfer (automatic),90.55,6404.0,0,90.2,6,0.04018761,Low
0181-RITDD,0,0,0,0,7,1,0,No,0,0,0,0,0,0,Two year,0,Mailed check,19.45,165.35,0,23.62,0,0.06993417,Low
5989-PGKJB,1,1,0,0,28,1,1,DSL,0,1,1,1,0,0,Month-to-month,0,Bank transfer (automatic),64.45,1867.6,0,66.7,3,0.26016727,Low
8272-ONJLV,0,1,0,0,16,1,0,Fiber optic,0,0,0,0,0,0,Month-to-month,0,Electronic check,69.65,1043.3,0,65.21,0,0.7323474,High
1488-PBLJN,0,0,0,0,7,1,0,No,0,0,0,0,0,0,One year,0,Mailed check,19.5,128.6,0,18.37,0,0.08351989,Low
0308-GIQJT,1,0,0,0,69,1,1,Fiber optic,0,1,1,1,1,1,Two year,1,Bank transfer (automatic),110.5,7455.45,0,108.05,5,0.35495958,Medium
3778-FOAQW,1,0,0,1,1,0,0,DSL,0,0,0,0,0,0,Month-to-month,0,Mailed check,24.7,24.7,0,24.7,0,0.60057014,High
4452-ROHMO,0,0,0,0,3,1,0,DSL,1,0,1,0,1,1,Month-to-month,1,Electronic check,77.4,206.15,0,68.72,4,0.7465175,High
3090-LETTY,1,0,1,0,69,1,1,Fiber optic,0,1,1,0,0,0,Month-to-month,1,Bank transfer (automatic),85.4,5869.4,0,85.06,2,0.45900282,Medium
5349-AZPEW,1,0,1,0,71,0,0,DSL,1,1,1,1,0,0,Two year,1,Bank transfer (automatic),47.6,3377.8,0,47.57,4,0.038902648,Low
9720-JJJOR,1,0,1,1,69,1,0,No,0,0,0,0,0,0,Two year,0,Mailed check,19.4,1346.2,0,19.51,0,0.011631678,Low
8100-HZZLJ,1,0,0,0,48,1,1,Fiber optic,0,0,1,1,1,1,Month-to-month,1,Electronic check,103.85,4946.05,0,103.04,4,0.7390318,High
8775-ERLNB,0,0,0,0,45,1,1,Fiber optic,1,0,1,1,1,1,Month-to-month,1,Credit card (automatic),108.45,4964.7,0,110.33,5,0.6489442,High
8309-IEYJD,0,0,0,0,51,1,1,Fiber optic,0,1,0,0,0,0,Month-to-month,0,Bank transfer (automatic),81.0,4085.75,0,80.11,1,0.44029075,Medium
7398-HPYZQ,0,0,0,0,72,1,1,DSL,1,1,1,1,1,1,Two year,0,Bank transfer (automatic),86.65,6224.8,0,86.46,6,0.028296178,Low
3546-GHEAE,0,0,1,1,37,1,1,Fiber optic,0,1,1,0,1,0,Month-to-month,1,Electronic check,92.95,3415.25,0,92.3,3,0.13267858,Low
7361-YPXFS,0,0,1,0,71,1,1,DSL,1,1,1,1,1,1,Two year,0,Electronic check,90.35,6325.25,0,89.09,6,0.05540371,Low
6557-BZXLQ,1,0,0,0,66,1,1,No,0,0,0,0,0,0,Two year,1,Credit card (automatic),25.15,1683.6,0,25.51,0,0.041148514,Low
2550-QHZGP,0,0,1,0,51,1,0,DSL,1,0,0,1,1,1,One year,1,Bank transfer (automatic),76.4,3966.3,0,77.77,4,0.19628833,Low
7519-JTWQH,1,0,1,0,30,1,0,No,0,0,0,0,0,0,One year,0,Bank transfer (automatic),19.55,608.5,0,20.28,0,0.08934558,Low
2538-OIMXF,1,0,0,0,34,1,1,Fiber optic,0,0,0,0,1,0,Month-to-month,0,Electronic check,85.35,2896.6,0,85.19,1,0.68011546,High
8543-MSDMF,0,0,1,1,64,1,1,No,0,0,0,0,0,0,Two year,1,Mailed check,24.8,1514.85,0,23.67,0,0.00946531,Low
1170-SASML,0,1,1,0,65,1,1,Fiber optic,0,1,1,0,1,1,One year,1,Bank transfer (automatic),103.15,6792.45,0,104.5,4,0.56465673,Medium
4872-JCVCA,0,0,0,0,47,1,1,Fiber optic,1,1,0,1,1,0,Month-to-month,0,Mailed check,100.75,4669.2,0,99.34,4,0.46454945,Medium
5346-BZCHP,1,0,1,1,67,1,1,Fiber optic,0,1,0,1,1,0,Two year,0,Credit card (automatic),94.1,6302.8,0,94.07,3,0.02379017,Low
2038-LLMLM,0,0,0,0,39,1,0,No,0,0,0,0,0,0,One year,0,Bank transfer (automatic),19.35,779.2,0,19.98,0,0.085443735,Low
1216-BGTSP,0,0,0,0,14,1,0,No,0,0,0,0,0,0,Month-to-month,0,Mailed check,19.9,283.75,0,20.27,0,0.18757175,Low
4138-NAXED,0,1,0,0,56,1,1,Fiber optic,0,0,1,0,1,1,Month-to-month,1,Electronic check,101.05,5594.0,0,99.89,3,0.76152146,High
0744-BIKKF,1,0,0,0,14,1,0,DSL,0,0,0,1,0,1,One year,0,Credit card (automatic),59.1,772.85,0,55.2,2,0.18974946,Low
7483-IQWIB,0,0,1,0,16,1,0,DSL,1,1,0,0,0,0,One year,1,Mailed check,55.85,857.8,0,53.61,2,0.236832,Low
5248-KWLAR,0,0,1,1,70,1,1,Fiber optic,1,1,0,0,1,1,Month-to-month,1,Electronic check,106.05,7554.05,0,107.92,4,0.17325293,Low
7996-MHXLW,0,1,1,0,72,1,1,DSL,1,1,1,0,1,1,Two year,1,Credit card (automatic),84.1,5981.65,0,83.08,5,0.041534107,Low
7833-PKIHD,1,0,1,1,23,1,0,Fiber optic,0,0,1,0,0,0,Month-to-month,1,Credit card (automatic),75.3,1702.9,0,74.04,1,0.13258949,Low
7061-OVMIM,0,0,0,1,21,1,1,No,0,0,0,0,0,0,Month-to-month,0,Mailed check,24.7,467.15,0,22.25,0,0.0897037,Low
5153-RTHKF,1,0,0,0,36,1,1,DSL,0,0,1,0,0,0,One year,0,Electronic check,55.8,1941.5,0,53.93,1,0.1933868,Low
1852-QSWCD,1,0,0,0,50,0,0,DSL,0,1,1,1,0,0,Two year,0,Credit card (automatic),39.7,1932.75,0,38.66,3,0.062399838,Low
4832-VRBMR,1,0,1,1,48,0,0,DSL,0,0,0,1,0,0,Month-to-month,1,Credit card (automatic),29.5,1423.05,0,29.65,1,0.10264868,Low
9079-LWTFD,1,0,0,1,50,1,0,No,0,0,0,0,0,0,Two year,0,Credit card (automatic),20.15,970.85,0,19.42,0,0.017206373,Low
3392-EHMNK,0,0,1,0,72,1,1,DSL,1,1,1,1,0,1,Two year,0,Credit card (automatic),79.55,5810.9,0,80.71,5,0.029650562,Low
5986-WWXDV,0,0,0,1,10,1,1,No,0,0,0,0,0,0,Month-to-month,0,Credit card (automatic),24.8,223.9,0,22.39,0,0.16528764,Low
3061-BCKYI,1,0,0,0,18,1,0,No,0,0,0,0,0,0,Month-to-month,0,Mailed check,19.65,391.7,0,21.76,0,0.16965911,Low
7901-TBKJX,0,0,0,0,9,1,0,Fiber optic,0,0,1,0,1,1,Month-to-month,1,Electronic check,94.05,811.65,0,90.18,3,0.8768719,High
7228-PAQPD,0,0,0,0,2,1,1,Fiber optic,1,0,0,0,0,1,Month-to-month,0,Mailed check,90.75,174.75,0,87.38,2,0.7517373,High
7746-QYVCO,1,0,1,0,40,1,1,Fiber optic,0,0,0,1,0,0,Month-to-month,1,Credit card (automatic),78.85,3126.85,0,78.17,1,0.6434238,High
5804-HYIEZ,0,0,1,0,69,1,1,Fiber optic,0,0,1,0,1,1,One year,0,Bank transfer (automatic),99.5,6841.45,0,99.15,3,0.4079224,Medium
9919-FZDED,0,0,0,1,18,1,1,Fiber optic,0,0,1,0,0,0,Month-to-month,1,Credit card (automatic),80.55,1406.65,0,78.15,1,0.26835793,Low
5934-TSSAU,0,1,1,0,11,1,0,Fiber optic,0,0,0,0,0,0,Month-to-month,1,Electronic check,70.2,834.7,0,75.88,0,0.840015,High
3486-KHMLI,0,0,1,0,55,1,0,DSL,1,0,0,0,0,1,One year,0,Credit card (automatic),59.45,3157.0,0,57.4,2,0.19425051,Low
6784-XYJAE,0,0,1,0,33,1,1,Fiber optic,0,1,1,0,0,1,Month-to-month,1,Electronic check,93.35,3092.0,0,93.7,3,0.74407977,High
3933-DQPWX,1,0,0,0,46,1,0,DSL,0,0,0,0,0,0,Month-to-month,0,Bank transfer (automatic),44.95,2168.9,0,47.15,0,0.28339347,Low
6661-EIPZC,0,0,0,0,34,1,1,No,0,0,0,0,0,0,Two year,0,Bank transfer (automatic),26.1,980.35,0,28.83,0,0.063572615,Low
8957-THMOA,1,0,0,0,3,1,0,No,0,0,0,0,0,0,Month-to-month,0,Electronic check,20.2,65.95,0,21.98,0,0.38989088,Medium
2251-PYLPB,0,0,1,1,30,1,0,No,0,0,0,0,0,0,Two year,0,Mailed check,21.25,711.9,0,23.73,0,0.016069327,Low
5555-RNPGT,1,0,0,0,33,1,1,DSL,1,0,0,1,0,0,One year,0,Electronic check,59.4,1952.8,0,59.18,2,0.15047973,Low
1057-FOGLZ,0,0,1,1,45,1,1,Fiber optic,0,1,1,0,0,1,One year,1,Credit card (automatic),95.0,4368.85,0,97.09,3,0.054252055,Low
8087-LGYHQ,0,0,0,0,40,1,0,DSL,1,1,0,1,0,0,Month-to-month,1,Mailed check,61.9,2647.1,0,66.18,3,0.2597574,Low
4137-BTIKL,1,0,0,0,71,1,1,Fiber optic,1,1,1,1,1,1,Two year,1,Electronic check,118.65,8477.6,0,119.4,6,0.1635644,Low
2190-BCXEC,1,0,1,0,72,0,0,DSL,1,1,1,1,1,1,Two year,0,Bank transfer (automatic),64.45,4528.0,0,62.89,6,0.040064115,Low
6227-FBDXH,1,0,1,1,22,1,0,Fiber optic,0,0,0,0,0,1,Month-to-month,1,Electronic check,80.15,1790.65,0,81.39,1,0.22099906,Low
2911-WDXMV,0,0,1,0,46,1,0,No,0,0,0,0,0,0,One year,1,Bank transfer (automatic),20.2,845.6,0,18.38,0,0.088872194,Low
7206-PQBBZ,1,0,1,1,55,1,0,No,0,0,0,0,0,0,Two year,0,Mailed check,21.0,1210.3,0,22.01,0,0.01172398,Low
4547-FZJWE,0,0,0,0,1,1,0,No,0,0,0,0,0,0,Month-to-month,0,Mailed check,20.45,20.45,0,20.45,0,0.54680675,Medium
7422-WNBTY,1,0,0,0,12,1,1,DSL,0,0,0,1,1,1,One year,1,Mailed check,75.85,854.45,0,71.2,3,0.3414738,Medium
0842-IWYCP,0,0,0,0,31,1,1,Fiber optic,0,1,0,0,0,0,Month-to-month,1,Electronic check,80.45,2429.1,0,78.36,1,0.7198294,High
3521-HTQTV,1,0,1,0,67,1,1,DSL,1,0,0,0,1,1,Two year,1,Electronic check,75.5,5229.45,0,78.05,3,0.13139802,Low
3744-ZBHON,0,0,0,0,1,1,0,DSL,0,0,0,0,0,0,Month-to-month,0,Mailed check,44.45,44.45,0,44.45,0,0.7332216,High
3373-DIUUN,0,0,1,1,41,1,1,DSL,1,1,1,0,1,0,Month-to-month,1,Credit card (automatic),74.55,3023.55,0,73.75,4,0.11359133,Low
8383-SGHJU,0,0,1,0,42,0,0,DSL,1,0,1,1,1,0,Two year,0,Credit card (automatic),48.15,2032.3,0,48.39,4,0.10351763,Low
7607-QKKTJ,0,0,1,0,23,1,0,No,0,0,0,0,0,0,One year,0,Mailed check,19.65,436.9,0,19.0,0,0.06396425,Low
7707-PYBBH,1,0,0,0,1,1,0,No,0,0,0,0,0,0,Month-to-month,0,Mailed check,20.15,20.15,0,20.15,0,0.5965705,Medium
8984-HPEMB,1,0,0,0,56,1,1,Fiber optic,1,1,0,0,1,1,Month-to-month,1,Credit card (automatic),106.6,5893.95,0,105.25,4,0.6503818,High
4139-DETXS,0,0,0,1,15,1,1,Fiber optic,0,1,0,0,1,0,Month-to-month,1,Electronic check,91.0,1430.05,0,95.34,2,0.5196871,Medium
9779-DPNEJ,0,0,1,1,12,1,1,No,0,0,0,0,0,0,Two year,1,Bank transfer (automatic),25.4,313.0,0,26.08,0,0.04588198,Low
9805-FILKB,1,0,1,0,54,1,0,DSL,1,0,1,1,0,1,Two year,0,Bank transfer (automatic),69.95,3871.85,0,71.7,4,0.05886482,Low
5793-YOLJN,1,0,0,0,7,1,0,DSL,0,0,0,0,1,1,Month-to-month,1,Electronic check,66.85,458.1,0,65.44,2,0.66146636,High
0673-IGUQO,0,0,1,1,16,1,0,No,0,0,0,0,0,0,Month-to-month,0,Electronic check,20.15,341.35,0,21.33,0,0.12737915,Low
4123-FCVCB,1,0,0,0,21,1,0,DSL,1,0,1,0,0,1,One year,0,Mailed check,64.85,1336.8,0,63.66,3,0.11099056,Low
8819-IMISP,0,1,1,0,30,1,1,DSL,0,0,1,0,1,1,Two year,0,Electronic check,74.85,2181.75,0,72.72,3,0.18863657,Low
8311-UEUAB,0,0,0,0,3,1,0,DSL,0,0,0,1,0,0,Month-to-month,1,Mailed check,50.5,147.75,0,49.25,1,0.6722876,High
5858-EAFCZ,0,0,0,0,11,1,0,Fiber optic,0,0,1,0,0,0,Month-to-month,0,Electronic check,72.9,818.45,0,74.4,1,0.745114,High
1163-ONYEY,1,0,0,0,62,1,1,Fiber optic,1,1,1,1,1,1,One year,1,Credit card (automatic),115.05,7133.45,0,115.06,6,0.36857107,Medium
5656-MJEFC,0,0,0,0,18,1,0,No,0,0,0,0,0,0,Month-to-month,0,Electronic check,19.0,348.8,0,19.38,0,0.3007539,Medium
6082-OQFBA,0,0,0,1,6,1,0,No,0,0,0,0,0,0,Month-to-month,0,Mailed check,19.55,128.6,0,21.43,0,0.15357758,Low
8974-OVACP,1,0,0,0,46,1,1,Fiber optic,0,0,1,0,1,1,One year,1,Electronic check,101.1,4674.4,0,101.62,3,0.6338265,High
4010-YLMVT,0,0,0,0,21,1,1,Fiber optic,0,0,0,0,0,1,Month-to-month,1,Electronic check,84.1,1737.45,0,82.74,1,0.7685184,High
1379-FRVEB,0,0,0,0,68,1,1,No,0,0,0,0,0,0,Two year,1,Bank transfer (automatic),24.15,1498.85,0,22.04,0,0.04014471,Low
8612-GXIDD,1,0,0,0,1,1,1,DSL,0,0,0,0,0,0,Month-to-month,1,Electronic check,50.1,50.1,0,50.1,0,0.8636049,High
6288-CHQJB,1,0,1,0,25,1,0,Fiber optic,0,0,1,0,0,0,Month-to-month,1,Electronic check,74.6,1797.75,0,71.91,1,0.7333742,High
8160-HOWOX,1,0,0,1,24,1,0,No,0,0,0,0,0,0,Two year,0,Mailed check,19.75,498.1,0,20.75,0,0.02293014,Low
6648-INWPS,0,0,1,0,51,1,1,Fiber optic,0,1,1,0,1,1,One year,1,Bank transfer (automatic),106.8,5498.8,0,107.82,4,0.6628963,High
4223-BKEOR,1,0,1,0,57,1,1,DSL,1,0,1,1,1,1,Two year,1,Electronic check,84.5,4845.4,0,85.01,5,0.10123914,Low
4079-VTGLK,1,0,0,0,15,1,1,No,0,0,0,0,0,0,Two year,0,Bank transfer (automatic),25.05,369.1,0,24.61,0,0.07705933,Low
1763-WQFUK,1,0,1,0,72,1,0,DSL,1,1,1,1,1,1,Two year,1,Bank transfer (automatic),83.7,6096.9,0,84.68,6,0.027195502,Low
1391-UBDAR,0,0,1,0,28,1,1,Fiber optic,0,1,1,0,1,0,Month-to-month,0,Credit card (automatic),96.6,2684.35,0,95.87,3,0.65443814,High
8894-JVDCV,0,0,1,1,70,1,0,Fiber optic,1,1,1,1,1,0,Two year,1,Credit card (automatic),101.1,6994.8,0,99.93,5,0.018683515,Low
2023-VQFDL,1,0,0,0,13,1,0,No,0,0,0,0,0,0,One year,0,Mailed check,20.2,273.25,0,21.02,0,0.07135939,Low
1345-GKDZZ,1,1,1,0,59,1,1,Fiber optic,1,1,1,1,0,0,One year,1,Electronic check,94.05,5483.9,0,92.95,4,0.31279027,Medium
2014-MKGMH,1,0,1,0,62,1,0,DSL,1,0,1,1,1,1,Two year,0,Mailed check,81.0,4985.9,0,80.42,5,0.047202438,Low
5628-FCGYG,1,0,0,0,21,1,0,DSL,1,0,1,1,0,0,One year,1,Electronic check,60.25,1258.35,0,59.92,3,0.21859114,Low
2560-WBWXF,1,0,0,0,2,1,0,DSL,0,0,1,0,0,1,Month-to-month,0,Electronic check,60.85,111.4,0,55.7,2,0.7484174,High
0248-IPDFW,1,0,0,0,1,1,0,DSL,0,0,0,0,0,0,Month-to-month,0,Credit card (automatic),43.95,43.95,0,43.95,0,0.726853,High
7978-DKUQH,0,0,0,0,4,1,0,Fiber optic,0,0,1,0,0,1,Month-to-month,0,Electronic check,86.05,308.1,0,77.03,2,0.7937651,High
4335-UPJSI,1,0,0,0,19,1,0,No,0,0,0,0,0,0,One year,0,Credit card (automatic),20.25,383.65,0,20.19,0,0.059230044,Low
1784-EZDKJ,0,0,1,1,67,1,0,No,0,0,0,0,0,0,Two year,1,Credit card (automatic),19.4,1284.2,0,19.17,0,0.012718121,Low
9297-FVVDH,0,1,1,0,72,1,1,Fiber optic,1,1,1,0,0,1,Two year,1,Credit card (automatic),102.65,7550.3,0,104.87,4,0.11859562,Low
8007-YYPWD,0,0,1,0,53,1,0,No,0,0,0,0,0,0,Two year,0,Credit card (automatic),19.9,1110.05,0,20.94,0,0.04311838,Low
7101-HRBLJ,1,0,0,0,5,1,0,No,0,0,0,0,0,0,One year,0,Electronic check,19.55,99.6,0,19.92,0,0.19541548,Low
6635-CPNUN,0,1,1,0,71,1,0,Fiber optic,0,1,1,1,0,1,Two year,1,Credit card (automatic),95.5,6707.15,0,94.47,4,0.08969543,Low
5453-YBTWV,1,0,1,0,50,1,1,DSL,0,1,1,1,1,1,One year,1,Credit card (automatic),84.15,4164.4,0,83.29,5,0.23502102,Low
5039-LZRQT,0,0,1,1,56,1,1,Fiber optic,0,0,1,1,1,1,Two year,1,Electronic check,103.2,5873.75,0,104.89,4,0.067299366,Low
2931-VUVJN,0,0,0,0,2,1,0,DSL,0,0,0,1,0,0,Month-to-month,1,Credit card (automatic),50.2,109.25,0,54.62,1,0.695983,High
6418-PIQSP,0,0,1,1,46,1,0,No,0,0,0,0,0,0,Two year,0,Credit card (automatic),19.95,862.4,0,18.75,0,0.009567665,Low
8220-OCUFY,0,0,1,0,71,1,1,Fiber optic,1,1,1,1,1,1,Two year,1,Electronic check,116.25,8564.75,0,120.63,6,0.18787351,Low
3995-WFCSM,1,0,0,0,29,0,0,DSL,0,0,0,1,0,0,Month-to-month,1,Electronic check,31.2,926.2,0,31.94,1,0.5345488,Medium
1895-QTKDO,0,0,1,1,69,1,1,No,0,0,0,0,0,0,Two year,0,Bank transfer (automatic),24.45,1718.2,0,24.9,0,0.010897438,Low
2038-OEQZH,0,0,1,0,71,1,1,DSL,0,1,1,1,1,1,Two year,0,Credit card (automatic),84.2,5956.85,0,83.9,5,0.04943693,Low
1178-PZGAB,0,1,1,0,56,1,0,DSL,1,1,1,1,1,1,Two year,1,Bank transfer (automatic),85.65,4824.45,0,86.15,6,0.06535625,Low
2626-VEEWG,0,0,0,0,56,1,0,No,0,0,0,0,0,0,One year,1,Mailed check,21.2,1238.65,0,22.12,0,0.08434767,Low
2878-RMWXY,1,0,1,0,28,1,1,No,0,0,0,0,0,0,One year,0,Mailed check,25.55,672.2,0,24.01,0,0.103168584,Low
1657-DYMBM,1,0,1,1,19,1,0,No,0,0,0,0,0,0,Month-to-month,0,Mailed check,20.2,382.2,0,20.12,0,0.071659684,Low
7311-MQJCH,0,0,1,0,66,1,1,DSL,0,0,0,1,0,1,Month-to-month,0,Electronic check,63.85,4264.6,0,64.62,2,0.36368555,Medium
7375-WMVMT,1,0,1,0,17,1,1,DSL,0,0,1,1,0,0,One year,1,Mailed check,61.95,1070.7,0,62.98,2,0.29412252,Low
1136-XGEQU,0,0,1,1,52,1,1,No,0,0,0,0,0,0,Two year,0,Mailed check,25.75,1345.85,0,25.88,0,0.014333587,Low
2530-FMFXO,1,0,0,0,19,1,0,DSL,0,1,0,0,1,0,One year,0,Electronic check,58.2,1045.25,0,55.01,2,0.235306,Low
6844-DZKRF,1,0,0,0,36,1,0,DSL,1,1,1,1,1,1,One year,0,Bank transfer (automatic),85.85,3003.55,0,83.43,6,0.1618463,Low
5970-GHJAW,0,0,1,1,72,1,1,Fiber optic,1,1,1,1,0,1,One year,1,Credit card (automatic),104.9,7537.5,0,104.69,5,0.040988594,Low
8879-XUAHX,0,1,0,0,34,1,0,Fiber optic,0,1,1,0,1,1,One year,1,Electronic check,99.85,3343.15,0,98.33,4,0.55835646,Medium
3689-MOZGR,0,0,1,0,8,1,0,No,0,0,0,0,0,0,Month-to-month,1,Bank transfer (automatic),19.55,161.15,0,20.14,0,0.37112552,Medium
4195-PNGZS,1,0,0,0,69,1,1,Fiber optic,0,0,1,1,1,1,Two year,0,Electronic check,104.0,7028.5,0,101.86,4,0.2980673,Low
5003-XZWWO,1,0,1,0,50,1,1,Fiber optic,1,0,1,0,1,1,One year,1,Mailed check,104.4,5232.9,0,104.66,4,0.5615158,Medium
7622-FWGEW,0,0,0,0,10,1,0,No,0,0,0,0,0,0,One year,0,Mailed check,19.5,225.85,0,22.58,0,0.0907806,Low
6922-NCEDI,1,0,1,1,12,1,1,No,0,0,0,0,0,0,Two year,0,Credit card (automatic),25.25,274.7,0,22.89,0,0.038536087,Low
9891-NQDBD,1,0,1,0,70,0,0,DSL,1,0,1,1,0,1,Two year,1,Bank transfer (automatic),49.85,3370.2,0,48.15,4,0.06657033,Low
6131-IUNXN,1,1,0,0,64,1,1,Fiber optic,1,0,1,1,1,1,Month-to-month,1,Bank transfer (automatic),108.95,7111.3,0,111.11,5,0.48773357,Medium
8548-AWOFC,1,0,1,0,66,1,1,DSL,1,1,1,1,1,1,Two year,0,Credit card (automatic),89.9,5958.85,0,90.29,6,0.054853052,Low
9798-DRYDS,1,0,1,0,71,1,0,DSL,1,0,1,1,1,1,Two year,1,Credit card (automatic),82.0,5999.85,0,84.5,5,0.03729378,Low
8532-UEFWH,0,1,0,0,20,1,0,Fiber optic,0,0,0,0,1,1,Month-to-month,0,Electronic check,89.95,1648.45,0,82.42,2,0.7027694,High
6296-DDOOR,0,0,1,0,72,1,0,DSL,1,1,0,1,1,1,Two year,1,Bank transfer (automatic),79.35,5753.25,0,79.91,5,0.029916106,Low
7951-VRDVK,1,0,1,0,71,1,0,DSL,1,1,1,1,0,0,Two year,0,Credit card (automatic),64.05,4492.9,0,63.28,4,0.031070126,Low
4815-YOSUK,0,0,1,1,38,1,1,Fiber optic,0,0,1,0,1,1,Month-to-month,1,Credit card (automatic),101.15,3956.7,0,104.12,3,0.17564116,Low
0380-NEAVX,0,0,0,0,33,0,0,DSL,0,1,0,0,1,0,One year,1,Electronic check,39.1,1309.0,0,39.67,2,0.37824497,Medium
4365-MSDYN,1,0,1,0,23,0,0,DSL,1,0,0,1,0,0,Two year,0,Mailed check,34.6,813.45,0,35.37,2,0.107399486,Low
7036-TYDEC,0,0,1,0,58,1,0,No,0,0,0,0,0,0,One year,1,Electronic check,19.55,1108.8,0,19.12,0,0.21635106,Low
5802-ADBRC,1,1,1,0,70,1,1,Fiber optic,0,1,0,1,1,1,Two year,1,Bank transfer (automatic),104.45,7349.35,0,104.99,4,0.3081003,Medium
8076-FEZKJ,0,0,1,0,4,1,0,Fiber optic,0,0,0,0,0,0,Month-to-month,0,Electronic check,70.5,294.2,0,73.55,0,0.8146847,High
5197-YPYBZ,0,0,1,1,45,1,0,No,0,0,0,0,0,0,Two year,0,Mailed check,20.35,929.2,0,20.65,0,0.012800434,Low
4312-GVYNH,0,0,1,1,36,1,0,No,0,0,0,0,0,0,Two year,0,Credit card (automatic),19.45,754.5,0,20.96,0,0.015730567,Low
8495-LJDFO,0,0,0,0,54,1,0,DSL,1,1,0,1,1,0,Month-to-month,1,Mailed check,69.9,3883.3,0,71.91,4,0.19301644,Low
0839-JTCUD,0,0,1,0,23,1,1,DSL,0,1,0,1,0,0,Two year,0,Mailed check,59.7,1414.2,0,61.49,2,0.08356616,Low
5494-WOZRZ,1,0,1,0,41,1,1,DSL,1,1,1,0,1,0,One year,1,Credit card (automatic),78.35,3211.2,0,78.32,4,0.23455358,Low
1302-UHBDD,0,1,0,0,5,1,0,Fiber optic,0,0,0,0,0,0,Month-to-month,1,Mailed check,71.45,371.6,0,74.32,0,0.784325,High
2234-EOFPT,0,0,1,0,27,0,0,DSL,0,1,1,0,0,1,One year,1,Credit card (automatic),45.85,1246.4,0,46.16,3,0.33234605,Medium
8619-IJNDK,1,0,0,0,1,1,0,Fiber optic,0,0,0,1,1,1,Month-to-month,1,Electronic check,95.85,95.85,0,95.85,3,0.92750466,High
8378-LKJAF,1,0,1,0,67,0,0,DSL,1,0,0,1,0,0,Two year,0,Credit card (automatic),35.7,2545.7,0,38.0,2,0.08188517,Low
1153-GNOLC,1,1,1,0,72,1,1,DSL,1,1,1,1,1,1,Two year,1,Credit card (automatic),89.55,6448.85,0,89.57,6,0.032194674,Low
3298-QEICA,1,0,1,1,56,1,1,No,0,0,0,0,0,0,Two year,1,Credit card (automatic),24.95,1468.9,0,26.23,0,0.012925844,Low
0788-DXBFY,0,0,1,0,44,1,1,No,0,0,0,0,0,0,One year,0,Electronic check,24.85,1013.6,0,23.04,0,0.17379494,Low
3597-YASZG,1,1,1,0,66,1,1,Fiber optic,0,1,0,0,1,1,Month-to-month,1,Electronic check,100.8,6690.75,0,101.38,3,0.72458285,High
3496-LFSZU,1,0,1,0,69,1,1,Fiber optic,0,0,1,1,1,1,Two year,0,Bank transfer (automatic),105.35,7240.65,0,104.94,4,0.3094093,Medium
5242-UOWHD,1,0,0,0,40,1,0,No,0,0,0,0,0,0,Two year,0,Credit card (automatic),19.65,830.25,0,20.76,0,0.04651105,Low
6479-SZPLM,0,0,1,1,30,1,1,DSL,1,0,0,0,0,0,Month-to-month,1,Bank transfer (automatic),54.45,1588.7,0,52.96,1,0.09924713,Low
8097-VBQTZ,1,0,0,0,11,1,0,DSL,0,0,0,1,1,1,Month-to-month,0,Mailed check,70.5,829.3,0,75.39,3,0.41983718,Medium
4500-HKANN,1,0,0,0,15,1,0,No,0,0,0,0,0,0,One year,0,Credit card (automatic),20.1,302.45,0,20.16,0,0.0731392,Low
9917-KWRBE,0,0,0,0,11,1,0,DSL,0,0,1,0,1,1,Month-to-month,1,Electronic check,69.35,712.25,0,64.75,3,0.64824325,High
3420-ZDBMA,1,0,1,0,64,1,0,No,0,0,0,0,0,0,One year,0,Bank transfer (automatic),19.8,1336.65,0,20.89,0,0.06527909,Low
2212-LYASK,0,1,1,0,72,1,0,DSL,1,1,1,1,1,0,Two year,0,Bank transfer (automatic),74.4,5360.75,0,74.45,5,0.03197508,Low
1393-IMKZG,0,1,1,0,72,1,1,Fiber optic,1,1,1,1,0,0,Two year,1,Bank transfer (automatic),93.05,6735.05,0,93.54,4,0.045218885,Low
8069-RHUXK,1,0,0,1,1,1,0,DSL,1,0,0,0,0,0,Month-to-month,0,Mailed check,51.2,51.2,0,51.2,1,0.52651197,Medium
3398-GCPMU,1,0,0,0,15,1,0,DSL,1,1,1,1,0,0,One year,0,Credit card (automatic),65.6,1010.0,0,67.33,4,0.13420986,Low
2908-WGAXL,1,0,0,0,60,1,1,DSL,0,0,1,1,1,1,One year,0,Credit card (automatic),80.55,4847.05,0,80.78,4,0.10334506,Low
3378-AJRAO,0,0,0,0,56,1,0,DSL,1,0,1,0,0,0,One year,0,Mailed check,52.7,3019.7,0,53.92,2,0.09992576,Low
1013-QCWAM,1,0,0,0,8,1,0,No,0,0,0,0,0,0,Two year,0,Mailed check,20.85,161.65,0,20.21,0,0.06433006,Low
6050-FFXES,1,0,1,0,49,1,1,DSL,0,0,0,0,0,0,Month-to-month,1,Credit card (automatic),52.15,2583.75,0,52.73,0,0.43411958,Medium
0362-RAOQO,0,0,0,0,70,1,1,Fiber optic,1,1,1,1,1,1,Two year,1,Bank transfer (automatic),114.95,7711.25,0,110.16,6,0.29374075,Low
9554-DFKIC,0,1,1,0,52,1,0,Fiber optic,1,0,1,1,1,1,One year,1,Bank transfer (automatic),104.45,5481.25,0,105.41,5,0.60834706,High
5527-ACHSO,1,0,1,0,72,1,1,Fiber optic,1,1,1,1,1,1,Two year,1,Credit card (automatic),113.65,8124.2,0,112.84,6,0.0836975,Low
0829-DDVLK,1,0,0,0,40,1,0,No,0,0,0,0,0,0,Two year,1,Bank transfer (automatic),20.6,827.3,0,20.68,0,0.05455773,Low
1399-UBQIU,1,1,0,0,40,1,0,Fiber optic,0,0,0,0,1,1,Month-to-month,1,Electronic check,91.55,3673.6,0,91.84,2,0.71156204,High
1813-JLKWR,0,0,0,1,1,1,0,DSL,0,0,1,0,0,0,Month-to-month,1,Electronic check,49.85,49.85,0,49.85,1,0.73903894,High
0336-PIKEI,0,0,1,0,30,1,0,No,0,0,0,0,0,0,One year,0,Credit card (automatic),19.8,576.65,0,19.22,0,0.07162189,Low
7322-OCWHC,1,1,1,0,44,1,1,Fiber optic,0,0,1,1,1,1,Month-to-month,0,Electronic check,104.15,4495.65,0,102.17,4,0.76839954,High
9537-VHDTA,1,1,0,0,7,1,0,DSL,1,0,0,0,0,0,Month-to-month,1,Electronic check,48.2,340.35,0,48.62,1,0.6189536,High
4957-TIALW,0,1,0,0,72,1,1,No,0,0,0,0,0,0,Two year,1,Credit card (automatic),25.1,1789.9,0,24.86,0,0.025931463,Low
2054-PJOCK,1,1,0,0,8,1,1,Fiber optic,0,0,0,1,1,1,Month-to-month,1,Credit card (automatic),100.15,908.55,0,113.57,3,0.90033233,High
9150-HEPMB,0,0,0,1,3,1,0,DSL,1,0,1,0,0,0,Month-to-month,0,Mailed check,55.9,157.55,0,52.52,2,0.39004982,Medium
9030-QGZNL,0,1,1,0,8,1,0,DSL,0,0,1,1,0,1,Month-to-month,1,Credit card (automatic),64.4,581.7,0,72.71,3,0.46924257,Medium
3126-WQMGH,1,0,0,0,5,1,0,Fiber optic,0,1,0,0,1,0,Month-to-month,1,Mailed check,85.3,420.45,0,84.09,2,0.8249232,High
7176-WRTNX,1,0,1,1,72,1,1,Fiber optic,1,0,1,1,1,1,Two year,0,Mailed check,107.45,7576.7,0,105.23,5,0.017996348,Low
5732-IKGQH,1,0,1,0,54,1,1,DSL,1,1,1,1,1,1,Two year,0,Credit card (automatic),91.3,4965.0,0,91.94,6,0.05785418,Low
9239-GZHZE,0,0,1,0,72,1,1,DSL,0,1,1,1,1,1,Two year,0,Bank transfer (automatic),85.95,6151.9,0,85.44,5,0.04014449,Low
7205-BAIAD,0,1,0,0,1,1,0,DSL,0,0,0,0,0,0,Month-to-month,0,Electronic check,45.2,45.2,0,45.2,0,0.8286589,High
0093-EXYQL,0,0,1,1,69,1,1,Fiber optic,0,0,1,0,0,0,Two year,1,Credit card (automatic),79.2,5420.65,0,78.56,1,0.017364034,Low
8064-RAVOH,1,0,0,0,48,1,0,DSL,1,1,0,0,0,0,Two year,0,Credit card (automatic),55.5,2627.35,0,54.74,2,0.07422973,Low
0219-QAERP,1,0,1,0,8,1,1,Fiber optic,0,0,0,1,0,1,Month-to-month,1,Electronic check,90.25,743.75,0,92.97,2,0.8589049,High
9168-INPSZ,0,0,1,0,71,1,1,DSL,1,1,1,1,1,1,Two year,1,Mailed check,91.25,6589.6,0,92.81,6,0.03527628,Low
0015-UOCOJ,0,0,1,0,67,1,0,Fiber optic,1,1,0,0,1,1,One year,1,Credit card (automatic),100.9,6733.15,0,100.49,4,0.45475873,Medium
5334-AFQJB,0,0,1,1,34,1,1,Fiber optic,0,1,0,0,1,1,Month-to-month,1,Bank transfer (automatic),97.7,3410.0,0,100.29,3,0.1699899,Low
2754-SDJRD,1,0,0,0,3,1,0,Fiber optic,0,0,0,0,0,0,Month-to-month,1,Electronic check,69.85,199.85,0,66.62,0,0.8489247,High
8963-JLGJT,1,0,1,0,9,1,0,DSL,0,1,0,1,1,0,One year,1,Mailed check,65.6,593.3,0,65.92,3,0.274856,Low
1465-LNTLJ,0,0,1,1,71,1,0,Fiber optic,1,1,1,0,1,1,One year,1,Bank transfer (automatic),104.65,7288.4,0,102.65,5,0.04788144,Low
2135-DQWAQ,0,0,0,0,57,1,1,Fiber optic,0,0,0,1,1,0,Two year,1,Credit card (automatic),90.45,5229.8,0,91.75,2,0.12951851,Low
4056-QHXHZ,0,0,0,0,72,0,0,DSL,1,1,1,1,1,1,Two year,1,Bank transfer (automatic),63.7,4464.8,0,62.01,6,0.030423187,Low
7401-JIXNM,1,1,1,1,48,1,0,Fiber optic,1,0,1,1,1,1,Month-to-month,1,Electronic check,104.5,5068.05,0,105.58,5,0.16463873,Low
9339-FIIJL,0,0,0,0,18,1,0,No,0,0,0,0,0,0,One year,0,Mailed check,20.1,401.85,0,22.33,0,0.05592834,Low
4706-DGAHW,0,0,1,1,43,1,1,Fiber optic,0,0,1,1,1,1,One year,1,Credit card (automatic),104.3,4451.85,0,103.53,4,0.086076535,Low
6670-MFRPK,1,0,1,0,72,1,1,DSL,1,1,1,1,1,1,Two year,1,Bank transfer (automatic),93.25,6688.95,0,92.9,6,0.036921453,Low
6177-PEVRA,0,0,1,0,35,1,1,DSL,0,0,0,1,1,1,One year,1,Bank transfer (automatic),73.45,2661.1,0,76.03,3,0.3155509,Medium
4813-HQMGZ,0,0,0,0,4,1,0,No,0,0,0,0,0,0,Month-to-month,0,Mailed check,20.7,73.05,0,18.26,0,0.2276299,Low
7579-KKLOE,1,0,1,1,49,1,1,No,0,0,0,0,0,0,Two year,0,Mailed check,25.25,1211.65,0,24.73,0,0.016225295,Low
8402-EIVQS,1,0,1,1,71,1,1,Fiber optic,1,1,1,0,1,0,Two year,0,Bank transfer (automatic),100.5,7030.65,0,99.02,4,0.013983362,Low
4947-DSMXK,0,0,1,1,11,1,0,Fiber optic,0,0,0,0,1,1,Month-to-month,0,Electronic check,90.6,1020.2,0,92.75,2,0.45581988,Medium
7245-NIIWQ,0,0,1,0,63,1,1,DSL,1,1,1,1,1,1,Two year,1,Credit card (automatic),89.4,5597.65,0,88.85,6,0.043502625,Low
0002-ORFBO,1,1,0,0,65,1,1,Fiber optic,0,1,1,0,1,0,Month-to-month,1,Bank transfer (automatic),95.45,6223.3,0,95.74,3,0.51338965,Medium
3324-OIRTO,1,0,0,1,49,1,0,No,0,0,0,0,0,0,Two year,0,Credit card (automatic),20.45,1024.65,0,20.91,0,0.01618073,Low
5414-OFQCB,1,0,1,1,4,1,0,No,0,0,0,0,0,0,Month-to-month,1,Electronic check,19.95,82.9,0,20.72,0,0.29262218,Low
4967-WPNCF,1,0,1,0,72,1,1,Fiber optic,0,1,1,1,1,1,One year,0,Credit card (automatic),109.15,7789.6,0,108.19,5,0.32572407,Medium
8552-OBVRU,1,1,1,0,26,1,0,Fiber optic,0,0,1,0,1,0,Month-to-month,1,Credit card (automatic),85.7,2067.0,0,79.5,2,0.6477156,High
8499-BRXTD,1,1,1,0,35,1,1,Fiber optic,0,0,1,0,1,1,Month-to-month,0,Bank transfer (automatic),102.05,3452.55,0,98.64,3,0.7026101,High
9154-QDGTH,1,0,0,0,57,1,1,Fiber optic,0,1,0,1,0,1,One year,0,Electronic check,94.7,5468.95,0,95.95,3,0.32993945,Medium
8197-BFWVU,0,0,1,1,28,1,1,DSL,0,1,0,0,0,1,Month-to-month,0,Electronic check,64.4,1802.15,0,64.36,2,0.11262939,Low
2577-GVSIL,1,0,1,0,25,1,1,No,0,0,0,0,0,0,One year,1,Mailed check,26.8,733.55,0,29.34,0,0.16652918,Low
9367-OIUXP,1,0,1,0,47,1,0,DSL,1,0,1,0,1,0,One year,1,Credit card (automatic),66.05,3021.45,0,64.29,3,0.21225633,Low
6770-UAYGJ,1,0,1,1,57,1,1,DSL,1,1,0,1,0,0,Month-to-month,0,Bank transfer (automatic),65.2,3687.85,0,64.7,3,0.04933389,Low
6463-HHXJR,0,1,1,0,16,1,1,Fiber optic,0,0,0,0,1,0,Month-to-month,1,Credit card (automatic),85.05,1391.15,0,86.95,1,0.80704105,High
7928-VJYAB,0,0,0,0,5,1,0,DSL,1,0,1,0,0,0,Month-to-month,1,Mailed check,55.8,274.35,0,54.87,2,0.5021383,Medium
1187-WILMM,0,0,1,1,72,1,0,No,0,0,0,0,0,0,Two year,0,Bank transfer (automatic),19.95,1322.85,0,18.37,0,0.0050959294,Low
9776-OJUZI,1,0,1,1,48,0,0,DSL,1,0,1,0,0,1,One year,0,Credit card (automatic),45.0,2196.3,0,45.76,3,0.05995323,Low
1306-RPWXZ,1,0,1,0,68,1,1,Fiber optic,1,1,1,1,1,1,Two year,0,Bank transfer (automatic),114.9,7843.55,0,115.35,6,0.24519874,Low
3097-PYWXL,1,0,0,0,30,1,1,Fiber optic,1,0,0,1,1,1,Month-to-month,0,Bank transfer (automatic),106.4,3211.9,0,107.06,4,0.6670254,High
2266-SJNAT,1,0,1,0,3,1,0,DSL,0,0,0,0,0,0,Month-to-month,1,Mailed check,46.1,130.15,0,43.38,0,0.77251536,High
0869-PAPRP,1,1,0,0,14,0,0,DSL,1,0,1,1,0,0,Two year,0,Mailed check,39.7,692.35,0,49.45,3,0.12144827,Low
4238-JSSWH,1,0,0,1,4,1,0,No,0,0,0,0,0,0,Month-to-month,1,Bank transfer (automatic),20.05,85.5,0,21.38,0,0.22170173,Low
2972-YDYUW,1,0,1,1,71,1,1,Fiber optic,0,1,1,0,0,1,Two year,1,Credit card (automatic),95.75,6849.4,0,96.47,3,0.017866058,Low
1104-FEJAM,0,0,1,0,8,1,1,No,0,0,0,0,0,0,One year,0,Mailed check,24.4,203.95,0,25.49,0,0.14324461,Low
2809-ILCYT,0,0,1,1,61,0,0,DSL,1,0,1,0,0,0,Month-to-month,0,Bank transfer (automatic),33.6,2117.2,0,34.71,2,0.077488236,Low
5499-ECUTN,0,0,1,1,72,1,1,Fiber optic,0,1,1,1,0,0,Two year,0,Bank transfer (automatic),90.45,6565.85,0,91.19,3,0.007903895,Low
4981-FLTMF,1,0,0,0,5,1,1,Fiber optic,0,0,0,0,1,0,Month-to-month,1,Electronic check,84.0,424.75,0,84.95,1,0.90296054,High
9121-PHQSR,1,0,0,0,49,1,0,DSL,1,1,1,1,0,0,Two year,0,Bank transfer (automatic),67.4,3306.85,0,67.49,4,0.0551167,Low
3113-IWHLC,0,0,0,0,8,1,0,No,0,0,0,0,0,0,Month-to-month,1,Bank transfer (automatic),19.7,168.9,0,21.11,0,0.31639966,Medium
4277-BWBML,0,0,0,0,3,1,0,Fiber optic,0,0,0,0,0,1,Month-to-month,1,Electronic check,80.35,253.8,0,84.6,1,0.8823558,High
0234-TEVTT,0,0,1,1,9,1,0,No,0,0,0,0,0,0,Two year,0,Mailed check,19.6,197.4,0,21.93,0,0.037341233,Low
4304-TSPVK,0,0,1,1,67,1,0,DSL,1,1,0,0,0,0,Two year,1,Bank transfer (automatic),54.2,3838.2,0,57.29,2,0.014837579,Low
1552-AAGRX,0,0,0,0,46,1,0,DSL,0,0,0,0,0,0,Month-to-month,1,Credit card (automatic),45.2,2065.15,0,44.89,0,0.3293737,Medium
2637-FKFSY,1,0,1,0,67,1,1,DSL,1,1,1,0,0,1,One year,0,Mailed check,75.1,5064.45,0,75.59,4,0.14394602,Low
9796-MVYXX,1,0,1,0,55,1,0,No,0,0,0,0,0,0,One year,0,Electronic check,19.7,1140.05,0,20.73,0,0.15678199,Low
7874-ECPQJ,0,0,1,0,33,1,1,DSL,1,1,1,0,1,0,Month-to-month,1,Bank transfer (automatic),72.75,2447.45,0,74.17,4,0.43257052,Medium
0020-INWCK,0,0,1,1,62,1,0,No,0,0,0,0,0,0,Two year,0,Credit card (automatic),20.05,1263.9,0,20.39,0,0.0070223208,Low
7089-RKVSZ,0,0,1,1,49,0,0,DSL,1,0,0,0,0,1,Month-to-month,1,Electronic check,39.2,1838.15,0,37.51,2,0.19010574,Low
2683-JXWQQ,0,0,0,0,1,1,0,DSL,0,0,0,0,0,0,Month-to-month,1,Electronic check,44.75,44.75,0,44.75,0,0.8578092,High
9548-ZMVTX,0,0,1,0,14,1,1,Fiber optic,0,1,1,0,0,0,Month-to-month,1,Electronic check,82.65,1185.0,0,84.64,2,0.8553622,High
8739-XNIKG,0,1,0,0,18,1,1,Fiber optic,0,0,1,1,1,0,Month-to-month,0,Bank transfer (automatic),93.9,1743.9,0,96.88,3,0.599355,Medium
9755-JHNMN,1,0,1,0,72,1,1,Fiber optic,1,1,1,1,1,1,Two year,1,Credit card (automatic),117.15,8529.5,0,118.47,6,0.0836975,Low
3981-QSVQI,0,0,0,0,64,1,1,Fiber optic,1,0,1,1,0,1,Two year,0,Credit card (automatic),99.25,6549.45,0,102.34,4,0.13732563,Low
2789-HQBOU,0,0,1,0,69,1,1,Fiber optic,1,1,1,1,1,1,Two year,1,Bank transfer (automatic),112.55,7806.5,0,113.14,6,0.28150713,Low
9424-CMPOG,1,0,0,0,1,1,1,No,0,0,0,0,0,0,Month-to-month,1,Electronic check,25.7,25.7,0,25.7,0,0.75387126,High
5067-WJEUN,0,0,1,1,71,1,1,DSL,1,1,1,1,1,1,Two year,0,Credit card (automatic),90.3,6287.3,0,88.55,6,0.009088305,Low
3450-WXOAT,1,0,1,1,66,1,0,DSL,0,0,0,1,0,0,One year,1,Credit card (automatic),49.4,3251.85,0,49.27,1,0.030604556,Low
9251-WNSOD,0,0,0,0,2,1,0,No,0,0,0,0,0,0,Month-to-month,0,Mailed check,19.4,50.6,0,25.3,0,0.37534943,Medium
6974-DAFLI,1,1,1,0,71,1,0,Fiber optic,1,1,1,1,1,1,Two year,1,Bank transfer (automatic),109.7,7904.25,0,111.33,6,0.11808769,Low
2616-UUTFK,0,0,0,0,11,1,0,DSL,0,1,0,0,1,0,One year,1,Electronic check,61.25,729.95,0,66.36,2,0.38332543,Medium
7064-JHXCE,0,0,0,1,47,1,0,DSL,1,1,0,0,0,0,Month-to-month,1,Electronic check,55.3,2654.05,0,56.47,2,0.18236294,Low
7989-AWGEH,0,0,1,1,60,1,1,Fiber optic,0,1,0,1,1,1,Month-to-month,1,Bank transfer (automatic),103.75,5969.95,0,99.5,4,0.09049256,Low
4373-VVHQL,0,0,0,0,11,1,0,No,0,0,0,0,0,0,One year,0,Mailed check,19.5,226.8,0,20.62,0,0.093749665,Low
4559-UWIHT,1,0,0,0,29,0,0,DSL,1,1,0,1,0,0,One year,0,Credit card (automatic),39.5,1082.75,0,37.34,3,0.1395868,Low
7268-IGMFD,0,0,1,1,21,0,0,DSL,0,0,0,0,0,0,Month-to-month,1,Electronic check,26.05,565.75,0,26.94,0,0.2512143,Low
6650-BWFRT,0,1,1,0,48,1,1,Fiber optic,0,0,1,0,0,1,Month-to-month,1,Credit card (automatic),91.05,4370.75,0,91.06,2,0.6709195,High
9570-KYEUA,1,0,0,1,3,0,0,DSL,0,1,0,0,0,0,Month-to-month,0,Mailed check,29.65,90.05,0,30.02,1,0.47117746,Medium
6993-YGFJV,1,0,1,1,43,1,0,DSL,0,1,0,0,0,0,Month-to-month,0,Mailed check,50.2,2169.4,0,50.45,1,0.076016024,Low
2712-SYWAY,0,0,0,0,5,1,1,Fiber optic,0,1,1,0,1,1,Month-to-month,0,Electronic check,105.3,550.6,0,110.12,4,0.8853676,High
0730-BGQGF,1,0,0,0,1,1,0,DSL,0,0,0,0,0,1,Month-to-month,1,Electronic check,55.45,55.45,0,55.45,1,0.8647201,High
5498-IBWPI,0,0,1,1,71,1,1,DSL,1,0,1,1,1,1,One year,0,Electronic check,85.45,6300.85,0,88.74,5,0.031694602,Low
9101-NTIXF,1,0,1,0,8,1,0,No,0,0,0,0,0,0,One year,0,Electronic check,19.8,160.05,0,20.01,0,0.19526348,Low
0013-SMEOE,0,0,0,0,8,1,1,DSL,0,0,0,0,1,0,Month-to-month,1,Electronic check,59.25,436.6,0,54.58,1,0.69600093,High
9314-QDMDW,0,0,0,0,20,1,1,Fiber optic,0,0,1,0,1,0,Month-to-month,1,Credit card (automatic),90.7,1781.35,0,89.07,2,0.66664815,High
9308-ANMVE,0,0,0,0,71,1,1,Fiber optic,0,1,0,0,0,0,One year,1,Credit card (automatic),79.05,5552.5,0,78.2,1,0.19939105,Low
3413-DHLPB,1,1,1,0,31,1,1,Fiber optic,0,0,1,0,1,0,One year,1,Electronic check,90.7,2835.5,0,91.47,2,0.59481263,Medium
7649-PHJVR,1,1,1,0,38,1,1,Fiber optic,1,1,0,0,0,1,One year,0,Credit card (automatic),95.0,3591.25,0,94.51,3,0.37135053,Medium
6114-TCFID,1,0,1,1,2,0,0,DSL,0,1,0,0,0,0,Month-to-month,1,Mailed check,30.25,63.75,0,31.88,1,0.57399863,Medium
3787-TRIAL,1,0,1,0,12,0,0,DSL,0,0,1,0,1,1,Month-to-month,1,Bank transfer (automatic),49.85,617.15,0,51.43,3,0.67984086,High
2573-GYRUU,1,0,0,1,9,1,0,Fiber optic,1,0,1,1,0,1,Month-to-month,0,Bank transfer (automatic),93.0,870.25,0,96.69,4,0.39330748,Medium
5156-UMKOW,0,1,0,1,11,1,0,DSL,0,1,0,1,0,0,Month-to-month,1,Electronic check,54.55,601.25,0,54.66,2,0.3557439,Medium
1247-QBVSH,0,0,0,1,6,1,0,No,0,0,0,0,0,0,Month-to-month,0,Mailed check,19.7,111.65,0,18.61,0,0.13036989,Low
6734-GMPVK,1,0,1,0,71,1,0,DSL,1,1,1,1,1,1,One year,1,Bank transfer (automatic),84.8,6046.1,0,85.16,6,0.09985291,Low
9822-OAOVB,1,0,1,1,42,1,1,Fiber optic,1,1,0,0,1,0,One year,1,Credit card (automatic),94.45,3923.8,0,93.42,3,0.04139706,Low
6161-ERDGD,1,0,1,1,45,1,0,No,0,0,0,0,0,0,Two year,0,Mailed check,20.85,892.15,0,19.83,0,0.015256256,Low
1226-JZNKR,0,0,1,1,28,0,0,DSL,0,1,1,1,1,1,One year,1,Credit card (automatic),60.0,1682.05,0,60.07,5,0.066965625,Low
7318-EIVKO,1,0,1,0,43,1,1,Fiber optic,0,1,0,0,0,0,Month-to-month,0,Electronic check,80.45,3398.9,0,79.04,1,0.61163014,High
3771-PZOBW,0,0,0,1,60,1,1,DSL,1,0,1,1,1,1,Two year,1,Electronic check,84.95,4984.85,0,83.08,5,0.023422966,Low
8231-BSWXX,0,0,1,1,7,0,0,DSL,1,0,1,1,0,1,Two year,0,Credit card (automatic),49.65,305.55,0,43.65,4,0.08336582,Low
6486-LHTMA,1,0,1,0,25,1,0,No,0,0,0,0,0,0,One year,1,Bank transfer (automatic),20.2,507.9,0,20.32,0,0.109641165,Low
4083-BFNYK,0,0,0,0,27,1,1,Fiber optic,0,0,1,0,1,1,One year,1,Bank transfer (automatic),100.5,2673.45,0,99.02,3,0.5616875,Medium
7389-KBFIT,0,0,0,0,10,0,0,DSL,0,1,0,1,0,0,Month-to-month,0,Electronic check,35.75,389.8,0,38.98,2,0.50580734,Medium
7176-WIONM,1,1,0,0,27,1,1,Fiber optic,0,1,1,0,0,0,Month-to-month,1,Bank transfer (automatic),86.45,2401.05,0,88.93,2,0.65280265,High
5141-ZUVBH,1,0,0,0,11,1,0,DSL,0,0,1,1,0,0,One year,0,Bank transfer (automatic),53.8,651.55,0,59.23,2,0.17196764,Low
1089-HDMKP,0,0,1,1,4,0,0,DSL,1,0,0,0,1,0,Month-to-month,0,Credit card (automatic),38.55,156.1,0,39.02,2,0.51034206,Medium
7623-HKYRK,0,0,0,0,68,0,0,DSL,0,0,1,0,0,1,Month-to-month,1,Bank transfer (automatic),39.9,2796.35,0,41.12,2,0.44493717,Medium
0310-SUCIN,0,1,0,0,1,1,0,Fiber optic,0,0,0,0,0,0,Month-to-month,1,Electronic check,70.05,70.05,0,70.05,0,0.9332646,High
5197-PYEPU,1,0,0,0,18,1,0,No,0,0,0,0,0,0,One year,0,Mailed check,20.1,407.05,0,22.61,0,0.056205362,Low
6619-RPLQZ,0,0,0,0,26,1,0,No,0,0,0,0,0,0,Month-to-month,1,Electronic check,20.3,511.25,0,19.66,0,0.3087653,Medium
3275-RHRNE,1,0,1,0,17,0,0,DSL,0,1,1,0,0,0,Month-to-month,1,Credit card (automatic),35.65,646.05,0,38.0,2,0.588649,Medium
3503-TYDAY,0,1,1,0,59,1,0,Fiber optic,1,1,1,0,0,0,One year,1,Credit card (automatic),82.95,4903.15,0,83.1,3,0.23431991,Low
6901-GOGZG,0,0,0,0,30,1,0,DSL,1,0,1,0,0,0,Two year,1,Mailed check,55.65,1653.85,0,55.13,2,0.06662303,Low
7021-XSNYE,1,1,1,0,50,1,1,No,0,0,0,0,0,0,One year,0,Electronic check,25.2,1306.3,0,26.13,0,0.17952314,Low
9621-OUPYD,0,0,0,0,9,0,0,DSL,1,0,1,1,0,1,One year,0,Mailed check,50.8,463.6,0,51.51,4,0.17896299,Low
8982-NHAVY,1,0,1,1,3,1,0,No,0,0,0,0,0,0,Month-to-month,0,Mailed check,19.65,60.65,0,20.22,0,0.21963336,Low
4307-KWMXE,1,0,0,1,14,1,0,DSL,0,0,1,0,1,0,Month-to-month,1,Credit card (automatic),59.8,824.85,0,58.92,2,0.26413515,Low
0141-YEAYS,1,1,0,0,31,1,0,Fiber optic,1,0,0,0,0,0,Month-to-month,1,Credit card (automatic),73.55,2094.65,0,67.57,1,0.53659505,Medium
2450-ZKEED,1,0,0,0,7,1,0,DSL,1,1,1,0,0,0,Month-to-month,0,Electronic check,61.4,438.9,0,62.7,3,0.39630347,Medium
3694-DELSO,0,0,1,0,17,1,0,No,0,0,0,0,0,0,One year,0,Bank transfer (automatic),19.9,329.75,0,19.4,0,0.0965027,Low
3893-JRNFS,0,0,1,1,32,1,0,No,0,0,0,0,0,0,Month-to-month,1,Credit card (automatic),19.45,674.55,0,21.08,0,0.0575055,Low
9603-OAIHC,1,1,0,0,2,1,0,Fiber optic,0,0,0,0,1,0,Month-to-month,0,Mailed check,81.5,162.55,0,81.28,1,0.8153042,High
1133-KXCGE,1,0,1,1,72,1,1,Fiber optic,1,1,1,0,1,1,Two year,0,Credit card (automatic),109.55,7887.25,0,109.55,5,0.014492481,Low
0142-GVYSN,1,0,1,1,27,1,0,Fiber optic,1,0,0,0,0,0,Month-to-month,0,Mailed check,74.4,1972.35,0,73.05,1,0.11536515,Low
1049-FYSYG,0,0,0,0,7,1,0,Fiber optic,0,0,1,0,0,0,Month-to-month,1,Electronic check,74.9,490.55,0,70.08,1,0.8314964,High
8406-LNMHF,0,0,1,1,11,1,0,DSL,0,0,1,0,1,0,Month-to-month,1,Bank transfer (automatic),59.65,683.25,0,62.11,2,0.22032356,Low
1821-BUCWY,1,0,1,1,72,1,1,Fiber optic,1,0,1,1,1,1,Two year,1,Bank transfer (automatic),110.45,8058.85,0,111.93,5,0.014727472,Low
0023-UYUPN,1,1,0,0,4,1,1,Fiber optic,0,0,0,0,0,0,Month-to-month,1,Electronic check,74.45,294.45,0,73.61,0,0.8896818,High
8314-DPQHL,1,0,0,0,71,1,1,No,0,0,0,0,0,0,Two year,0,Electronic check,24.55,1719.15,0,24.21,0,0.043413486,Low
1465-WCZVT,0,0,1,1,47,1,1,No,0,0,0,0,0,0,Two year,0,Mailed check,24.55,1160.45,0,24.69,0,0.01666411,Low
9481-SFCQY,0,1,1,0,57,1,0,Fiber optic,0,1,1,0,1,0,One year,1,Electronic check,90.65,5199.8,0,91.22,3,0.46331054,Medium
6360-SVNWV,0,1,1,0,50,1,1,Fiber optic,1,0,1,0,1,1,Two year,1,Credit card (automatic),105.05,5163.3,0,103.27,4,0.41549262,Medium
0567-GGCAC,0,0,0,0,8,1,0,No,0,0,0,0,0,0,Month-to-month,1,Credit card (automatic),20.45,162.3,0,20.29,0,0.25517002,Low
8884-MRNSU,1,0,1,1,48,1,0,No,0,0,0,0,0,0,Two year,0,Mailed check,19.55,883.35,0,18.4,0,0.013281016,Low
2171-UDMFD,1,0,0,0,70,1,0,No,0,0,0,0,0,0,One year,0,Bank transfer (automatic),19.7,1341.5,0,19.16,0,0.05695934,Low
9050-IKDZA,0,0,0,1,1,1,0,DSL,1,1,0,1,0,1,Month-to-month,1,Bank transfer (automatic),70.45,70.45,0,70.45,4,0.5556095,Medium
9802-CAQUT,0,0,1,0,8,1,1,Fiber optic,0,0,0,0,0,1,Month-to-month,1,Bank transfer (automatic),85.65,659.45,0,82.43,1,0.8541038,High
0187-WZNAB,0,0,1,1,60,1,0,No,0,0,0,0,0,0,Two year,0,Mailed check,20.55,1205.05,0,20.08,0,0.008646765,Low
1475-VWVDO,0,0,1,1,49,1,1,Fiber optic,0,0,0,1,1,1,One year,1,Electronic check,97.95,4917.9,0,100.37,3,0.08374762,Low
1357-MVDOZ,1,0,0,0,29,1,0,No,0,0,0,0,0,0,One year,0,Mailed check,20.0,599.3,0,20.67,0,0.05301346,Low
7602-MVRMB,1,0,1,0,67,1,1,No,0,0,0,0,0,0,Two year,1,Credit card (automatic),25.25,1733.15,0,25.87,0,0.05201557,Low
1197-BVMVG,0,0,1,0,67,1,1,DSL,1,1,1,1,0,0,Two year,0,Credit card (automatic),70.9,4677.1,0,69.81,4,0.059449203,Low
5406-KGRMX,1,0,1,1,6,1,0,No,0,0,0,0,0,0,Month-to-month,0,Mailed check,19.85,119.3,0,19.88,0,0.16308558,Low
5968-HYJRZ,1,0,0,0,47,1,1,Fiber optic,0,1,1,0,1,1,Month-to-month,1,Electronic check,106.35,4849.1,0,103.17,4,0.7893786,High
5198-EFNBM,1,0,0,0,53,1,0,Fiber optic,1,1,1,1,0,1,Two year,0,Mailed check,99.5,5424.25,0,102.34,5,0.1332316,Low
7516-GMHUV,0,0,1,0,69,1,0,DSL,1,1,1,1,1,1,Two year,1,Mailed check,84.7,5878.9,0,85.2,6,0.045055512,Low
7140-ADSMJ,0,0,0,0,3,1,0,Fiber optic,1,0,0,0,0,1,Month-to-month,1,Mailed check,86.05,244.85,0,81.62,2,0.73144734,High
2230-XTUWL,0,0,0,0,4,1,0,DSL,0,0,0,0,0,0,Month-to-month,0,Mailed check,44.55,220.75,0,55.19,0,0.54256755,Medium
7706-YLMQA,0,0,1,1,56,1,1,DSL,1,1,0,1,0,1,Two year,1,Credit card (automatic),75.85,4261.2,0,76.09,4,0.014879451,Low
2585-KTFRE,0,1,1,0,61,1,1,No,0,0,0,0,0,0,Two year,0,Bank transfer (automatic),25.0,1501.75,0,24.62,0,0.038022593,Low
7994-UYIVZ,1,0,1,0,2,1,0,DSL,0,0,0,0,0,0,Month-to-month,1,Electronic check,45.0,89.75,0,44.88,0,0.84253055,High
7717-BICXI,0,0,1,1,12,1,0,No,0,0,0,0,0,0,Month-to-month,0,Mailed check,20.5,255.5,0,21.29,0,0.09122532,Low
6559-RAKOZ,1,0,1,1,28,1,1,Fiber optic,0,0,0,1,0,1,One year,1,Electronic check,90.45,2509.25,0,89.62,2,0.089671314,Low
4716-MRVEN,0,0,0,0,24,1,0,DSL,1,1,0,1,0,0,Month-to-month,0,Bank transfer (automatic),60.45,1440.75,0,60.03,3,0.21030046,Low
2143-LJULT,1,0,1,1,68,1,1,DSL,1,1,1,1,0,1,One year,1,Electronic check,78.45,5333.35,0,78.43,5,0.033274192,Low
3200-MNQTF,0,0,0,1,39,1,1,Fiber optic,0,0,0,1,1,1,Two year,0,Mailed check,100.55,3895.35,0,99.88,3,0.0678036,Low
6164-HXUGH,1,0,1,0,42,1,0,No,0,0,0,0,0,0,Month-to-month,0,Credit card (automatic),20.35,869.9,0,20.71,0,0.18299091,Low
5630-IXDXV,1,0,1,0,6,1,1,Fiber optic,0,1,0,0,0,1,Month-to-month,1,Electronic check,90.75,512.25,0,85.38,2,0.87542814,High
0320-DWVTU,1,0,1,0,38,1,0,No,0,0,0,0,0,0,One year,1,Credit card (automatic),20.25,814.75,0,21.44,0,0.10962366,Low
9135-MGVPY,0,0,0,0,18,1,0,No,0,0,0,0,0,0,Two year,0,Credit card (automatic),20.05,388.6,0,21.59,0,0.035572417,Low
1212-GLHMD,1,0,1,0,4,1,0,No,0,0,0,0,0,0,Month-to-month,0,Mailed check,19.6,93.45,0,23.36,0,0.3736858,Medium
7878-JGDKK,0,0,1,0,27,1,0,DSL,0,1,0,1,0,0,Month-to-month,1,Electronic check,53.8,1389.85,0,51.48,2,0.45675972,Medium
1088-AUUZZ,0,0,0,1,41,1,0,DSL,1,1,1,0,1,0,One year,0,Mailed check,70.2,2894.55,0,70.6,4,0.051296026,Low
6614-YWYSC,0,0,1,1,50,1,0,DSL,1,0,0,1,1,1,One year,0,Electronic check,75.5,4025.6,0,80.51,4,0.033562366,Low
9588-OZDMQ,0,0,1,1,72,1,0,No,0,0,0,0,0,0,Two year,0,Electronic check,20.35,1354.4,0,18.81,0,0.007611745,Low
6476-EPYZR,1,0,0,0,70,1,1,No,0,0,0,0,0,0,One year,0,Credit card (automatic),26.05,1856.4,0,26.52,0,0.06961699,Low
1174-FGIFN,0,0,1,1,44,1,0,No,0,0,0,0,0,0,One year,0,Bank transfer (automatic),20.6,926.0,0,21.05,0,0.019181132,Low
6620-HVDUJ,1,0,1,1,34,1,0,No,0,0,0,0,0,0,One year,1,Bank transfer (automatic),20.1,682.1,0,20.06,0,0.02461567,Low
1032-MAELW,1,1,1,0,72,1,1,No,0,0,0,0,0,0,Two year,0,Bank transfer (automatic),24.3,1778.7,0,24.7,0,0.02449348,Low
7641-TQFHN,0,0,1,0,71,1,1,No,0,0,0,0,0,0,Two year,1,Electronic check,24.5,1816.2,0,25.58,0,0.056553744,Low
1552-TKMXS,1,0,0,0,64,1,1,Fiber optic,0,1,1,1,1,1,Two year,1,Credit card (automatic),110.5,7069.25,0,110.46,5,0.26603758,Low
8622-ZLFKO,1,0,1,0,72,1,1,No,0,0,0,0,0,0,Two year,1,Bank transfer (automatic),25.25,1841.2,0,25.57,0,0.028804548,Low
6188-UXBBR,0,1,1,0,29,1,0,Fiber optic,1,0,1,0,0,1,One year,0,Bank transfer (automatic),90.1,2656.7,0,91.61,3,0.3381469,Medium
2333-KWEWW,1,0,1,0,23,1,0,DSL,1,0,1,1,0,1,One year,1,Bank transfer (automatic),68.75,1689.45,0,73.45,4,0.16402139,Low
5702-SKUOB,0,0,1,1,52,1,0,No,0,0,0,0,0,0,Two year,0,Mailed check,19.2,1054.75,0,20.28,0,0.016334824,Low
1134-YWTYF,1,0,0,0,64,1,1,Fiber optic,1,1,1,1,1,1,Two year,1,Bank transfer (automatic),115.1,7334.05,0,114.59,6,0.22373769,Low
6061-GWWAV,0,0,0,0,24,1,1,Fiber optic,0,1,0,0,1,1,Month-to-month,1,Bank transfer (automatic),99.65,2404.85,0,100.2,3,0.78294766,High
0679-TDGAK,0,0,1,0,2,1,1,Fiber optic,0,0,1,0,1,0,Month-to-month,1,Electronic check,91.45,171.45,0,85.72,2,0.927753,High
6585-WCEWR,1,0,1,1,34,1,0,DSL,1,1,1,1,1,1,Two year,0,Mailed check,84.75,2839.45,0,83.51,6,0.019937465,Low
9067-YGSCA,0,0,1,1,53,1,1,DSL,0,0,1,1,1,1,One year,1,Mailed check,78.75,3942.45,0,74.39,4,0.03674675,Low
9067-SQTNS,1,0,1,1,47,1,0,No,0,0,0,0,0,0,Two year,0,Credit card (automatic),20.25,873.4,0,18.58,0,0.009717507,Low
1776-SPBWV,0,0,0,1,72,1,0,No,0,0,0,0,0,0,Two year,0,Credit card (automatic),19.9,1529.65,0,21.25,0,0.007464472,Low
8735-SDUFN,0,0,1,1,72,1,1,Fiber optic,1,1,0,1,0,1,Two year,1,Credit card (automatic),97.75,6991.6,0,97.11,4,0.012169144,Low
9668-PUGNU,1,0,0,0,7,1,0,Fiber optic,0,0,1,1,1,1,Month-to-month,1,Electronic check,100.4,715.0,0,102.14,4,0.88087815,High
9405-GPBBG,1,0,1,0,71,1,1,No,0,0,0,0,0,0,Two year,1,Credit card (automatic),24.45,1681.6,0,23.68,0,0.03179949,Low
1926-QUZNN,1,1,0,0,41,1,0,Fiber optic,0,0,1,1,1,1,One year,1,Bank transfer (automatic),101.1,4016.2,0,97.96,4,0.45545775,Medium
7016-NVRIC,0,0,1,1,67,0,0,DSL,1,0,0,0,1,1,Two year,0,Credit card (automatic),50.9,3281.65,0,48.98,3,0.02906836,Low
5829-NVSQN,0,0,1,0,69,1,1,Fiber optic,1,1,1,1,0,1,One year,1,Credit card (automatic),107.2,7317.1,0,106.04,5,0.47468874,Medium
9565-AXSMR,1,1,1,0,70,1,1,DSL,1,1,1,1,1,1,Two year,1,Bank transfer (automatic),92.2,6474.45,0,92.49,6,0.0732492,Low
8869-LIHMK,0,0,0,0,72,1,1,Fiber optic,1,1,1,1,1,1,Two year,0,Bank transfer (automatic),113.4,8164.1,0,113.39,6,0.10878312,Low
0447-RXSGD,0,0,1,1,34,0,0,DSL,0,0,0,1,1,0,Two year,1,Electronic check,40.55,1325.85,0,39.0,2,0.05543951,Low
4927-WWOOZ,1,0,1,1,65,1,1,No,0,0,0,0,0,0,Two year,0,Credit card (automatic),26.0,1654.85,0,25.46,0,0.01134838,Low
5788-YPOEG,1,0,0,0,70,1,1,Fiber optic,1,1,1,1,1,1,Two year,1,Credit card (automatic),111.95,7795.95,0,111.37,6,0.21050628,Low
0661-KBKPA,1,0,1,1,72,0,0,DSL,1,0,1,0,1,1,Two year,1,Credit card (automatic),53.8,3952.45,0,54.9,4,0.01497326,Low
9081-WWXKP,0,0,0,1,35,1,0,DSL,0,0,0,1,1,1,One year,1,Mailed check,72.1,2495.15,0,71.29,3,0.07945776,Low
0784-ZQJZX,1,0,1,0,12,1,1,DSL,1,0,1,0,1,1,One year,0,Electronic check,78.85,876.75,0,73.06,4,0.3615194,Medium
3133-PZNSR,1,0,1,1,62,1,0,DSL,1,0,1,1,1,0,One year,1,Bank transfer (automatic),70.75,4263.45,0,68.77,4,0.0192713,Low
0722-SVSFK,1,0,0,0,25,1,0,DSL,1,0,0,1,1,1,Month-to-month,1,Credit card (automatic),76.15,1992.95,0,79.72,4,0.34130928,Medium
3612-YVGSJ,1,0,0,0,52,0,0,DSL,1,1,0,1,0,0,Two year,0,Mailed check,39.1,1982.1,0,38.12,3,0.046022218,Low
9825-YCXWZ,0,1,0,0,8,1,0,Fiber optic,0,0,0,0,0,0,Month-to-month,1,Credit card (automatic),69.95,562.7,0,70.34,0,0.7253612,High
5397-NSKQG,0,0,0,0,2,1,0,No,0,0,0,0,0,0,Month-to-month,0,Mailed check,20.05,33.7,0,16.85,0,0.32979375,Medium
8565-HBFNN,1,0,1,1,56,1,0,No,0,0,0,0,0,0,Two year,0,Mailed check,20.05,1090.1,0,19.47,0,0.012797072,Low
2000-DHJUY,1,0,0,0,12,1,0,No,0,0,0,0,0,0,Month-to-month,0,Bank transfer (automatic),19.45,227.45,0,18.95,0,0.19066101,Low
8670-ERCJH,1,0,1,0,47,1,1,No,0,0,0,0,0,0,One year,0,Electronic check,26.9,1250.85,0,26.61,0,0.17751864,Low
7758-UJWYS,0,1,0,0,2,1,0,No,0,0,0,0,0,0,Month-to-month,0,Electronic check,19.2,37.2,0,18.6,0,0.48993075,Medium
2050-ONYDQ,1,0,0,0,18,1,0,DSL,0,0,1,0,0,0,Month-to-month,1,Mailed check,50.0,892.7,0,49.59,1,0.38568366,Medium
7055-JCGNI,1,0,0,0,8,1,0,DSL,1,0,0,0,1,0,Month-to-month,1,Electronic check,60.0,487.75,0,60.97,2,0.5946202,Medium
0739-UUAJR,0,0,1,0,45,1,1,Fiber optic,1,0,1,0,0,0,Month-to-month,1,Mailed check,84.55,3713.95,0,82.53,2,0.51482373,Medium
4826-DXMUP,0,0,0,0,3,1,0,DSL,0,0,0,0,0,0,Month-to-month,0,Mailed check,45.45,141.7,0,47.23,0,0.6500219,High
7285-KLOTR,1,0,0,0,38,1,0,No,0,0,0,0,0,0,One year,0,Mailed check,20.05,678.2,0,17.85,0,0.04703278,Low
0654-PQKDW,0,0,1,0,72,1,1,Fiber optic,1,1,1,1,1,1,Two year,1,Electronic check,115.55,8425.3,0,117.02,6,0.1290871,Low
7175-NTIXE,1,0,1,1,71,1,1,Fiber optic,1,1,1,0,1,0,Two year,1,Credit card (automatic),99.0,7061.65,0,99.46,4,0.014106887,Low
7963-SHNDT,0,0,1,1,66,0,0,DSL,0,0,0,1,1,1,Two year,0,Bank transfer (automatic),50.55,3364.55,0,50.98,3,0.022899179,Low
9796-BPKIW,1,0,1,1,13,1,1,No,0,0,0,0,0,0,Two year,1,Bank transfer (automatic),25.0,332.5,0,25.58,0,0.043001022,Low
0188-GWFLE,1,0,1,1,65,1,1,DSL,1,1,1,1,1,1,Two year,0,Bank transfer (automatic),91.55,5963.95,0,91.75,6,0.011269776,Low
8129-GMVGI,0,0,1,1,15,1,0,No,0,0,0,0,0,0,Two year,0,Mailed check,19.35,278.85,0,18.59,0,0.029377427,Low
2882-DDZPG,1,0,1,0,72,1,1,No,0,0,0,0,0,0,Two year,0,Credit card (automatic),24.85,1871.85,0,26.0,0,0.023746135,Low
3547-LQRIK,1,0,1,1,42,1,0,Fiber optic,0,0,1,1,1,1,Two year,1,Electronic check,100.4,4303.65,0,102.47,4,0.05373968,Low
9137-NOQKA,1,0,1,0,71,1,1,No,0,0,0,0,0,0,Two year,0,Bank transfer (automatic),25.0,1753.0,0,24.69,0,0.0278527,Low
5843-TTHGI,1,0,0,0,35,1,0,No,0,0,0,0,0,0,Month-to-month,0,Bank transfer (automatic),19.25,617.65,0,17.65,0,0.1369776,Low
1849-RJYIG,1,0,1,1,53,1,0,Fiber optic,0,1,1,1,1,1,Month-to-month,1,Bank transfer (automatic),108.25,5935.1,0,111.98,5,0.11531348,Low
8868-GAGIO,0,0,0,0,48,1,0,No,0,0,0,0,0,0,Two year,0,Credit card (automatic),20.15,982.95,0,20.48,0,0.035625655,Low
4061-UKJWL,1,1,0,1,30,1,1,Fiber optic,0,0,0,1,1,1,Month-to-month,1,Electronic check,101.3,2974.5,0,99.15,3,0.3909607,Medium
5380-XPJNZ,0,0,0,0,10,1,0,No,0,0,0,0,0,0,Month-to-month,0,Credit card (automatic),20.0,198.7,0,19.87,0,0.20946427,Low
8263-QMNTJ,1,0,0,1,12,1,1,Fiber optic,0,1,1,0,1,1,Month-to-month,1,Electronic check,105.3,1275.65,0,106.3,4,0.718715,High
3230-JCNZS,1,1,0,0,57,1,0,DSL,1,0,1,1,1,0,Two year,0,Bank transfer (automatic),69.85,4003.0,0,70.23,4,0.054375567,Low
0277-ORXQS,1,0,1,0,58,1,0,DSL,1,1,0,0,1,0,Month-to-month,1,Credit card (automatic),65.25,3791.6,0,65.37,3,0.2819861,Low
7996-BPXHY,1,0,0,0,37,1,0,No,0,0,0,0,0,0,Two year,0,Mailed check,19.8,813.3,0,21.98,0,0.04636116,Low
3227-WLKLI,1,0,1,1,44,1,0,No,0,0,0,0,0,0,Month-to-month,0,Mailed check,19.6,780.25,0,17.73,0,0.045380965,Low
2266-FUBDZ,0,0,0,1,27,1,0,No,0,0,0,0,0,0,One year,0,Credit card (automatic),20.05,552.9,0,20.48,0,0.020850934,Low
8237-ULIXL,1,0,0,0,8,1,0,DSL,0,0,0,1,0,0,Month-to-month,0,Electronic check,49.4,408.25,0,51.03,1,0.4868069,Medium
8216-AZUUZ,1,1,1,0,25,1,0,Fiber optic,0,1,1,0,0,1,Month-to-month,0,Bank transfer (automatic),88.4,2191.15,0,87.65,3,0.5979313,Medium
9153-BTBVV,1,0,1,1,57,1,1,Fiber optic,0,1,0,0,1,1,Month-to-month,1,Electronic check,100.6,5611.7,0,98.45,3,0.1557052,Low
5186-PEIZU,1,0,0,0,12,1,0,No,0,0,0,0,0,0,Month-to-month,0,Mailed check,19.45,246.25,0,20.52,0,0.21993873,Low
1074-AMIOH,1,0,1,1,62,1,0,No,0,0,0,0,0,0,Two year,0,Bank transfer (automatic),20.3,1296.15,0,20.91,0,0.0076423185,Low
4361-FEBGN,1,0,1,0,65,1,1,Fiber optic,0,1,1,1,1,1,Two year,1,Bank transfer (automatic),107.65,7082.85,0,108.97,5,0.36262327,Medium
7748-UMTRK,1,0,1,0,71,1,1,DSL,0,0,1,1,1,1,Two year,1,Bank transfer (automatic),80.45,5662.25,0,79.75,4,0.05625718,Low
0380-ZCSBI,1,0,1,1,21,1,0,DSL,0,1,0,0,1,0,One year,1,Credit card (automatic),58.85,1215.45,0,57.88,2,0.049665835,Low
7145-FEJWU,0,0,1,0,71,1,1,Fiber optic,1,1,1,0,1,1,One year,1,Electronic check,109.6,7854.15,0,110.62,5,0.54601043,Medium
6463-MVYRY,1,0,0,0,7,1,0,Fiber optic,0,0,1,0,0,0,Month-to-month,1,Electronic check,75.15,525.0,0,75.0,1,0.82485217,High
3969-JQABI,1,0,0,0,72,1,0,DSL,1,1,1,1,0,1,Two year,1,Credit card (automatic),73.0,5265.2,0,73.13,5,0.026471395,Low
9624-EGDEQ,1,0,0,0,1,1,0,Fiber optic,0,0,0,0,0,0,Month-to-month,0,Electronic check,70.1,70.1,0,70.1,0,0.8942089,High
1051-EQPZR,1,0,1,1,72,1,1,Fiber optic,0,1,1,1,0,1,Two year,1,Bank transfer (automatic),98.65,7129.45,0,99.02,4,0.00980558,Low
5849-ASHZJ,1,0,1,1,64,1,1,Fiber optic,0,1,1,1,1,1,One year,1,Electronic check,111.45,7266.95,0,113.55,5,0.073144145,Low
5780-INQIK,1,0,0,0,72,1,1,Fiber optic,1,1,1,1,1,1,Two year,1,Electronic check,114.9,8496.7,0,118.01,6,0.11530584,Low
4526-ZJJTM,1,0,0,0,29,1,1,Fiber optic,0,0,1,0,1,1,Month-to-month,0,Bank transfer (automatic),100.55,2878.75,0,99.27,3,0.6734371,High
8384-FZBJK,1,0,0,0,13,1,0,No,0,0,0,0,0,0,Two year,1,Mailed check,20.4,261.3,0,20.1,0,0.06688392,Low
3750-RNQKR,1,0,0,0,31,1,1,Fiber optic,1,1,0,0,1,1,Month-to-month,0,Electronic check,104.35,3205.6,0,103.41,4,0.6924667,High
0962-CQPWQ,1,0,1,1,14,1,1,DSL,0,1,0,1,1,1,Month-to-month,0,Credit card (automatic),80.45,1137.05,0,81.22,4,0.19870026,Low
3096-YXENJ,1,0,0,0,72,1,1,DSL,1,1,1,1,1,1,Two year,1,Bank transfer (automatic),91.35,6697.2,0,93.02,6,0.026161766,Low
1265-BCFEO,0,0,1,1,25,1,0,No,0,0,0,0,0,0,One year,0,Electronic check,19.9,505.45,0,20.22,0,0.029721923,Low
5837-LXSDN,0,0,0,0,18,1,0,DSL,1,0,1,1,1,0,Month-to-month,1,Electronic check,68.35,1299.8,0,72.21,4,0.38855204,Medium
5945-AZYHT,0,0,1,0,71,1,0,DSL,0,1,1,1,1,1,Two year,1,Credit card (automatic),79.1,5564.85,0,78.38,5,0.043521605,Low
8325-QRPZR,0,1,1,1,28,1,1,DSL,0,0,0,0,0,0,One year,1,Electronic check,51.0,1381.8,0,49.35,0,0.071846224,Low
6384-VMJHP,1,0,0,1,2,1,1,Fiber optic,1,0,0,0,0,0,Month-to-month,0,Credit card (automatic),80.55,188.1,0,94.05,1,0.6100165,High
2262-SLNVK,0,0,1,1,17,1,1,DSL,0,1,1,1,0,0,Month-to-month,1,Mailed check,66.7,1077.05,0,63.36,3,0.15732813,Low
7730-CLDSV,0,0,0,0,56,1,1,Fiber optic,1,1,0,0,0,0,Month-to-month,1,Electronic check,86.4,4922.4,0,87.9,2,0.5338059,Medium
1135-HIORI,1,0,1,0,60,0,0,DSL,1,1,1,0,0,1,One year,0,Electronic check,50.05,2911.5,0,48.52,4,0.2785375,Low
0164-APGRB,1,0,0,0,33,1,1,No,0,0,0,0,0,0,Two year,0,Credit card (automatic),25.7,826.1,0,25.03,0,0.0554246,Low
6481-ESCNL,1,0,0,0,1,1,0,Fiber optic,1,1,0,1,0,0,Month-to-month,1,Mailed check,83.4,83.4,0,83.4,3,0.79123425,High
1790-NESIO,0,0,1,0,63,1,1,Fiber optic,1,0,0,1,0,0,Two year,1,Credit card (automatic),84.65,5377.8,0,85.36,2,0.07421271,Low
1550-EENBN,1,0,0,0,55,1,0,DSL,0,1,1,0,0,1,Two year,1,Mailed check,64.75,3617.1,0,65.77,3,0.072681606,Low
8198-RKSZG,1,0,1,0,65,1,1,Fiber optic,1,1,0,1,1,0,One year,1,Bank transfer (automatic),100.15,6643.5,0,102.21,4,0.33080512,Medium
9297-EONCV,0,0,0,0,63,1,1,No,0,0,0,0,0,0,Two year,0,Mailed check,25.25,1559.3,0,24.75,0,0.025639478,Low
1069-QJOEE,1,1,1,0,70,1,1,Fiber optic,1,1,1,1,1,1,Two year,1,Credit card (automatic),113.0,7987.6,0,114.11,6,0.18813588,Low
7799-DSEWS,1,0,1,1,36,0,0,DSL,1,0,1,1,0,0,Two year,0,Credit card (automatic),40.65,1547.35,0,42.98,3,0.03221695,Low
8766-PAFNE,0,0,0,0,22,1,0,Fiber optic,0,1,1,1,0,1,Month-to-month,1,Bank transfer (automatic),94.95,2142.8,0,97.4,4,0.5726505,Medium
5315-CKEQK,1,1,0,0,5,1,0,DSL,1,1,0,1,0,0,Month-to-month,0,Credit card (automatic),59.9,287.85,0,57.57,3,0.42089164,Medium
3130-ICDUP,1,0,0,0,1,1,0,No,0,0,0,0,0,0,Month-to-month,0,Credit card (automatic),19.8,19.8,0,19.8,0,0.59925485,Medium
0820-FNRNX,0,0,0,0,56,1,0,DSL,0,1,1,1,1,1,Two year,1,Credit card (automatic),81.8,4534.45,0,80.97,5,0.0658441,Low
0880-FVFWF,1,0,0,0,2,1,0,No,0,0,0,0,0,0,Month-to-month,1,Mailed check,20.0,40.9,0,20.45,0,0.42883325,Medium
4611-ANLQC,0,0,0,0,35,1,1,DSL,1,0,1,0,0,0,Month-to-month,1,Electronic check,59.6,2094.9,0,59.85,2,0.44464013,Medium
4213-HKBJO,1,0,1,0,64,1,1,No,0,0,0,0,0,0,Two year,0,Credit card (automatic),25.0,1584.8,0,24.76,0,0.03292318,Low
2792-LSHWX,1,0,0,0,15,1,1,Fiber optic,1,0,1,0,0,0,Month-to-month,1,Credit card (automatic),84.35,1302.65,0,86.84,2,0.6975288,High
0014-BMAQU,0,0,0,0,1,1,0,DSL,0,0,0,0,0,1,Month-to-month,0,Mailed check,55.55,55.55,0,55.55,1,0.74470544,High
9018-PCIOK,1,0,1,1,70,1,0,DSL,1,0,0,1,1,1,Two year,0,Credit card (automatic),75.35,5437.75,0,77.68,4,0.014284498,Low
4837-QUSFT,1,0,0,0,39,1,0,DSL,0,0,0,1,0,1,One year,0,Electronic check,59.3,2209.15,0,56.64,2,0.21489842,Low
9953-ZMKSM,1,0,0,0,29,1,1,DSL,1,0,0,0,0,1,Month-to-month,1,Electronic check,66.1,1912.15,0,65.94,2,0.43430364,Medium
0907-HQNTS,1,0,1,1,14,1,0,No,0,0,0,0,0,0,Two year,0,Mailed check,18.8,255.55,0,18.25,0,0.027823674,Low
7665-NKLAV,1,0,0,0,61,1,1,DSL,1,0,1,1,1,1,Two year,0,Credit card (automatic),86.45,5175.3,0,84.84,5,0.04535798,Low
4391-LNRXK,0,0,0,1,13,1,0,DSL,1,0,0,0,0,0,Month-to-month,1,Credit card (automatic),52.1,670.65,0,51.59,1,0.22252102,Low
8250-ZNGGW,1,0,0,0,66,0,0,DSL,1,1,1,1,0,0,Two year,1,Mailed check,47.4,3177.25,0,48.14,4,0.053793516,Low
8562-GHPPI,1,0,1,0,59,1,1,Fiber optic,1,1,1,0,1,1,One year,1,Credit card (automatic),109.15,6557.75,0,111.15,5,0.4835374,Medium
5893-PYOLZ,0,0,1,1,62,1,1,Fiber optic,1,1,0,0,1,0,One year,1,Credit card (automatic),94.95,5791.85,0,93.42,3,0.031753447,Low
4986-MXSFP,0,1,1,0,33,1,0,Fiber optic,1,1,0,1,0,1,One year,1,Electronic check,93.55,3055.5,0,92.59,4,0.41454262,Medium
6131-FOYAS,0,0,0,1,66,1,0,DSL,0,1,1,1,1,1,Two year,1,Credit card (automatic),79.5,5196.1,0,78.73,5,0.01900736,Low
3027-YNWZU,1,0,0,0,72,1,1,Fiber optic,1,1,1,1,1,1,Two year,0,Credit card (automatic),115.05,8405.0,0,116.74,6,0.08895246,Low
5609-IMCGG,1,0,1,1,51,1,1,Fiber optic,1,0,0,1,1,0,One year,1,Mailed check,95.15,5000.05,0,98.04,3,0.03709374,Low
4727-MCYZG,0,0,0,0,63,1,1,Fiber optic,0,1,0,1,1,1,Month-to-month,0,Electronic check,105.4,6713.2,0,106.56,4,0.61186624,High
9481-WHGWY,0,0,0,0,27,1,0,No,0,0,0,0,0,0,One year,0,Bank transfer (automatic),20.1,562.6,0,20.84,0,0.058615543,Low
4328-VUFWD,1,1,0,0,4,1,0,No,0,0,0,0,0,0,Month-to-month,0,Mailed check,20.05,91.45,0,22.86,0,0.30352837,Medium
3301-LSLWQ,0,0,1,1,42,1,0,No,0,0,0,0,0,0,Two year,0,Mailed check,20.7,828.85,0,19.73,0,0.014535005,Low
7473-ZBDSN,1,0,0,0,29,1,0,No,0,0,0,0,0,0,One year,0,Mailed check,20.35,617.35,0,21.29,0,0.053149056,Low
3166-PNEOF,0,0,0,0,30,1,0,No,0,0,0,0,0,0,One year,0,Mailed check,19.7,625.05,0,20.83,0,0.06181021,Low
5639-NTUPK,0,0,1,1,71,1,0,DSL,1,1,1,1,1,1,Two year,0,Bank transfer (automatic),85.45,6029.9,0,84.93,6,0.008170815,Low
8780-YRMTT,0,0,1,0,46,0,0,DSL,1,0,1,1,0,0,Two year,0,Credit card (automatic),40.4,1842.7,0,40.06,3,0.082661144,Low
5140-FOMCQ,0,0,0,0,69,1,1,Fiber optic,0,1,0,1,1,1,One year,1,Bank transfer (automatic),105.2,7386.05,0,107.04,4,0.59897584,Medium
6242-SGYTS,1,0,1,0,72,1,1,Fiber optic,1,1,1,0,1,0,Two year,0,Bank transfer (automatic),100.65,7334.05,0,101.86,4,0.068521254,Low
8166-ORCHU,0,0,0,0,28,1,0,Fiber optic,0,0,1,1,0,1,Month-to-month,0,Electronic check,91.0,2626.15,0,93.79,3,0.55436516,Medium
8414-OOEEL,1,1,1,0,72,1,1,Fiber optic,1,1,1,1,1,1,Two year,1,Credit card (automatic),116.75,8277.05,0,114.96,6,0.0859597,Low
8454-AATJP,1,0,0,0,7,1,0,DSL,1,0,0,0,0,1,One year,1,Electronic check,59.1,369.25,0,52.75,2,0.36444953,Medium
4531-AUZNK,1,0,0,0,22,1,0,DSL,1,0,0,0,0,0,Month-to-month,1,Electronic check,49.8,1049.05,0,47.68,1,0.5209737,Medium
4191-XOVOM,0,0,0,0,72,1,0,No,0,0,0,0,0,0,Two year,0,Bank transfer (automatic),19.3,1414.8,0,19.65,0,0.022433564,Low
2150-OEGBV,0,0,1,1,8,1,0,No,0,0,0,0,0,0,Month-to-month,0,Credit card (automatic),19.65,169.75,0,21.22,0,0.11955478,Low
1855-CFULU,0,0,1,0,52,1,1,DSL,1,1,1,1,0,1,One year,1,Credit card (automatic),81.4,4354.45,0,83.74,5,0.18768884,Low
4878-BUNFV,1,0,0,0,68,0,0,DSL,1,0,1,1,0,0,Two year,0,Mailed check,38.9,2719.2,0,39.99,3,0.0450787,Low
1872-EBWSC,1,0,1,0,71,1,1,DSL,1,1,1,1,1,1,Two year,0,Bank transfer (automatic),87.95,6365.35,0,89.65,6,0.037633684,Low
7026-YMSBE,0,0,0,0,2,1,0,No,0,0,0,0,0,0,Month-to-month,0,Mailed check,19.85,51.6,0,25.8,0,0.3790002,Medium
6997-UVGOX,1,1,0,0,34,1,1,Fiber optic,0,1,0,1,1,0,Month-to-month,1,Electronic check,96.35,3190.25,0,93.83,3,0.74520296,High
9674-EHPPG,1,0,0,0,35,0,0,DSL,0,0,0,0,0,0,Month-to-month,0,Electronic check,24.15,812.5,0,23.21,0,0.4376873,Medium
5440-VHLUL,1,0,1,1,61,1,0,No,0,0,0,0,0,0,One year,0,Credit card (automatic),19.1,1143.8,0,18.75,0,0.013643225,Low
5781-BKHOP,0,0,0,0,1,1,0,DSL,0,0,0,0,0,0,Month-to-month,0,Electronic check,44.0,44.0,0,44.0,0,0.7953475,High
5213-TWWJU,1,0,1,1,53,1,0,DSL,0,0,1,0,0,1,One year,0,Credit card (automatic),60.6,3297.0,0,62.21,2,0.040098343,Low
8628-MFKAX,1,0,1,0,72,1,1,No,0,0,0,0,0,0,Two year,0,Bank transfer (automatic),25.65,1887.0,0,26.21,0,0.025231685,Low
7629-WIXZF,0,1,1,0,41,0,0,DSL,0,1,1,0,1,1,Month-to-month,1,Electronic check,53.95,2215.4,0,54.03,4,0.71514904,High
5445-GLVOT,1,0,1,0,24,1,0,No,0,0,0,0,0,0,One year,0,Credit card (automatic),20.4,482.8,0,20.12,0,0.06770094,Low
3976-HXHCE,0,0,0,0,8,0,0,DSL,1,0,0,0,0,0,Month-to-month,0,Mailed check,29.35,216.45,0,27.06,1,0.45130387,Medium
2466-NEJOJ,1,0,0,0,54,1,1,Fiber optic,0,0,1,1,0,1,Two year,1,Bank transfer (automatic),95.1,5064.85,0,93.79,3,0.21653542,Low
0254-KCJGT,0,0,0,0,41,1,1,No,0,0,0,0,0,0,Month-to-month,1,Bank transfer (automatic),25.25,996.45,0,24.3,0,0.29359195,Low
5472-CVMDX,1,0,1,0,19,1,0,DSL,0,0,0,0,0,0,Month-to-month,0,Mailed check,44.9,839.65,0,44.19,0,0.36610764,Medium
6461-SZMCV,1,0,1,1,72,1,1,DSL,1,1,1,1,1,1,Two year,0,Bank transfer (automatic),92.65,6733.0,0,93.51,6,0.008229911,Low
8150-QUDFX,0,0,0,0,62,0,0,DSL,1,1,1,1,0,0,Two year,1,Bank transfer (automatic),43.7,2618.3,0,42.23,4,0.051810518,Low
9508-ILZDG,1,1,1,1,56,1,0,DSL,1,0,0,1,1,1,Two year,1,Credit card (automatic),72.6,4084.35,0,72.93,4,0.017954469,Low
2346-DJQTB,0,0,1,1,32,1,0,No,0,0,0,0,0,0,Two year,0,Mailed check,18.95,613.95,0,19.19,0,0.019329406,Low
1697-LYYYX,0,0,0,0,21,1,0,No,0,0,0,0,0,0,Month-to-month,0,Credit card (automatic),20.5,402.85,0,19.18,0,0.1316928,Low
1942-OQFRW,0,0,1,1,62,1,0,No,0,0,0,0,0,0,One year,0,Bank transfer (automatic),19.95,1244.8,0,20.08,0,0.013428665,Low
9640-ZSLDC,1,0,0,0,2,0,0,DSL,0,0,0,0,0,0,Month-to-month,0,Electronic check,24.5,46.4,0,23.2,0,0.75055814,High
4231-LZUYM,0,0,0,1,27,1,0,No,0,0,0,0,0,0,Two year,0,Mailed check,20.6,581.85,0,21.55,0,0.017851163,Low
6128-AQBMT,1,0,0,0,25,0,0,DSL,1,1,1,0,1,1,One year,0,Electronic check,61.05,1540.2,0,61.61,5,0.26780668,Low
3594-BDSOA,0,0,0,0,49,1,1,Fiber optic,0,1,0,1,1,1,One year,1,Bank transfer (automatic),106.65,5168.1,0,105.47,4,0.5906354,Medium
5133-VRSAB,1,0,0,0,63,1,1,Fiber optic,1,1,1,0,1,1,Month-to-month,0,Credit card (automatic),108.25,6780.1,0,107.62,5,0.48115408,Medium
5996-DAOQL,1,0,0,1,4,1,0,No,0,0,0,0,0,0,Month-to-month,0,Credit card (automatic),20.4,94.5,0,23.62,0,0.16989452,Low
6838-YAUVY,1,0,1,0,1,1,0,DSL,0,0,0,0,1,0,Month-to-month,1,Mailed check,55.3,55.3,0,55.3,1,0.8389648,High
0484-JPBRU,0,0,0,0,11,1,0,No,0,0,0,0,0,0,Month-to-month,0,Mailed check,20.25,208.0,0,18.91,0,0.15845849,Low
7883-ROJOC,0,1,0,0,52,1,1,Fiber optic,0,0,0,0,0,0,Month-to-month,1,Bank transfer (automatic),72.95,3829.75,0,73.65,0,0.55969024,Medium
0244-LGNFY,1,1,1,0,60,1,1,Fiber optic,0,1,0,0,0,1,Month-to-month,0,Electronic check,89.45,5294.6,0,88.24,2,0.52601683,Medium
7274-CGTOD,0,0,0,0,64,1,1,Fiber optic,0,0,1,1,1,1,One year,1,Credit card (automatic),104.65,6889.8,0,107.65,4,0.5293728,Medium
4295-YURET,1,0,1,1,43,1,0,DSL,1,0,1,0,1,1,Two year,0,Bank transfer (automatic),75.2,3254.35,0,75.68,4,0.025686521,Low
4635-EJYPD,1,0,1,0,61,1,1,Fiber optic,0,0,0,1,1,1,One year,0,Bank transfer (automatic),101.15,6383.9,0,104.65,3,0.4333403,Medium
1866-ZSLJM,0,0,0,0,66,1,1,DSL,1,1,1,1,0,0,Two year,0,Bank transfer (automatic),68.75,4447.55,0,67.39,4,0.039045334,Low
4636-TVXVG,0,0,1,0,67,1,0,Fiber optic,1,1,1,1,1,1,Two year,1,Electronic check,111.05,7321.05,0,109.27,6,0.33293477,Medium
4236-UJPWO,1,0,1,0,42,1,0,Fiber optic,0,0,1,1,1,1,Two year,1,Credit card (automatic),99.0,4135.0,0,98.45,4,0.29030833,Low
9392-XBGTD,1,0,1,1,31,1,0,No,0,0,0,0,0,0,Two year,0,Mailed check,21.0,697.7,0,22.51,0,0.016241537,Low
6402-SSEJG,0,0,0,0,7,1,0,No,0,0,0,0,0,0,Month-to-month,1,Mailed check,19.4,168.65,0,24.09,0,0.32084084,Medium
1169-SAOCL,0,0,1,1,34,1,1,DSL,0,0,1,0,1,1,One year,0,Bank transfer (automatic),77.2,2753.8,0,80.99,3,0.046078056,Low
1110-KYLGQ,0,0,0,0,3,1,0,No,0,0,0,0,0,0,One year,1,Mailed check,19.45,69.25,0,23.08,0,0.20870776,Low
9929-PLVPA,1,0,1,1,19,0,0,DSL,0,0,0,0,0,0,Month-to-month,1,Mailed check,24.85,434.8,0,22.88,0,0.16130604,Low
3518-PZXZQ,0,0,0,0,3,0,0,DSL,1,0,1,1,0,0,Month-to-month,0,Mailed check,41.35,107.25,0,35.75,3,0.5543552,Medium
2371-JUNGC,0,0,1,0,46,1,0,No,0,0,0,0,0,0,Month-to-month,0,Electronic check,19.6,851.2,0,18.5,0,0.25424376,Low
7693-QPEFS,1,0,1,1,69,1,1,Fiber optic,1,0,1,0,0,0,One year,0,Bank transfer (automatic),84.45,5848.6,0,84.76,2,0.021242885,Low
0924-BJCRC,0,0,0,0,5,1,0,No,0,0,0,0,0,0,Month-to-month,0,Mailed check,20.25,109.8,0,21.96,0,0.2712658,Low
5074-FBGHB,0,0,0,0,1,1,0,No,0,0,0,0,0,0,Month-to-month,0,Bank transfer (automatic),19.65,19.65,0,19.65,0,0.59264064,Medium
2351-BKRZW,0,0,0,0,26,1,0,No,0,0,0,0,0,0,One year,1,Credit card (automatic),20.65,595.5,0,22.9,0,0.081399,Low
4455-BFSPD,0,0,0,0,25,1,0,Fiber optic,0,0,1,1,1,1,Two year,0,Bank transfer (automatic),99.3,2513.5,0,100.54,4,0.2943305,Low
3948-KXDUF,0,0,1,1,64,1,0,Fiber optic,1,1,0,0,0,0,Month-to-month,0,Electronic check,81.05,5135.35,0,80.24,2,0.056157704,Low
2323-ARSVR,0,0,1,1,30,1,1,DSL,1,1,1,1,0,0,Month-to-month,0,Electronic check,67.6,2000.2,0,66.67,4,0.095474206,Low
0815-MFZGM,0,0,0,0,13,1,0,Fiber optic,0,0,0,0,0,0,Month-to-month,1,Electronic check,70.15,931.75,0,71.67,0,0.8000648,High
5480-XTFFL,1,0,1,0,64,1,1,Fiber optic,1,1,1,1,1,1,One year,1,Electronic check,115.0,7396.15,0,115.56,6,0.4999584,Medium
8295-FHIVV,1,0,0,1,46,1,1,Fiber optic,0,0,1,1,0,0,Month-to-month,1,Bank transfer (automatic),84.8,3958.85,0,86.06,2,0.13010824,Low
9086-YJYXS,1,0,0,0,12,1,0,No,0,0,0,0,0,0,One year,0,Mailed check,19.7,260.9,0,21.74,0,0.083786786,Low
1179-INLAT,1,0,1,1,13,1,0,DSL,1,0,1,0,0,1,Month-to-month,1,Mailed check,63.15,816.8,0,62.83,3,0.17715615,Low
7909-FIOIY,1,0,1,1,67,1,1,DSL,1,1,0,1,1,0,Two year,0,Credit card (automatic),74.0,4868.4,0,72.66,4,0.015016123,Low
6351-SCJKT,0,0,1,0,24,0,0,DSL,0,0,1,0,0,0,Month-to-month,0,Electronic check,29.1,688.0,0,28.67,1,0.59212154,Medium
5468-BPMMO,0,0,0,0,6,1,0,DSL,0,0,0,1,0,0,Month-to-month,0,Mailed check,50.05,288.35,0,48.06,1,0.38763216,Medium
0197-PNKNK,0,0,0,0,10,1,0,No,0,0,0,0,0,0,Month-to-month,0,Electronic check,20.0,185.4,0,18.54,0,0.2341609,Low
2439-QKJUL,1,0,0,0,13,1,0,Fiber optic,0,1,0,0,0,0,One year,1,Mailed check,74.65,966.25,0,74.33,1,0.45987347,Medium
1194-SPVSP,0,1,0,0,7,0,0,DSL,0,1,0,1,0,1,Month-to-month,1,Electronic check,44.4,265.8,0,37.97,3,0.64112073,High
9534-NSXEM,0,0,1,1,38,1,1,DSL,1,0,1,1,1,1,Two year,1,Bank transfer (automatic),85.4,3297.0,0,86.76,5,0.02728167,Low
8929-KSWIH,1,0,1,0,43,1,1,Fiber optic,1,1,0,0,0,1,Month-to-month,1,Electronic check,94.1,4107.3,0,95.52,3,0.69145113,High
2250-IVBWA,1,0,0,0,25,1,1,Fiber optic,0,1,1,1,1,1,Two year,0,Electronic check,108.9,2809.05,0,112.36,5,0.5612389,Medium
1810-MVMAI,0,0,0,1,27,1,0,DSL,1,1,0,0,0,0,One year,0,Mailed check,56.2,1567.55,0,58.06,2,0.037911814,Low
9506-UXUSK,0,0,1,1,72,1,1,No,0,0,0,0,0,0,Two year,0,Mailed check,26.1,1851.45,0,25.71,0,0.006967572,Low
1229-RCALF,0,0,0,1,71,1,1,Fiber optic,1,1,0,0,0,0,One year,1,Credit card (automatic),85.45,6028.95,0,84.91,2,0.029464016,Low
3572-UOLYZ,1,0,0,0,24,1,1,Fiber optic,0,0,1,0,1,0,Month-to-month,1,Credit card (automatic),88.95,2072.75,0,86.36,2,0.65413314,High
1429-UYJSV,0,0,0,0,57,1,0,DSL,1,0,1,0,1,1,Two year,1,Bank transfer (automatic),74.35,4317.35,0,75.74,4,0.08011916,Low
6366-XIVKZ,1,0,0,0,15,1,0,DSL,0,1,0,0,0,0,Month-to-month,0,Electronic check,48.85,736.8,0,49.12,1,0.46540573,Medium
3470-OBUET,0,0,0,0,4,1,1,Fiber optic,1,0,0,0,0,0,Month-to-month,1,Electronic check,80.1,336.15,0,84.04,1,0.83669037,High
2770-NSVDG,1,0,0,0,28,1,0,DSL,1,1,0,0,0,0,Month-to-month,0,Electronic check,56.05,1522.65,0,54.38,2,0.30046618,Medium
9375-MHRRS,1,0,1,0,55,1,1,Fiber optic,1,0,0,0,1,0,Month-to-month,1,Bank transfer (automatic),89.8,4959.6,0,90.17,2,0.52881986,Medium
4860-YZGZM,0,0,0,1,55,1,0,No,0,0,0,0,0,0,One year,0,Bank transfer (automatic),19.1,1001.5,0,18.21,0,0.022529364,Low
6599-GZWCM,1,0,1,1,20,1,0,No,0,0,0,0,0,0,Month-to-month,0,Mailed check,20.35,442.6,0,22.13,0,0.06595384,Low
5533-NHFRF,1,0,1,1,62,1,1,Fiber optic,0,1,0,1,1,1,One year,1,Credit card (automatic),106.05,6703.5,0,108.12,4,0.062451087,Low
7037-MTYVW,1,0,0,0,43,1,0,No,0,0,0,0,0,0,Two year,1,Bank transfer (automatic),19.65,779.25,0,18.12,0,0.04374291,Low
4760-THGOT,1,0,1,0,60,1,0,DSL,1,1,0,1,0,0,Two year,0,Bank transfer (automatic),59.85,3483.45,0,58.06,3,0.04041558,Low
4016-BJKTZ,0,0,1,0,58,1,1,DSL,1,1,1,0,1,1,Two year,1,Electronic check,86.1,4890.5,0,84.32,5,0.11936576,Low
6584-VQMYT,0,0,0,1,7,1,0,No,0,0,0,0,0,0,One year,0,Mailed check,19.45,136.75,0,19.54,0,0.06753663,Low
9838-BFCQT,0,0,1,1,2,1,0,Fiber optic,1,0,0,0,1,1,Month-to-month,0,Electronic check,97.1,184.15,0,92.08,3,0.7030555,High
2790-XUYMV,0,1,0,0,37,0,0,DSL,0,1,1,0,0,0,Month-to-month,0,Electronic check,36.65,1315.0,0,35.54,2,0.50319654,Medium
0581-MDMPW,1,1,1,1,65,1,1,Fiber optic,0,0,1,1,1,1,One year,1,Bank transfer (automatic),103.9,6767.1,0,104.11,4,0.05966198,Low
1023-BQXZE,1,0,1,1,39,1,0,No,0,0,0,0,0,0,Two year,0,Mailed check,19.75,757.95,0,19.43,0,0.02130364,Low
9163-GHAYE,0,0,0,0,68,1,1,No,0,0,0,0,0,0,Two year,0,Mailed check,24.55,1657.4,0,24.37,0,0.029391134,Low
3904-UKFRE,1,0,1,1,62,0,0,DSL,1,1,0,1,1,0,Two year,0,Bank transfer (automatic),48.7,3008.55,0,48.53,4,0.020735506,Low
5353-WILCI,1,0,1,0,72,1,1,Fiber optic,1,1,1,0,1,1,Two year,1,Electronic check,109.55,8165.1,0,113.4,5,0.14636233,Low
0058-EVZWM,1,0,1,0,41,1,0,No,0,0,0,0,0,0,Two year,0,Credit card (automatic),20.65,875.55,0,21.35,0,0.04700612,Low
7009-PCARS,1,0,0,0,4,1,0,DSL,1,1,0,0,0,0,Month-to-month,0,Electronic check,55.2,220.65,0,55.16,2,0.54569787,Medium
0519-DRGTI,0,0,0,0,53,1,1,No,0,0,0,0,0,0,One year,0,Bank transfer (automatic),24.05,1301.9,0,24.56,0,0.078594595,Low
1017-FBQMM,0,0,1,0,39,1,0,No,0,0,0,0,0,0,Two year,1,Bank transfer (automatic),20.45,790.0,0,20.26,0,0.06462093,Low
1985-MBRYP,0,0,1,0,63,1,0,No,0,0,0,0,0,0,Two year,0,Mailed check,19.25,1237.65,0,19.65,0,0.034119662,Low
9372-TXXPS,0,0,0,0,15,1,1,No,0,0,0,0,0,0,Month-to-month,1,Electronic check,26.35,378.6,0,25.24,0,0.44800237,Medium
3259-QMXUN,1,0,1,0,13,1,0,DSL,0,0,0,0,0,0,One year,0,Electronic check,43.8,592.65,0,45.59,0,0.30742937,Medium
1015-JPFYW,0,0,0,0,1,1,0,DSL,0,1,0,0,0,0,Month-to-month,1,Mailed check,50.15,50.15,0,50.15,1,0.7910471,High
6645-MXQJT,0,0,0,0,1,1,0,No,0,0,0,0,0,0,Two year,0,Mailed check,20.45,20.45,0,20.45,0,0.18326153,Low
4360-QRAVE,0,0,0,0,60,1,0,DSL,1,1,1,0,0,0,Two year,0,Electronic check,61.4,3638.25,0,60.64,3,0.054280296,Low
8433-WPJTV,0,0,1,0,40,1,1,DSL,0,1,0,1,1,0,One year,0,Credit card (automatic),70.75,2921.75,0,73.04,3,0.20411378,Low
5804-JMYIO,1,0,0,0,66,1,0,DSL,1,1,1,0,0,0,Two year,1,Bank transfer (automatic),61.15,4017.45,0,60.87,3,0.045959737,Low
6484-LATFU,0,0,1,1,42,1,0,No,0,0,0,0,0,0,One year,0,Mailed check,20.25,854.9,0,20.35,0,0.01718492,Low
7599-NTMDP,1,1,0,0,66,1,1,DSL,1,1,0,1,0,0,One year,1,Credit card (automatic),63.85,4174.35,0,63.25,3,0.11045736,Low
0536-ACXIP,0,0,0,0,49,1,1,Fiber optic,0,1,0,0,1,1,Month-to-month,0,Electronic check,98.7,4920.55,0,100.42,3,0.7067459,High
0936-NQLJU,1,0,0,0,41,1,0,No,0,0,0,0,0,0,Two year,0,Mailed check,20.0,810.3,0,19.76,0,0.040162493,Low
1575-KRZZE,1,0,1,1,41,1,0,No,0,0,0,0,0,0,Two year,0,Bank transfer (automatic),19.3,772.4,0,18.84,0,0.0164278,Low
3251-YMVWZ,1,0,1,1,23,1,0,Fiber optic,1,1,0,1,0,0,Month-to-month,0,Mailed check,84.4,1936.85,0,84.21,3,0.10541557,Low
4884-LEVMQ,0,0,0,0,3,0,0,DSL,0,0,0,0,0,0,Month-to-month,0,Electronic check,25.1,79.8,0,26.6,0,0.7499256,High
8857-CUPFQ,1,0,0,0,4,0,0,DSL,1,0,1,1,0,1,Month-to-month,0,Mailed check,48.25,202.25,0,50.56,4,0.5188469,Medium
7610-TVOPG,1,0,1,1,52,1,0,No,0,0,0,0,0,0,Two year,0,Mailed check,19.85,1070.5,0,20.59,0,0.015569616,Low
3638-DIMPH,1,0,0,0,11,1,0,Fiber optic,0,1,1,1,0,1,Month-to-month,1,Electronic check,94.2,999.9,0,90.9,4,0.77845937,High
1845-ZLLIG,1,0,1,0,2,1,0,DSL,1,0,0,0,0,1,Month-to-month,1,Mailed check,62.15,113.1,0,56.55,2,0.71163833,High
8559-WNQZS,1,0,1,0,26,1,1,Fiber optic,0,1,0,0,0,0,Month-to-month,0,Bank transfer (automatic),79.3,2015.8,0,77.53,1,0.5601306,Medium
1699-UOTXU,0,0,1,1,24,1,0,DSL,1,0,1,0,0,0,One year,1,Credit card (automatic),56.25,1454.25,0,60.59,2,0.039317377,Low
0635-WKOLD,1,0,0,0,12,1,0,No,0,0,0,0,0,0,Month-to-month,0,Mailed check,20.3,246.7,0,20.56,0,0.18429446,Low
5993-JSUWV,0,1,1,0,60,1,1,Fiber optic,0,0,0,1,1,1,Month-to-month,1,Electronic check,99.0,6017.9,0,100.3,3,0.67102736,High
4518-FZBSX,1,0,1,1,64,1,1,DSL,1,1,1,1,1,1,Two year,1,Mailed check,90.6,5817.45,0,90.9,6,0.008677561,Low
5387-ASZNZ,0,0,1,0,66,1,0,DSL,1,1,1,1,1,1,Two year,1,Bank transfer (automatic),85.9,5595.3,0,84.78,6,0.05109642,Low
6988-CJEYV,1,0,0,0,60,1,1,Fiber optic,0,0,1,0,0,0,One year,1,Bank transfer (automatic),79.2,4765.0,0,79.42,1,0.19231068,Low
3097-FQTVJ,0,0,1,1,17,1,1,DSL,1,0,1,0,1,0,One year,1,Bank transfer (automatic),70.35,1201.65,0,70.69,3,0.07555922,Low
5465-BUBFA,0,0,1,1,42,1,0,No,0,0,0,0,0,0,Two year,0,Mailed check,19.35,867.3,0,20.65,0,0.017599763,Low
7299-GNVPL,0,0,0,0,1,1,1,DSL,0,0,0,0,0,0,Month-to-month,1,Electronic check,50.15,50.15,0,50.15,0,0.86654323,High
9743-DQKQW,1,0,1,1,47,1,0,DSL,0,1,0,1,0,1,Two year,0,Bank transfer (automatic),63.8,3007.25,0,63.98,3,0.025981402,Low
1215-VFYVK,1,0,1,0,10,1,0,No,0,0,0,0,0,0,Month-to-month,1,Mailed check,20.55,252.75,0,25.28,0,0.28701687,Low
9371-BITHB,0,1,1,0,70,1,1,DSL,1,1,1,1,1,1,Two year,1,Credit card (automatic),88.55,6306.5,0,90.09,6,0.06239441,Low
9093-FPDLG,0,1,0,0,67,1,1,Fiber optic,0,0,1,0,1,1,Month-to-month,1,Credit card (automatic),101.4,6841.05,0,102.11,3,0.69546545,High
0541-FITGH,0,0,0,0,1,1,0,DSL,0,0,0,0,0,0,Month-to-month,0,Mailed check,44.6,44.6,0,44.6,0,0.7332216,High
6985-HAYWX,0,0,0,0,4,1,0,DSL,0,1,0,1,1,0,Month-to-month,1,Bank transfer (automatic),63.75,226.2,0,56.55,3,0.5941012,Medium
7508-KBIMB,1,0,1,1,66,1,1,Fiber optic,1,1,1,0,1,1,Two year,0,Bank transfer (automatic),109.25,7082.5,0,107.31,5,0.05730896,Low
6838-HVLXG,1,0,0,0,12,1,0,Fiber optic,0,1,0,0,0,1,Month-to-month,1,Electronic check,84.6,1017.35,0,84.78,2,0.83050627,High
2277-DJJDL,1,0,0,0,24,1,0,No,0,0,0,0,0,0,One year,0,Credit card (automatic),20.45,527.35,0,21.97,0,0.053929567,Low
1897-OKVMW,0,0,0,0,26,1,0,Fiber optic,0,1,0,0,1,0,Month-to-month,1,Electronic check,85.75,2146.5,0,82.56,2,0.7158185,High
5485-ITNPC,0,0,1,0,57,1,1,Fiber optic,0,0,1,1,1,1,Two year,0,Electronic check,107.95,5969.85,0,104.73,4,0.43715802,Medium
0233-FTHAV,1,0,1,1,42,1,1,No,0,0,0,0,0,0,Two year,0,Electronic check,22.95,1014.25,0,24.15,0,0.024550902,Low
4644-PIZRT,1,0,1,0,64,1,0,No,0,0,0,0,0,0,Two year,0,Credit card (automatic),19.45,1225.65,0,19.15,0,0.032538805,Low
8922-NPKBJ,0,0,0,0,19,1,0,No,0,0,0,0,0,0,One year,1,Credit card (automatic),19.7,386.5,0,20.34,0,0.098018706,Low
2740-TVLFN,0,0,1,0,22,1,0,Fiber optic,0,0,1,0,1,0,Month-to-month,1,Bank transfer (automatic),87.0,1850.65,0,84.12,2,0.6683593,High
7771-CFQRQ,0,0,0,0,12,1,0,Fiber optic,0,0,0,0,0,1,Month-to-month,1,Bank transfer (automatic),79.95,1043.4,0,86.95,1,0.79481065,High
9512-PHSMG,1,0,1,0,31,1,0,DSL,1,0,0,1,0,1,One year,1,Electronic check,64.0,1910.75,0,61.64,3,0.24571702,Low
6963-EZQEE,1,0,0,0,11,1,0,DSL,0,0,0,0,1,1,Month-to-month,1,Electronic check,64.9,716.1,0,65.1,2,0.6474468,High
2452-KDRRH,0,0,1,1,68,1,1,No,0,0,0,0,0,0,Two year,0,Mailed check,25.75,1686.15,0,24.8,0,0.011047554,Low
4146-SVFUD,1,1,1,1,72,1,1,DSL,1,1,1,1,1,1,Two year,1,Bank transfer (automatic),90.15,6716.45,0,93.28,6,0.0064972946,Low
1564-HJUVY,0,1,0,0,67,1,1,Fiber optic,1,1,1,1,1,1,Two year,1,Credit card (automatic),116.1,7839.85,0,117.01,6,0.2894265,Low
3617-XLSGQ,1,0,0,0,60,1,0,Fiber optic,1,0,1,1,1,1,Month-to-month,1,Bank transfer (automatic),104.95,6236.75,0,103.95,5,0.5027665,Medium
7517-LDMPS,0,0,1,1,58,0,0,DSL,1,1,1,0,1,0,One year,0,Mailed check,50.0,2919.85,0,50.34,4,0.047744546,Low
7244-KXYZN,1,0,1,0,37,1,0,No,0,0,0,0,0,0,One year,1,Bank transfer (automatic),19.85,717.5,0,19.39,0,0.14260796,Low
5226-NOZFC,0,0,0,0,13,1,0,No,0,0,0,0,0,0,One year,1,Electronic check,19.95,253.8,0,19.52,0,0.18584768,Low
1400-WIVLL,0,0,0,0,43,1,1,No,0,0,0,0,0,0,Two year,0,Bank transfer (automatic),26.45,1110.05,0,25.82,0,0.061483182,Low
8148-NLEGT,1,0,0,0,6,0,0,DSL,1,1,1,1,1,1,Two year,1,Mailed check,63.4,348.8,0,58.13,6,0.10390338,Low
8347-GDTMP,0,0,0,0,71,0,0,DSL,1,1,1,1,1,0,Two year,0,Bank transfer (automatic),53.95,3888.65,0,54.77,5,0.035157807,Low
6746-WAUWT,1,0,1,1,72,1,1,Fiber optic,1,1,0,0,1,0,Two year,1,Electronic check,95.1,6843.15,0,95.04,3,0.014461343,Low
0428-IKYCP,1,1,0,0,6,1,0,Fiber optic,1,0,0,0,0,0,Month-to-month,1,Electronic check,74.1,450.9,0,75.15,1,0.7824737,High
2187-PKZAY,0,0,1,1,12,0,0,DSL,0,1,0,1,0,0,Month-to-month,0,Mailed check,35.5,432.25,0,36.02,2,0.22331299,Low
4003-OCTMP,1,0,1,0,21,1,0,Fiber optic,0,0,1,1,0,0,One year,0,Electronic check,79.2,1742.45,0,82.97,2,0.33796662,Medium
6652-YFFJO,1,0,1,1,6,1,0,DSL,0,0,0,1,0,0,Month-to-month,1,Mailed check,48.8,297.35,0,49.56,1,0.26335728,Low
7225-IILWY,1,0,0,0,43,1,0,DSL,0,1,0,1,0,0,One year,0,Electronic check,55.45,2444.25,0,56.84,2,0.19938257,Low
5248-RPYWW,1,0,1,1,35,1,1,No,0,0,0,0,0,0,Two year,1,Credit card (automatic),25.4,949.8,0,27.14,0,0.023443615,Low
7923-IYJWY,0,1,1,0,32,1,1,Fiber optic,0,1,1,0,0,1,Month-to-month,1,Electronic check,93.5,2970.8,0,92.84,3,0.76067096,High
3170-GWYKC,0,0,0,0,52,0,0,DSL,1,1,1,1,1,1,Two year,0,Credit card (automatic),63.9,3334.95,0,64.13,6,0.059277605,Low
9830-ECLEN,0,0,0,0,32,1,0,DSL,0,0,0,0,1,1,One year,1,Bank transfer (automatic),64.85,2010.95,0,62.84,2,0.23081547,Low
2668-TZSPS,1,0,1,1,72,0,0,DSL,1,1,1,1,1,1,Two year,1,Bank transfer (automatic),63.8,4684.3,0,65.06,6,0.009205264,Low
7446-SFAOA,0,0,0,0,51,0,0,DSL,1,0,0,1,0,1,Month-to-month,1,Credit card (automatic),44.45,2181.55,0,42.78,3,0.32836914,Medium
9522-ZSINC,0,0,1,1,68,1,0,No,0,0,0,0,0,0,Two year,1,Bank transfer (automatic),19.95,1303.25,0,19.17,0,0.010419336,Low
8234-GSZYK,0,1,1,0,8,0,0,DSL,0,1,1,0,0,1,Month-to-month,1,Mailed check,43.35,371.4,0,46.42,3,0.6643704,High
6505-OZNPG,0,0,1,0,49,0,0,DSL,0,1,0,0,1,1,Two year,0,Credit card (automatic),49.65,2409.9,0,49.18,3,0.1439214,Low
6164-HAQTX,1,0,1,0,72,1,0,DSL,1,1,1,1,1,1,Two year,0,Mailed check,85.1,6155.4,0,85.49,6,0.02751902,Low
7765-LWVVH,0,0,0,0,54,1,0,Fiber optic,1,0,1,0,1,0,Month-to-month,0,Mailed check,89.8,4667.0,0,86.43,3,0.3877928,Medium
1658-TJVOA,1,0,1,1,50,1,0,Fiber optic,0,0,1,1,1,1,One year,0,Mailed check,103.05,5153.5,0,103.07,4,0.05290315,Low
0953-LGOVU,1,0,1,0,69,1,1,Fiber optic,1,1,1,1,1,1,Two year,1,Electronic check,116.0,8182.85,0,118.59,6,0.21833903,Low
4692-NNQRU,0,0,0,0,1,1,0,Fiber optic,0,0,0,0,0,0,Month-to-month,1,Electronic check,69.9,69.9,0,69.9,0,0.9221682,High
7742-MYPGI,0,0,1,1,68,1,0,Fiber optic,1,1,0,1,0,1,Two year,0,Bank transfer (automatic),95.1,6683.4,0,98.29,4,0.019630935,Low
9619-GSATL,0,0,0,1,40,0,0,DSL,1,1,0,1,0,0,One year,0,Mailed check,40.25,1564.05,0,39.1,3,0.048346415,Low
5622-UEJFI,0,0,1,1,31,1,1,No,0,0,0,0,0,0,Two year,0,Mailed check,25.75,755.6,0,24.37,0,0.02019053,Low
0674-DGMAQ,1,1,0,1,33,1,1,Fiber optic,0,1,1,0,1,1,Month-to-month,1,Bank transfer (automatic),105.35,3465.05,0,105.0,4,0.27906018,Low
6203-HBZPA,0,1,1,0,55,1,1,Fiber optic,0,1,1,1,1,1,Two year,1,Electronic check,113.6,6292.7,0,114.41,5,0.5079718,Medium
0484-FFVBJ,0,0,1,1,68,1,1,No,0,0,0,0,0,0,Two year,1,Bank transfer (automatic),24.0,1664.3,0,24.48,0,0.011972098,Low
0301-FIDRB,1,0,1,1,12,1,0,No,0,0,0,0,0,0,Month-to-month,0,Bank transfer (automatic),19.4,198.1,0,16.51,0,0.10892422,Low
4139-JPIAM,0,0,1,0,71,1,0,DSL,1,1,1,1,1,1,Two year,1,Bank transfer (automatic),86.1,6045.9,0,85.15,6,0.033588104,Low
2181-TIDSV,0,0,0,0,40,1,1,Fiber optic,0,1,1,0,1,1,Month-to-month,1,Mailed check,102.65,4108.15,0,102.7,4,0.7359066,High
2761-XECQW,1,0,1,1,64,1,1,Fiber optic,0,1,1,0,0,1,One year,1,Electronic check,92.85,5980.75,0,93.45,3,0.039449513,Low
1936-CZAKF,0,0,1,0,53,1,1,Fiber optic,0,1,0,1,0,1,One year,0,Bank transfer (automatic),97.75,5043.2,0,95.15,3,0.36427015,Medium
9453-PATOS,0,0,1,0,72,1,1,Fiber optic,1,1,1,0,1,0,Two year,1,Credit card (automatic),97.95,7114.25,0,98.81,4,0.08384957,Low
4402-FTBXC,0,0,0,0,46,1,0,No,0,0,0,0,0,0,Two year,0,Electronic check,19.95,907.05,0,19.72,0,0.06541309,Low
2931-XIQBR,0,0,0,0,40,1,1,No,0,0,0,0,0,0,Two year,1,Mailed check,24.6,973.95,0,24.35,0,0.06517342,Low
0106-UGRDO,0,0,0,0,12,0,0,DSL,1,1,0,1,1,0,Month-to-month,1,Bank transfer (automatic),50.95,605.75,0,50.48,4,0.45375016,Medium
5542-TBBWB,0,0,0,0,9,1,0,Fiber optic,1,0,0,0,0,0,Month-to-month,0,Electronic check,75.6,661.55,0,73.51,1,0.68410337,High
1930-QPBVZ,1,0,1,1,51,1,1,Fiber optic,0,0,0,1,0,0,Month-to-month,1,Electronic check,80.75,4116.9,0,80.72,1,0.10437588,Low
2606-PKWJB,0,0,1,1,49,1,0,Fiber optic,0,1,1,0,1,0,Month-to-month,1,Credit card (automatic),90.4,4494.65,0,91.73,3,0.07946139,Low
5322-ZSMZY,1,0,0,0,56,1,0,DSL,1,0,1,1,0,0,One year,1,Credit card (automatic),60.25,3282.75,0,58.62,3,0.14483231,Low
8059-UDZFY,0,0,0,0,4,1,0,No,0,0,0,0,0,0,Month-to-month,1,Electronic check,20.2,55.7,0,13.92,0,0.3841395,Medium
7740-BTPUX,0,0,1,0,20,1,0,DSL,1,0,0,1,0,1,One year,1,Mailed check,64.15,1274.45,0,63.72,3,0.17809969,Low
5220-AGAAX,1,0,1,1,26,1,0,No,0,0,0,0,0,0,Month-to-month,1,Credit card (automatic),20.25,493.95,0,19.0,0,0.04648677,Low
0208-BPQEJ,0,0,0,0,51,1,0,Fiber optic,0,1,1,0,1,1,Month-to-month,1,Electronic check,99.0,5038.15,0,98.79,4,0.72082084,High
9435-JMLSX,1,0,0,0,4,1,1,Fiber optic,0,1,0,0,0,0,Month-to-month,1,Mailed check,80.3,324.2,0,81.05,1,0.83239424,High
3352-ALMCK,1,0,0,0,1,1,0,No,0,0,0,0,0,0,Month-to-month,0,Credit card (automatic),19.55,19.55,0,19.55,0,0.55619615,Medium
5312-IRCFR,0,0,1,1,27,1,1,Fiber optic,1,1,0,1,1,0,Month-to-month,0,Electronic check,100.75,2793.55,0,103.46,4,0.2339833,Low
5294-IMHHT,0,0,0,0,12,1,0,DSL,0,1,0,1,0,0,Month-to-month,1,Mailed check,53.75,648.65,0,54.05,2,0.4240224,Medium
6176-YJWAS,1,0,1,1,34,1,1,No,0,0,0,0,0,0,One year,1,Credit card (automatic),25.6,917.15,0,26.98,0,0.034444682,Low
5310-NOOVA,0,0,1,0,24,1,1,DSL,1,0,0,1,0,0,One year,1,Electronic check,58.35,1346.9,0,56.12,2,0.27972335,Low
4526-EXKKN,1,1,0,0,14,0,0,DSL,0,0,0,0,1,1,Month-to-month,1,Electronic check,46.35,672.7,0,48.05,2,0.7782854,High
5311-IHLEI,0,0,1,0,59,1,1,Fiber optic,1,1,1,1,1,1,Two year,0,Electronic check,113.75,6561.25,0,111.21,6,0.33376953,Medium
3987-KQDDU,0,0,0,0,3,1,0,Fiber optic,0,1,1,0,0,1,Month-to-month,0,Electronic check,90.4,268.45,0,89.48,3,0.7855305,High
3404-JNXAX,1,0,1,1,65,1,1,Fiber optic,1,0,1,1,1,1,Two year,0,Electronic check,109.3,7337.55,0,112.89,5,0.06350178,Low
5131-PONJI,1,0,1,1,59,1,1,DSL,1,1,1,1,1,1,Two year,0,Credit card (automatic),90.3,5194.05,0,88.03,6,0.010427152,Low
3489-VSFRD,0,0,1,1,72,0,0,DSL,1,1,1,1,1,1,Two year,1,Credit card (automatic),65.25,4478.85,0,62.21,6,0.009807483,Low
3345-JHUEO,0,0,0,0,3,1,0,DSL,0,0,0,1,0,1,Month-to-month,0,Mailed check,60.65,196.9,0,65.63,2,0.5575445,Medium
5815-HGGHV,0,0,0,1,19,1,1,No,0,0,0,0,0,0,Month-to-month,1,Credit card (automatic),24.1,439.2,0,23.12,0,0.12328394,Low
5260-UMPWX,0,0,0,0,1,1,0,No,0,0,0,0,0,0,Month-to-month,1,Mailed check,19.5,19.5,0,19.5,0,0.6775247,High
5649-RXQTV,0,0,0,0,24,1,0,Fiber optic,0,1,1,1,0,0,Month-to-month,1,Electronic check,85.95,2107.15,0,87.8,3,0.6026221,High
2674-MIAHT,0,1,0,0,57,1,0,DSL,0,0,1,1,0,0,One year,1,Electronic check,53.5,3035.8,0,53.26,2,0.29336852,Low
2576-HXMPA,1,0,0,0,72,1,1,No,0,0,0,0,0,0,Two year,0,Credit card (automatic),25.45,1866.45,0,25.92,0,0.023010904,Low
7587-AOVVU,0,0,0,0,67,1,0,No,0,0,0,0,0,0,Two year,0,Bank transfer (automatic),20.5,1430.95,0,21.36,0,0.02747092,Low
6898-MDLZW,0,0,1,1,52,1,0,No,0,0,0,0,0,0,One year,1,Credit card (automatic),20.85,1071.6,0,20.61,0,0.024041142,Low
4707-YNOQA,0,0,1,1,71,1,1,DSL,1,1,1,1,1,1,Two year,0,Credit card (automatic),89.9,6457.15,0,90.95,6,0.0091412505,Low
9357-UJRUN,1,0,1,0,26,1,1,No,0,0,0,0,0,0,One year,0,Mailed check,26.0,684.05,0,26.31,0,0.1073549,Low
8648-PFRMP,1,0,0,0,35,1,1,Fiber optic,1,1,1,1,1,1,Two year,1,Mailed check,113.2,3914.05,0,111.83,6,0.32091966,Medium
7663-CUXZB,1,0,1,1,55,1,0,Fiber optic,0,0,0,0,0,0,Two year,1,Credit card (automatic),69.05,3842.6,0,69.87,0,0.01656366,Low
0258-NOKBL,1,0,1,1,33,1,0,No,0,0,0,0,0,0,Two year,0,Mailed check,20.1,670.35,0,20.31,0,0.014616824,Low
1163-VIPRI,0,0,1,0,72,1,1,Fiber optic,1,1,1,0,1,1,Two year,1,Electronic check,109.65,7880.25,0,109.45,5,0.16873255,Low
9348-ROUAI,0,0,0,1,1,1,0,No,0,0,0,0,0,0,Month-to-month,1,Mailed check,19.2,19.2,0,19.2,0,0.5052997,Medium
9443-JUBUO,1,1,1,0,37,1,0,Fiber optic,0,0,1,1,1,0,Month-to-month,0,Electronic check,90.0,3371.75,0,91.13,3,0.5883791,Medium
3043-TYBNO,0,0,0,0,12,0,0,DSL,0,1,0,1,0,0,Month-to-month,0,Mailed check,34.0,442.45,0,36.87,2,0.38724986,Medium
4830-FAXFM,0,0,1,1,1,1,0,No,0,0,0,0,0,0,One year,0,Mailed check,20.4,20.4,0,20.4,0,0.19559407,Low
5906-BFOZT,0,0,1,0,62,0,0,DSL,1,1,0,1,0,0,Two year,1,Credit card (automatic),38.6,2345.55,0,37.83,3,0.06293385,Low
2960-NKRSO,1,0,0,0,1,0,0,DSL,0,0,0,0,0,0,Month-to-month,0,Bank transfer (automatic),25.25,25.25,0,25.25,0,0.77857465,High
8996-ZROXE,1,0,0,0,18,1,1,DSL,1,0,1,0,0,0,Month-to-month,1,Mailed check,60.6,1156.35,0,64.24,2,0.35165167,Medium
5598-IKHQQ,0,0,0,0,2,1,0,Fiber optic,0,1,0,0,0,0,Month-to-month,1,Electronic check,74.75,144.8,0,72.4,1,0.8823121,High
0397-ZXWQF,0,0,1,1,19,1,0,No,0,0,0,0,0,0,Month-to-month,0,Mailed check,20.6,414.95,0,21.84,0,0.065208465,Low
5266-PFRQK,0,0,0,0,9,1,0,No,0,0,0,0,0,0,Month-to-month,0,Mailed check,20.4,181.8,0,20.2,0,0.21411656,Low
4674-HGNUA,0,0,0,0,27,1,0,DSL,1,0,1,1,1,1,One year,0,Electronic check,81.7,2212.55,0,81.95,5,0.20766617,Low
6765-MBQNU,1,1,0,0,24,1,0,No,0,0,0,0,0,0,Month-to-month,1,Mailed check,20.3,459.95,0,19.16,0,0.20380141,Low
9786-IJYDL,1,0,0,0,11,1,0,No,0,0,0,0,0,0,One year,0,Mailed check,20.0,211.95,0,19.27,0,0.09283991,Low
1303-SRDOK,0,0,0,0,1,1,1,No,0,0,0,0,0,0,Month-to-month,1,Mailed check,25.0,25.0,0,25.0,0,0.6811586,High
3769-MHZNV,0,1,0,1,38,1,1,Fiber optic,1,0,0,0,0,0,Month-to-month,1,Mailed check,80.45,3162.65,0,83.23,1,0.20651242,Low
6295-OSINB,1,0,1,1,9,1,0,No,0,0,0,0,0,0,Two year,0,Mailed check,19.75,210.65,0,23.41,0,0.040424995,Low
3308-MHOOC,0,0,1,1,54,1,1,DSL,1,1,0,1,0,0,Two year,1,Credit card (automatic),65.65,3566.7,0,66.05,3,0.015325613,Low
2207-QPJED,1,0,0,0,29,1,1,DSL,0,0,0,0,1,1,One year,1,Credit card (automatic),71.0,2080.1,0,71.73,2,0.2583575,Low
4177-JPDFU,0,1,1,0,44,1,1,Fiber optic,0,0,1,0,1,0,Month-to-month,1,Electronic check,89.2,4040.2,0,91.82,2,0.7519193,High
2239-CFOUJ,0,0,1,1,59,1,0,DSL,1,1,1,1,1,1,Two year,1,Electronic check,86.75,5186.0,0,87.9,6,0.012981623,Low
8046-DNVTL,1,0,1,1,18,1,0,DSL,1,1,0,1,0,0,One year,1,Mailed check,61.5,1087.45,0,60.41,3,0.05714014,Low
2209-XADXF,0,1,0,0,67,1,1,No,0,0,0,0,0,0,Two year,0,Credit card (automatic),25.1,1672.15,0,24.96,0,0.03576781,Low
6620-JDYNW,0,0,0,1,33,0,0,DSL,1,0,0,1,0,0,One year,0,Credit card (automatic),34.05,1113.95,0,33.76,2,0.053946137,Low
4770-UEZOX,0,0,0,0,5,1,0,No,0,0,0,0,0,0,Month-to-month,0,Mailed check,19.95,107.05,0,21.41,0,0.2817061,Low
1038-RQOST,1,0,0,0,2,1,0,No,0,0,0,0,0,0,Month-to-month,0,Mailed check,19.95,38.15,0,19.08,0,0.393527,Medium
4568-TTZRT,0,0,1,1,72,1,1,DSL,1,1,1,1,1,1,Two year,0,Credit card (automatic),89.7,6339.3,0,88.05,6,0.0076999157,Low
9513-DXHDA,0,0,0,1,9,1,0,No,0,0,0,0,0,0,Month-to-month,0,Mailed check,20.4,184.1,0,20.46,0,0.1196886,Low
0516-QREYC,0,0,1,1,67,1,1,No,0,0,0,0,0,0,Two year,0,Mailed check,26.3,1688.9,0,25.21,0,0.011290479,Low
8084-OIVBS,1,0,0,0,8,1,0,No,0,0,0,0,0,0,Month-to-month,1,Mailed check,20.7,137.6,0,17.2,0,0.22604491,Low
8896-BQTTI,0,0,0,0,17,1,0,No,0,0,0,0,0,0,Two year,0,Credit card (automatic),19.45,369.05,0,21.71,0,0.051523015,Low
3865-QBWSJ,1,0,1,0,68,1,1,Fiber optic,1,1,1,0,1,1,Two year,1,Bank transfer (automatic),110.8,7553.6,0,111.08,5,0.31518036,Medium
3352-RICWQ,1,1,1,0,25,1,0,Fiber optic,0,0,0,0,0,0,Month-to-month,1,Electronic check,69.3,1813.1,0,72.52,0,0.6999282,High
2160-GPFXD,0,0,0,0,67,0,0,DSL,1,0,1,1,1,0,One year,1,Bank transfer (automatic),49.35,3321.35,0,49.57,4,0.14741497,Low
2065-MMKGR,0,0,0,0,32,1,0,No,0,0,0,0,0,0,One year,0,Credit card (automatic),20.35,707.5,0,22.11,0,0.053883303,Low
5857-TYBCJ,1,1,1,0,67,1,1,Fiber optic,1,1,0,0,1,1,One year,1,Electronic check,105.6,7112.15,0,106.15,4,0.59072906,Medium
1498-NHTLT,0,1,1,0,72,0,0,DSL,1,1,1,1,1,1,Two year,1,Credit card (automatic),64.45,4641.1,0,64.46,6,0.04154514,Low
1402-PTHGN,0,0,0,1,1,1,0,DSL,0,1,0,0,0,0,Month-to-month,1,Electronic check,49.9,49.9,0,49.9,1,0.71209383,High
4176-RELJR,1,0,1,0,48,1,0,DSL,0,1,1,0,0,1,One year,1,Electronic check,65.65,3094.65,0,64.47,3,0.3743006,Medium
5199-FPUSP,1,0,1,0,61,1,1,Fiber optic,0,0,1,1,1,1,One year,1,Bank transfer (automatic),103.3,6518.35,0,106.86,4,0.5367656,Medium
6377-KSLXC,1,0,0,0,2,1,0,DSL,0,0,0,0,0,0,Month-to-month,0,Electronic check,44.45,82.7,0,41.35,0,0.74541175,High
1796-JANOW,1,0,1,1,71,1,1,DSL,1,1,1,1,1,1,Two year,0,Bank transfer (automatic),89.9,6342.7,0,89.33,6,0.008841733,Low
0238-WHBIQ,0,0,1,0,37,1,1,DSL,1,0,0,0,0,0,Month-to-month,1,Mailed check,55.05,2030.75,0,54.89,1,0.36922407,Medium
8735-NBLWT,0,0,1,1,65,1,1,Fiber optic,0,0,1,1,1,1,Two year,1,Bank transfer (automatic),104.1,6700.05,0,103.08,4,0.04720617,Low
6651-RLGGM,1,0,0,1,67,1,1,Fiber optic,0,1,0,1,1,1,One year,1,Bank transfer (automatic),106.6,7244.7,0,108.13,4,0.11124363,Low
1614-JBEBI,0,0,1,1,50,1,1,DSL,1,0,0,1,1,0,Two year,1,Credit card (automatic),70.5,3486.65,0,69.73,3,0.017053245,Low
5696-EXCYS,0,0,1,1,25,1,0,No,0,0,0,0,0,0,One year,0,Electronic check,19.6,411.15,0,16.45,0,0.030257868,Low
5795-KTGUD,1,0,1,1,64,1,1,No,0,0,0,0,0,0,Two year,1,Mailed check,24.05,1559.15,0,24.36,0,0.009469915,Low
7924-GJZFI,0,0,1,0,25,0,0,DSL,0,0,1,0,1,0,One year,1,Credit card (automatic),38.1,970.4,0,38.82,2,0.36366674,Medium
4702-HDRKD,0,1,1,0,24,0,0,DSL,0,0,1,1,0,0,Month-to-month,0,Mailed check,34.25,828.2,0,34.51,2,0.4423719,Medium
8512-WIWYV,1,0,0,0,37,1,1,Fiber optic,0,0,1,0,1,1,Month-to-month,1,Electronic check,100.05,3810.55,0,102.99,3,0.7934699,High
5897-ZYEKH,1,0,0,0,21,1,0,Fiber optic,0,0,0,0,0,0,Month-to-month,1,Electronic check,68.65,1493.2,0,71.1,0,0.669409,High
5456-ITGIC,0,0,0,0,1,1,0,DSL,0,0,0,0,0,0,Month-to-month,1,Mailed check,45.8,45.8,0,45.8,0,0.8141864,High
1406-PUQVY,1,0,0,0,10,1,1,Fiber optic,0,0,0,0,0,0,Month-to-month,1,Mailed check,75.75,777.3,0,77.73,0,0.77387655,High
9114-AAFQH,0,0,1,0,51,1,1,Fiber optic,1,1,0,0,0,1,One year,1,Credit card (automatic),96.4,4911.05,0,96.3,3,0.40539855,Medium
8715-KKTFG,1,0,0,0,10,1,0,No,0,0,0,0,0,0,Month-to-month,1,Mailed check,20.55,187.35,0,18.74,0,0.21380992,Low
1728-BQDMA,1,0,0,0,6,0,0,DSL,1,1,0,1,0,1,Month-to-month,0,Credit card (automatic),50.95,307.6,0,51.27,4,0.3568616,Medium
5117-ZSMHQ,0,0,1,1,47,1,1,DSL,1,1,1,1,1,1,Two year,1,Mailed check,90.5,4318.35,0,91.88,6,0.013683575,Low
5151-HQRDG,1,0,1,1,61,1,1,DSL,1,1,1,1,0,1,One year,1,Electronic check,79.4,4820.55,0,79.03,5,0.027641034,Low
0960-HUWBM,1,0,0,0,52,0,0,DSL,1,1,1,0,1,1,Two year,1,Bank transfer (automatic),58.75,3038.55,0,58.43,5,0.112919986,Low
6465-GSRCL,1,0,1,1,35,1,1,DSL,1,1,0,0,0,0,Month-to-month,1,Credit card (automatic),59.45,2136.9,0,61.05,2,0.10373606,Low
0263-FJTQO,0,0,1,0,71,1,1,Fiber optic,0,1,1,0,1,1,One year,1,Bank transfer (automatic),105.7,7472.15,0,105.24,4,0.50517255,Medium
7319-ZNRTR,0,0,1,0,45,1,0,DSL,1,0,1,0,0,0,Two year,0,Credit card (automatic),53.3,2296.25,0,51.03,2,0.08348097,Low
7503-EPSZW,0,0,0,0,2,0,0,DSL,0,0,0,0,0,0,Month-to-month,0,Mailed check,24.3,38.45,0,19.23,0,0.68805224,High
7089-XXAYG,0,0,0,0,51,1,1,DSL,1,0,0,1,0,0,One year,0,Credit card (automatic),59.9,3043.6,0,59.68,2,0.12592137,Low
8070-AAWZP,0,0,1,1,60,1,1,No,0,0,0,0,0,0,One year,0,Credit card (automatic),23.95,1506.4,0,25.11,0,0.013297748,Low
1666-JXLKU,0,0,0,0,9,1,0,No,0,0,0,0,0,0,One year,1,Mailed check,20.15,163.7,0,18.19,0,0.09724655,Low
7855-DIWPO,0,0,0,0,17,1,1,Fiber optic,0,0,1,1,0,1,Month-to-month,1,Bank transfer (automatic),95.65,1640.0,0,96.47,3,0.69984233,High
5133-POWUA,0,0,1,1,46,1,0,DSL,1,0,1,1,1,1,Two year,0,Mailed check,81.0,3846.35,0,83.62,5,0.014787339,Low
5652-MSDEY,1,0,0,0,68,1,0,DSL,1,1,1,1,1,1,Two year,1,Credit card (automatic),82.45,5646.6,0,83.04,6,0.04323016,Low
1810-BOHSY,1,0,1,0,4,1,0,No,0,0,0,0,0,0,One year,0,Bank transfer (automatic),20.5,79.05,0,19.76,0,0.16689211,Low
1784-BXEFA,0,0,0,1,28,1,0,DSL,0,1,0,1,0,0,One year,1,Credit card (automatic),54.4,1516.6,0,54.16,2,0.055977553,Low
7351-MHQVU,1,0,0,0,39,1,0,DSL,0,1,0,0,1,0,One year,1,Credit card (automatic),58.6,2224.5,0,57.04,2,0.22594185,Low
9224-VTYID,0,0,0,0,11,1,0,Fiber optic,0,0,1,0,0,1,Month-to-month,0,Electronic check,84.8,888.75,0,80.8,2,0.75854427,High
9500-IWPXQ,1,0,1,0,71,0,0,DSL,0,1,1,1,1,1,Two year,1,Credit card (automatic),61.4,4310.35,0,60.71,5,0.05624809,Low
5762-TJXGK,0,0,0,1,2,1,0,No,0,0,0,0,0,0,Month-to-month,0,Mailed check,20.4,42.9,0,21.45,0,0.22891164,Low
4504-YOULA,1,0,0,0,17,1,0,No,0,0,0,0,0,0,One year,0,Mailed check,20.15,353.65,0,20.8,0,0.063001454,Low
5569-IDSEY,1,0,1,0,55,1,1,Fiber optic,0,1,1,0,1,0,Month-to-month,1,Credit card (automatic),94.45,5073.1,0,92.24,3,0.5722025,Medium
7284-ZZLOH,1,0,0,0,58,1,1,Fiber optic,1,0,0,0,0,0,Month-to-month,1,Bank transfer (automatic),79.8,4526.85,0,78.05,1,0.43825307,Medium
1777-JYQPJ,0,1,0,0,9,1,1,Fiber optic,0,0,0,0,0,0,Month-to-month,1,Electronic check,74.05,678.45,0,75.38,0,0.85558885,High
3401-URHDA,0,0,0,0,26,1,0,DSL,0,0,0,1,0,0,Month-to-month,0,Bank transfer (automatic),49.15,1237.3,0,47.59,1,0.26815778,Low
1599-EAHXY,1,0,0,0,50,1,0,No,0,0,0,0,0,0,Two year,0,Credit card (automatic),19.4,1023.95,0,20.48,0,0.04966171,Low
8631-XVRZL,1,0,1,0,72,1,1,Fiber optic,1,1,1,1,1,1,Two year,1,Bank transfer (automatic),113.65,8182.75,0,113.65,6,0.08739398,Low
3853-LYGAM,1,0,0,1,43,1,0,Fiber optic,1,1,0,1,1,1,One year,1,Credit card (automatic),106.0,4532.3,0,105.4,5,0.13159534,Low
5751-USDBL,0,0,0,0,56,1,1,No,0,0,0,0,0,0,Two year,1,Bank transfer (automatic),25.95,1444.05,0,25.79,0,0.050933167,Low
5680-LQOGP,1,0,0,0,1,1,0,No,0,0,0,0,0,0,Month-to-month,0,Mailed check,19.1,19.1,0,19.1,0,0.5504498,Medium
8189-DUKMV,0,0,1,0,72,1,1,Fiber optic,1,1,0,1,0,1,Two year,1,Bank transfer (automatic),100.55,7325.1,0,101.74,4,0.0767301,Low
9931-DCEZH,0,0,1,0,36,1,1,Fiber optic,0,0,0,0,1,1,Month-to-month,1,Electronic check,95.4,3474.2,0,96.51,2,0.80262583,High
1898-JSNDC,0,0,0,0,5,1,0,DSL,0,0,1,1,1,1,Month-to-month,0,Bank transfer (automatic),75.15,392.65,0,78.53,4,0.5437552,Medium
0315-LVCRK,1,1,0,0,44,1,0,Fiber optic,0,1,1,0,0,1,One year,0,Credit card (automatic),89.15,3990.75,0,90.7,3,0.30519485,Medium
3911-RSNHI,1,1,1,1,70,1,1,Fiber optic,0,1,1,1,1,1,One year,1,Electronic check,107.9,7475.85,0,106.8,5,0.08909222,Low
2410-CIYFZ,0,0,0,0,44,1,0,No,0,0,0,0,0,0,One year,0,Credit card (automatic),19.5,835.5,0,18.99,0,0.050059885,Low
5505-OVWQW,1,0,1,0,69,1,1,No,0,0,0,0,0,0,Two year,1,Credit card (automatic),24.95,1718.35,0,24.9,0,0.045679256,Low
7271-AJDTL,0,1,1,1,68,1,0,No,0,0,0,0,0,0,One year,0,Bank transfer (automatic),19.5,1193.55,0,17.55,0,0.016319891,Low
1867-TJHTS,0,0,0,0,16,1,0,Fiber optic,0,0,0,0,0,0,Month-to-month,1,Credit card (automatic),69.95,1205.5,0,75.34,0,0.65960634,High
6860-YRJZP,0,0,1,1,68,1,0,DSL,1,1,0,1,1,1,Two year,0,Bank transfer (automatic),82.85,5776.45,0,84.95,5,0.013027735,Low
4429-WYGFR,0,0,0,0,4,1,0,No,0,0,0,0,0,0,Month-to-month,0,Mailed check,19.0,78.9,0,19.73,0,0.33024538,Medium
2817-LVCPP,1,0,1,1,26,0,0,DSL,1,1,0,1,0,0,Month-to-month,0,Credit card (automatic),38.85,1025.15,0,39.43,3,0.12716812,Low
5038-ETMLM,0,0,0,1,5,1,0,No,0,0,0,0,0,0,Month-to-month,0,Credit card (automatic),20.35,122.0,0,24.4,0,0.15956947,Low
5056-FIMPT,0,0,1,0,70,1,1,Fiber optic,0,1,1,0,1,0,One year,1,Bank transfer (automatic),95.0,6602.9,0,94.33,3,0.37907815,Medium
4521-WFJAI,0,0,1,0,24,1,0,DSL,1,0,0,1,1,1,One year,0,Bank transfer (automatic),74.4,1712.9,0,71.37,4,0.17834881,Low
6569-KTMDU,1,1,1,0,72,1,1,DSL,1,1,1,1,0,1,Two year,0,Bank transfer (automatic),78.45,5682.25,0,78.92,5,0.029447801,Low
8809-XKHMD,0,0,0,0,1,1,0,Fiber optic,0,0,0,1,0,0,Month-to-month,1,Mailed check,74.3,74.3,0,74.3,1,0.8613964,High
0396-YCHWO,0,0,1,0,70,0,0,DSL,0,1,1,1,0,1,One year,1,Bank transfer (automatic),51.05,3635.15,0,51.93,4,0.21914405,Low
0867-LDTTC,1,0,1,1,36,1,0,No,0,0,0,0,0,0,Month-to-month,0,Bank transfer (automatic),19.2,702.9,0,19.52,0,0.06664649,Low
9391-DXGGG,1,0,1,1,41,1,1,Fiber optic,0,1,1,1,1,1,One year,1,Bank transfer (automatic),109.1,4454.25,0,108.64,5,0.105783224,Low
9844-FELAJ,0,0,0,0,14,1,0,Fiber optic,0,0,1,0,0,0,Month-to-month,0,Electronic check,76.45,1117.55,0,79.82,1,0.7391703,High
2122-SZZZD,0,0,1,1,13,1,1,DSL,0,1,1,1,1,0,Month-to-month,1,Electronic check,72.8,930.05,0,71.54,4,0.28394404,Low
3148-AOIQT,0,0,0,0,6,1,0,No,0,0,0,0,0,0,Month-to-month,0,Mailed check,18.95,110.15,0,18.36,0,0.20337968,Low
8395-ETZKQ,1,0,1,0,15,1,0,Fiber optic,1,0,1,0,1,1,Month-to-month,0,Electronic check,101.75,1669.4,0,111.29,4,0.82801425,High
6692-YQHXC,1,0,0,0,47,1,0,Fiber optic,1,0,0,0,0,0,Month-to-month,0,Credit card (automatic),75.45,3545.1,0,75.43,1,0.3795927,Medium
3889-VWBID,1,0,0,0,8,1,0,DSL,0,0,1,1,0,1,Month-to-month,0,Mailed check,64.1,504.05,0,63.01,3,0.35906485,Medium
5222-JCXZT,0,0,0,0,17,0,0,DSL,0,0,0,0,0,0,Month-to-month,1,Mailed check,25.65,440.2,0,25.89,0,0.4697982,Medium
9754-CLVZW,0,0,1,1,15,1,0,Fiber optic,1,0,0,0,0,0,Month-to-month,0,Mailed check,75.1,1151.55,0,76.77,1,0.25078428,Low
2739-CCZMB,1,0,0,0,26,1,0,Fiber optic,1,0,1,1,0,1,One year,1,Bank transfer (automatic),95.85,2475.35,0,95.21,4,0.3412296,Medium
7080-TNUWP,1,0,0,0,23,1,1,DSL,1,0,0,0,0,0,Month-to-month,0,Electronic check,54.4,1249.25,0,54.32,1,0.36878937,Medium
0496-AHOOK,1,1,0,0,4,1,0,Fiber optic,0,1,0,0,0,0,Month-to-month,0,Electronic check,72.75,317.75,0,79.44,1,0.7777574,High
8336-TAVKX,0,0,0,1,29,1,0,No,0,0,0,0,0,0,One year,0,Mailed check,19.85,535.05,0,18.45,0,0.021165948,Low
2468-SJFLM,1,0,0,0,25,1,0,No,0,0,0,0,0,0,Month-to-month,0,Mailed check,19.05,461.3,0,18.45,0,0.13054834,Low
3181-VTHOE,0,1,0,0,3,1,1,Fiber optic,0,0,0,0,1,1,Month-to-month,1,Electronic check,94.85,335.75,0,111.92,2,0.93831635,High
7168-HDQHG,1,0,1,1,69,0,0,DSL,1,1,1,1,0,0,Two year,0,Bank transfer (automatic),46.25,3121.4,0,45.24,4,0.021096127,Low
4567-AKPIA,0,0,0,0,14,1,0,No,0,0,0,0,0,0,One year,0,Mailed check,19.35,324.8,0,23.2,0,0.08714281,Low
7901-HXJVA,0,0,0,0,19,1,1,DSL,0,0,0,0,1,1,Month-to-month,0,Mailed check,69.6,1394.55,0,73.4,2,0.32825014,Medium
5924-IFQTT,0,1,0,0,39,1,1,Fiber optic,0,1,0,0,0,1,Month-to-month,0,Electronic check,90.7,3413.25,0,87.52,2,0.6138518,High
7968-QUXNS,0,0,0,0,31,1,0,Fiber optic,0,1,1,0,1,1,Month-to-month,1,Electronic check,101.4,3143.65,0,101.41,4,0.78946745,High
8903-WMRNW,0,0,1,1,24,1,0,No,0,0,0,0,0,0,One year,0,Mailed check,20.25,439.75,0,18.32,0,0.016961297,Low
2452-SNHFZ,0,0,1,0,14,1,0,DSL,0,0,0,1,0,0,Month-to-month,0,Bank transfer (automatic),48.8,664.4,0,47.46,1,0.43288043,Medium
3629-WEAAM,1,0,1,0,64,1,0,DSL,1,1,1,1,0,1,Two year,1,Mailed check,74.35,4759.55,0,74.37,5,0.03966322,Low
6029-CSMJE,1,0,0,0,50,1,0,No,0,0,0,0,0,0,One year,1,Mailed check,19.35,1033.0,0,20.66,0,0.115583606,Low
7993-NQLJE,0,0,1,1,52,1,0,DSL,0,1,1,1,1,0,One year,1,Electronic check,68.75,3482.85,0,66.98,4,0.035469297,Low
9909-DFRJA,0,0,0,0,28,1,1,Fiber optic,0,1,0,0,1,1,One year,0,Electronic check,100.2,2688.45,0,96.02,3,0.51194644,Medium
9099-FTUHS,1,0,0,0,21,1,0,No,0,0,0,0,0,0,Two year,1,Credit card (automatic),20.85,435.25,0,20.73,0,0.05173092,Low
0581-BXBUB,1,0,1,0,17,1,0,No,0,0,0,0,0,0,One year,0,Mailed check,19.35,307.0,0,18.06,0,0.085581124,Low
4962-CHQPW,0,0,1,0,58,0,0,DSL,0,0,0,0,1,1,One year,1,Credit card (automatic),45.0,2689.35,0,46.37,2,0.41028684,Medium
9467-ROOLM,1,0,1,0,51,1,1,No,0,0,0,0,0,0,Two year,0,Mailed check,25.5,1281.25,0,25.12,0,0.054982156,Low
5150-ITWWB,0,0,1,1,72,0,0,DSL,1,0,1,1,1,0,Two year,0,Mailed check,48.9,3527.0,0,48.99,4,0.010588223,Low
2253-KPMNB,1,0,0,0,27,1,0,No,0,0,0,0,0,0,Two year,1,Mailed check,19.6,561.15,0,20.78,0,0.054774124,Low
1345-ZUKID,1,0,0,0,3,1,0,No,0,0,0,0,0,0,Month-to-month,0,Mailed check,20.0,63.6,0,21.2,0,0.31109083,Medium
6429-SHBCB,1,0,1,0,64,1,1,DSL,1,1,1,1,0,1,Two year,1,Mailed check,81.3,5129.3,0,80.15,5,0.038172856,Low
9281-OFDMF,1,0,1,0,45,1,0,Fiber optic,0,0,0,1,1,1,Two year,1,Credit card (automatic),95.2,4285.8,0,95.24,3,0.26702026,Low
2603-HVKCG,1,0,1,0,71,1,1,DSL,0,1,1,1,1,1,Two year,1,Credit card (automatic),83.3,5894.5,0,83.02,5,0.048115913,Low
1834-WULEG,1,0,1,1,58,1,0,No,0,0,0,0,0,0,Two year,0,Credit card (automatic),20.3,1160.75,0,20.01,0,0.011059756,Low
9097-ZUBYC,0,0,1,1,34,1,0,Fiber optic,0,1,1,0,1,0,Month-to-month,1,Electronic check,89.85,3091.75,0,90.93,3,0.17358486,Low
5148-ORICT,1,0,1,1,15,1,0,No,0,0,0,0,0,0,Month-to-month,0,Mailed check,19.8,272.95,0,18.2,0,0.09494938,Low
4893-GYUJU,0,0,1,1,66,0,0,DSL,0,0,1,1,1,1,Two year,0,Bank transfer (automatic),54.65,3632.0,0,55.03,4,0.021242643,Low
4578-PHJYZ,0,1,0,0,12,0,0,DSL,0,1,0,0,0,0,Month-to-month,1,Credit card (automatic),29.35,381.2,0,31.77,1,0.5756777,Medium
7272-QDCKA,0,0,0,0,58,1,0,No,0,0,0,0,0,0,Two year,1,Bank transfer (automatic),19.15,1035.5,0,17.85,0,0.04292507,Low
8908-SLFCJ,1,0,1,1,3,1,0,No,0,0,0,0,0,0,Two year,0,Mailed check,19.1,52.0,0,17.33,0,0.043513156,Low
9766-HGEDE,1,0,0,0,9,1,0,Fiber optic,0,1,1,0,0,0,Month-to-month,0,Electronic check,80.55,653.9,0,72.66,2,0.7104917,High
6968-MHOMU,1,0,0,0,3,1,0,No,0,0,0,0,0,0,One year,0,Mailed check,20.25,71.2,0,23.73,0,0.13357309,Low
5044-XDPYX,0,0,1,0,40,1,1,Fiber optic,0,1,1,0,1,1,One year,1,Bank transfer (automatic),106.0,4178.65,0,104.47,4,0.65579915,High
1814-WFGVS,1,0,0,0,68,1,1,No,0,0,0,0,0,0,Two year,0,Bank transfer (automatic),25.5,1821.8,0,26.79,0,0.038905583,Low
3721-WKIIL,1,0,0,0,50,1,1,DSL,0,1,0,1,1,1,Two year,1,Mailed check,79.6,4024.2,0,80.48,4,0.081465006,Low
6734-CKRSM,0,0,0,0,1,1,0,DSL,0,0,0,0,0,1,Month-to-month,1,Electronic check,55.25,55.25,0,55.25,1,0.86465627,High
1265-ZFOSD,1,0,1,0,72,1,1,DSL,1,1,1,1,1,1,Two year,0,Bank transfer (automatic),88.05,6520.8,0,90.57,6,0.029430553,Low
6568-POCUI,0,0,0,1,40,1,0,No,0,0,0,0,0,0,One year,1,Bank transfer (automatic),20.4,854.9,0,21.37,0,0.03260882,Low
5197-LQXXH,1,0,1,1,72,1,1,Fiber optic,1,1,1,1,1,1,Two year,1,Bank transfer (automatic),117.6,8308.9,0,115.4,6,0.012477227,Low
3457-PQBYH,1,0,0,0,6,1,0,No,0,0,0,0,0,0,Month-to-month,0,Mailed check,20.0,109.2,0,18.2,0,0.1775724,Low
7682-AZNDK,1,0,0,0,5,1,0,No,0,0,0,0,0,0,Month-to-month,1,Credit card (automatic),19.65,92.05,0,18.41,0,0.29660746,Low
5384-ZTTWP,0,0,1,0,48,1,1,DSL,0,1,1,0,0,1,One year,1,Credit card (automatic),70.55,3420.5,0,71.26,3,0.26578876,Low
3745-HRPHI,1,0,1,1,64,1,0,DSL,1,0,0,1,1,0,One year,0,Mailed check,65.8,4068.0,0,63.56,3,0.015423089,Low
7636-OWBPG,1,0,0,0,17,1,0,No,0,0,0,0,0,0,One year,0,Credit card (automatic),20.05,337.9,0,19.88,0,0.06636614,Low
1231-YNDEK,0,0,1,0,40,1,0,Fiber optic,0,1,1,0,0,0,Month-to-month,1,Electronic check,80.0,3168.75,0,79.22,2,0.7412377,High
1407-DIGZV,1,0,1,1,41,0,0,DSL,1,0,1,0,0,0,One year,0,Credit card (automatic),35.4,1412.4,0,34.45,2,0.05316085,Low
0570-BFQHT,0,1,0,0,51,1,1,Fiber optic,0,1,0,0,0,0,One year,1,Bank transfer (automatic),79.6,3974.7,0,77.94,1,0.30806437,Medium
4393-OBCRR,0,0,1,0,41,1,1,Fiber optic,0,1,0,0,0,0,Month-to-month,1,Electronic check,80.25,3439.0,0,83.88,1,0.7000186,High
8564-LDKFL,1,0,0,0,2,1,0,No,0,0,0,0,0,0,Month-to-month,1,Mailed check,20.45,42.45,0,21.22,0,0.40882674,Medium
3696-DFHHB,0,0,0,0,68,1,0,Fiber optic,0,1,1,0,0,0,One year,0,Credit card (automatic),79.6,5461.45,0,80.32,2,0.18332161,Low
4717-GHADL,1,0,1,1,24,1,1,No,0,0,0,0,0,0,Two year,0,Mailed check,24.7,571.75,0,23.82,0,0.021465592,Low
5501-TVMGM,0,0,1,0,70,1,1,DSL,1,0,1,1,0,1,Two year,0,Credit card (automatic),77.3,5498.2,0,78.55,4,0.059385564,Low
5879-HMFFH,0,0,0,0,3,0,0,DSL,0,0,0,1,0,0,Month-to-month,1,Electronic check,29.75,96.85,0,32.28,1,0.7798717,High
6772-WFQRD,0,0,0,0,2,1,0,DSL,0,0,0,0,0,0,Month-to-month,0,Bank transfer (automatic),44.9,111.05,0,55.52,0,0.681443,High
3810-DVDQQ,0,0,1,0,3,0,0,DSL,0,1,0,0,0,0,Month-to-month,0,Credit card (automatic),29.8,94.4,0,31.47,1,0.71877825,High
6972-SNKKW,1,0,0,0,13,1,0,DSL,1,0,0,0,1,1,Month-to-month,1,Electronic check,71.95,923.85,0,71.07,3,0.5865077,Medium
3694-GLTJM,0,0,0,0,7,1,0,No,0,0,0,0,0,0,Month-to-month,0,Mailed check,20.75,141.1,0,20.16,0,0.2447909,Low
8550-XSXUQ,0,0,1,1,12,1,0,DSL,0,0,0,0,1,0,Month-to-month,1,Mailed check,56.3,628.65,0,52.39,1,0.19431114,Low
9055-MOJJJ,0,0,1,1,53,1,1,Fiber optic,0,1,1,0,1,1,One year,1,Electronic check,105.25,5576.3,0,105.21,4,0.1291144,Low
4359-INNWN,0,0,1,1,63,1,0,No,0,0,0,0,0,0,Two year,0,Mailed check,19.55,1245.6,0,19.77,0,0.009884562,Low
0585-EGDDA,1,0,0,0,15,1,0,DSL,1,1,1,1,1,1,Month-to-month,0,Mailed check,84.45,1287.85,0,85.86,6,0.32444164,Medium
4032-RMHCI,0,0,1,1,36,1,0,DSL,1,1,0,0,0,0,One year,0,Mailed check,53.65,1939.35,0,53.87,2,0.031609315,Low
0549-CYCQN,0,1,1,0,4,0,0,DSL,0,0,1,0,0,0,Month-to-month,1,Electronic check,29.9,118.25,0,29.56,1,0.86225545,High
3481-JHUZH,1,0,1,1,24,1,0,No,0,0,0,0,0,0,Two year,0,Mailed check,19.7,452.55,0,18.86,0,0.01623552,Low
3594-IVHJZ,1,0,0,0,61,0,0,DSL,1,1,1,1,0,0,One year,0,Credit card (automatic),43.7,2696.55,0,44.21,4,0.0994583,Low
6869-FGJJC,0,0,0,0,16,1,1,DSL,0,1,0,0,0,0,Month-to-month,0,Electronic check,55.3,875.35,0,54.71,1,0.48986334,Medium
3896-ZVNET,0,0,1,1,65,1,0,No,0,0,0,0,0,0,Two year,1,Credit card (automatic),19.85,1267.05,0,19.49,0,0.011256415,Low
8205-VSLRB,1,0,1,1,26,1,0,No,0,0,0,0,0,0,Two year,0,Credit card (automatic),19.65,494.9,0,19.03,0,0.013431142,Low
5960-MVTUK,0,0,0,0,16,1,0,DSL,0,0,0,1,0,0,Month-to-month,1,Mailed check,49.45,799.0,0,49.94,1,0.4218535,Medium
6817-WTYHE,0,0,0,1,5,1,0,No,0,0,0,0,0,0,Two year,0,Mailed check,20.45,106.9,0,21.38,0,0.040947743,Low
3082-VQXNH,1,0,0,0,19,0,0,DSL,0,1,0,0,0,1,Month-to-month,1,Electronic check,39.7,710.05,0,37.37,2,0.6652202,High
4931-TRZWN,0,0,0,0,10,1,1,DSL,1,0,0,0,0,0,Month-to-month,1,Credit card (automatic),54.5,568.2,0,56.82,1,0.46528095,Medium
0750-EKNGL,1,0,0,0,72,1,1,Fiber optic,0,1,1,1,1,1,Two year,1,Bank transfer (automatic),111.6,8012.75,0,111.29,5,0.118515864,Low
7669-LCRSD,1,0,1,1,10,1,0,DSL,0,1,1,0,0,0,Month-to-month,1,Mailed check,55.55,551.3,0,55.13,2,0.19472703,Low
3567-PQTSO,0,0,1,0,11,1,0,No,0,0,0,0,0,0,One year,1,Mailed check,20.55,184.95,0,16.81,0,0.12077781,Low
8043-PNYSD,0,0,1,1,17,1,1,DSL,1,0,0,1,0,0,One year,1,Mailed check,62.1,1096.65,0,64.51,2,0.07428521,Low
9938-EKRGF,1,0,1,1,36,1,1,Fiber optic,1,0,1,0,1,1,Month-to-month,1,Credit card (automatic),104.5,3684.95,0,102.36,4,0.16735321,Low
2703-AMTUL,0,1,0,0,17,1,0,Fiber optic,0,1,1,0,1,1,Month-to-month,1,Electronic check,101.8,1752.45,0,103.09,4,0.8518802,High
0928-JMXNP,1,1,1,1,66,1,1,Fiber optic,1,1,0,1,1,1,One year,1,Credit card (automatic),110.6,7210.85,0,109.26,5,0.06302159,Low
8173-RXAYP,0,0,1,1,61,1,0,DSL,1,1,1,1,1,1,One year,0,Bank transfer (automatic),84.9,5264.5,0,86.3,6,0.022392286,Low
4825-XJGDM,0,0,0,0,22,1,0,Fiber optic,0,1,0,0,1,1,Month-to-month,1,Mailed check,93.2,2157.3,0,98.06,3,0.64972854,High
5402-HTOTQ,0,0,0,0,1,0,0,DSL,0,0,0,0,0,0,Month-to-month,1,Electronic check,24.4,24.4,0,24.4,0,0.86847925,High
6734-JDTTV,1,0,0,0,6,1,0,Fiber optic,0,0,0,0,0,0,Month-to-month,0,Credit card (automatic),70.55,433.95,0,72.32,0,0.6608158,High
7850-THJMU,1,0,1,1,68,1,0,DSL,1,1,1,1,1,1,Two year,1,Credit card (automatic),85.0,5607.75,0,82.47,6,0.00999813,Low
3890-RTCMS,1,0,1,1,52,1,0,Fiber optic,0,1,1,1,0,0,Month-to-month,0,Bank transfer (automatic),85.8,4433.3,0,85.26,3,0.06713771,Low
3717-FDJFU,1,0,0,1,10,1,0,Fiber optic,0,0,1,1,1,0,Month-to-month,1,Electronic check,91.1,964.35,0,96.44,3,0.5865322,Medium
3665-JATSN,1,0,1,1,72,1,0,No,0,0,0,0,0,0,Two year,0,Bank transfer (automatic),20.1,1460.85,0,20.29,0,0.005965314,Low
7966-YOTQW,0,0,1,1,47,1,0,No,0,0,0,0,0,0,One year,0,Mailed check,20.05,951.55,0,20.25,0,0.018096438,Low
8853-TZDGH,0,0,1,1,24,1,1,DSL,1,0,0,0,1,1,One year,0,Mailed check,74.8,1821.2,0,75.88,3,0.040493272,Low
4324-BZCKL,0,0,0,0,65,1,1,No,0,0,0,0,0,0,One year,0,Credit card (automatic),24.8,1600.95,0,24.63,0,0.061063625,Low
6924-TDGMT,1,0,0,0,4,1,1,Fiber optic,0,0,0,1,1,1,Month-to-month,1,Mailed check,100.85,399.25,0,99.81,3,0.87915593,High
1536-YHDOE,1,0,0,0,34,1,0,Fiber optic,0,1,1,1,1,1,Month-to-month,1,Electronic check,105.1,3634.8,0,106.91,5,0.7077821,High
8123-QBNAZ,1,0,1,0,14,1,0,No,0,0,0,0,0,0,Two year,0,Mailed check,20.4,292.4,0,20.89,0,0.06206647,Low
3629-ZNKXA,0,0,1,1,13,1,0,No,0,0,0,0,0,0,One year,0,Mailed check,20.0,218.55,0,16.81,0,0.032068416,Low
4827-LTQRJ,1,0,1,1,65,1,1,DSL,0,1,0,1,1,1,Two year,1,Bank transfer (automatic),79.4,5071.9,0,78.03,4,0.013363891,Low
7711-YIJWC,0,0,1,1,23,1,0,DSL,1,0,0,1,0,0,One year,0,Credit card (automatic),57.2,1423.35,0,61.88,2,0.034461513,Low
5482-VXSXJ,0,0,1,0,55,1,0,DSL,1,1,1,0,0,0,Two year,0,Electronic check,58.6,3068.6,0,55.79,3,0.11048128,Low
7365-BVCJH,0,0,1,0,49,1,0,Fiber optic,0,1,0,0,1,1,Two year,1,Electronic check,94.8,4690.65,0,95.73,3,0.4088441,Medium
9620-ENEJV,0,0,1,0,60,1,1,Fiber optic,0,1,1,0,1,1,One year,0,Bank transfer (automatic),102.5,6157.6,0,102.63,4,0.48096773,Medium
2378-YIZKA,1,0,1,1,69,1,0,No,0,0,0,0,0,0,One year,1,Credit card (automatic),20.35,1442.65,0,20.91,0,0.015744328,Low
0689-DSXGL,0,0,0,0,40,1,1,Fiber optic,0,0,0,0,1,0,Month-to-month,1,Electronic check,84.9,3369.05,0,84.23,1,0.7012324,High
6818-DJXAA,0,0,1,0,67,1,0,DSL,1,1,0,1,0,1,Two year,1,Credit card (automatic),69.2,4671.65,0,69.73,4,0.058207028,Low
0464-WJTKO,1,0,1,1,13,1,0,No,0,0,0,0,0,0,Two year,0,Mailed check,20.85,272.35,0,20.95,0,0.029801756,Low
8902-ZEOVF,1,0,0,1,41,1,1,Fiber optic,0,1,0,0,1,0,Month-to-month,1,Bank transfer (automatic),88.5,3645.05,0,88.9,2,0.15938066,Low
6778-EICRF,1,0,0,0,4,0,0,DSL,1,0,1,0,0,0,Month-to-month,0,Mailed check,35.0,135.75,0,33.94,2,0.6132934,High
2662-NNTDK,1,0,1,1,24,1,0,DSL,1,0,0,1,0,0,Month-to-month,0,Electronic check,55.15,1319.85,0,54.99,2,0.12527563,Low
4132-KALRO,1,0,0,0,5,0,0,DSL,0,1,0,0,1,1,Month-to-month,1,Credit card (automatic),50.95,229.4,0,45.88,3,0.7484178,High
2874-YXVVA,1,0,0,0,5,1,1,DSL,0,1,0,0,0,1,Month-to-month,1,Electronic check,64.0,370.25,0,74.05,2,0.72186035,High
1245-HARPS,1,0,1,1,72,1,1,DSL,1,1,1,1,1,0,Two year,0,Bank transfer (automatic),80.2,5714.2,0,79.36,5,0.0072945342,Low
4323-ELYYB,1,0,0,0,24,1,0,DSL,0,0,1,0,0,0,Month-to-month,1,Credit card (automatic),49.3,1233.25,0,51.39,1,0.35674837,Medium
4293-ETKAP,1,0,1,0,42,1,1,DSL,1,0,1,1,1,1,Two year,0,Credit card (automatic),84.35,3571.6,0,85.04,5,0.07762943,Low
6064-PUPMC,1,0,0,0,4,1,0,No,0,0,0,0,0,0,Month-to-month,0,Mailed check,20.05,83.3,0,20.82,0,0.28113955,Low
6504-VBLFL,0,0,0,0,68,1,1,Fiber optic,1,1,1,1,1,1,One year,1,Credit card (automatic),117.2,8035.95,0,118.18,6,0.5041387,Medium
6322-PJJDJ,1,0,1,1,33,1,0,No,0,0,0,0,0,0,One year,0,Mailed check,20.1,579.4,0,17.56,0,0.015327341,Low
0330-BGYZE,0,1,1,0,69,1,1,Fiber optic,0,1,1,1,1,1,Two year,1,Electronic check,109.95,7634.25,0,110.64,5,0.4415441,Medium
1085-LDWAM,0,1,0,0,38,1,1,Fiber optic,0,0,0,0,1,1,Month-to-month,0,Electronic check,94.75,3653.0,0,96.13,2,0.7093412,High
7586-ZATGZ,1,0,1,1,3,1,0,Fiber optic,0,1,0,1,0,0,Month-to-month,1,Electronic check,80.0,241.3,0,80.43,2,0.5922414,Medium
7197-VOJMM,1,0,1,1,48,1,1,DSL,0,1,0,1,1,1,Two year,0,Electronic check,79.65,3870.3,0,80.63,4,0.022800574,Low
1843-TLSGD,1,0,1,0,15,1,1,No,0,0,0,0,0,0,Two year,0,Mailed check,25.2,387.9,0,25.86,0,0.092191726,Low
9626-VFRGG,1,0,0,0,25,1,0,No,0,0,0,0,0,0,One year,0,Credit card (automatic),19.9,527.5,0,21.1,0,0.054505758,Low
7075-BNDVQ,1,0,0,0,48,0,0,DSL,1,1,0,0,1,0,Month-to-month,1,Electronic check,44.8,2104.55,0,43.84,3,0.52406096,Medium
9143-CANJF,0,0,0,0,1,1,0,No,0,0,0,0,0,0,Month-to-month,0,Mailed check,20.3,20.3,0,20.3,0,0.5823714,Medium
7284-BUYEC,0,0,0,0,1,1,0,No,0,0,0,0,0,0,Month-to-month,0,Electronic check,19.2,19.2,0,19.2,0,0.6382275,High
2041-JIJCI,1,0,0,0,37,1,0,Fiber optic,0,1,1,0,0,0,One year,0,Electronic check,80.05,3019.1,0,81.6,2,0.32588112,Medium
4900-MSOMT,0,1,1,0,66,1,1,Fiber optic,0,1,1,1,1,1,One year,1,Bank transfer (automatic),107.35,7051.95,0,106.85,5,0.60557854,High
2229-VWQJH,1,0,1,0,26,0,0,DSL,1,1,1,0,1,0,One year,0,Bank transfer (automatic),47.85,1190.5,0,45.79,4,0.2452088,Low
9194-GFVOI,0,0,1,0,63,1,0,DSL,1,1,0,1,1,0,One year,0,Credit card (automatic),70.8,4448.8,0,70.62,4,0.107969284,Low
1336-EZFZY,0,1,1,0,18,1,0,DSL,1,0,0,0,0,1,Month-to-month,1,Credit card (automatic),59.1,1011.05,0,56.17,2,0.45924792,Medium
4282-MSACW,1,0,1,0,64,1,1,No,0,0,0,0,0,0,Two year,0,Mailed check,25.55,1714.95,0,26.8,0,0.03526928,Low
1403-LKLIK,1,0,0,1,28,1,0,No,0,0,0,0,0,0,Month-to-month,0,Mailed check,20.25,535.35,0,19.12,0,0.063747086,Low
0136-IFMYD,1,0,0,0,1,1,0,Fiber optic,0,0,1,0,0,0,Month-to-month,0,Electronic check,75.55,75.55,0,75.55,1,0.88896465,High
5144-TVGLP,0,0,1,0,66,1,1,Fiber optic,0,1,1,0,0,1,One year,0,Electronic check,95.3,6273.4,0,95.05,3,0.44913724,Medium
9643-AVVWI,1,0,0,0,1,1,0,Fiber optic,0,0,0,0,0,0,Month-to-month,1,Electronic check,70.25,70.25,0,70.25,0,0.9268894,High
0253-ZTEOB,1,0,1,0,18,1,0,DSL,0,0,0,1,0,0,Month-to-month,1,Mailed check,50.3,908.75,0,50.49,1,0.41160285,Medium
2706-QZIHY,0,0,0,1,12,1,0,No,0,0,0,0,0,0,Two year,0,Bank transfer (automatic),19.35,212.3,0,17.69,0,0.03656572,Low
6061-PQHMK,0,0,0,0,12,1,1,No,0,0,0,0,0,0,Month-to-month,0,Electronic check,25.0,316.2,0,26.35,0,0.35486066,Medium
6137-MFAJN,1,0,1,1,55,1,0,No,0,0,0,0,0,0,Two year,0,Mailed check,20.3,1079.05,0,19.62,0,0.012846103,Low
9122-UMROB,1,0,0,0,7,1,1,Fiber optic,0,0,0,0,0,0,Month-to-month,1,Electronic check,75.35,564.65,0,80.66,0,0.85885465,High
4232-JGKIY,1,0,1,1,68,1,1,DSL,1,1,1,1,1,1,Two year,0,Credit card (automatic),88.0,6161.9,0,90.62,6,0.012177063,Low
2402-TAIRZ,1,1,0,0,49,1,0,DSL,0,0,0,0,0,0,Month-to-month,0,Mailed check,43.8,2106.05,0,42.98,0,0.2872579,Low
9659-ZTWSM,0,0,0,0,40,0,0,DSL,1,1,1,0,1,1,One year,0,Credit card (automatic),62.05,2511.55,0,62.79,5,0.2640318,Low
9139-TWBAS,1,0,0,0,16,1,0,No,0,0,0,0,0,0,One year,0,Bank transfer (automatic),20.1,318.6,0,19.91,0,0.076409854,Low
6685-GBWJZ,1,0,1,0,72,1,1,Fiber optic,0,1,1,0,1,1,One year,1,Electronic check,101.35,7323.15,0,101.71,4,0.38381177,Medium
2195-VVRJF,1,1,0,0,2,1,1,Fiber optic,0,0,0,0,0,1,Month-to-month,1,Electronic check,84.05,186.05,0,93.02,1,0.93005174,High
3913-RDSJZ,0,0,1,1,23,1,0,No,0,0,0,0,0,0,Two year,0,Mailed check,20.9,454.0,0,19.74,0,0.01850263,Low
4203-QGNZA,1,1,0,0,71,1,1,Fiber optic,0,1,1,0,1,1,One year,1,Electronic check,105.9,7521.95,0,105.94,4,0.5338507,Medium
5043-TRZWM,0,0,1,0,12,1,0,Fiber optic,0,1,0,0,0,1,Month-to-month,1,Credit card (automatic),85.05,999.8,0,83.32,2,0.7919923,High
9494-BDNNC,1,0,0,0,54,0,0,DSL,1,0,0,1,0,1,One year,0,Bank transfer (automatic),44.1,2369.7,0,43.88,3,0.15012212,Low
1640-PLFMP,1,0,1,0,68,1,1,Fiber optic,0,1,1,1,0,0,Two year,0,Credit card (automatic),90.2,6297.65,0,92.61,3,0.085275814,Low
5366-OBVMR,0,0,0,0,27,1,0,DSL,1,0,0,1,0,0,Month-to-month,0,Mailed check,53.45,1461.45,0,54.13,2,0.20324525,Low
4573-JKNAE,0,0,0,0,21,1,0,No,0,0,0,0,0,0,Month-to-month,1,Mailed check,19.95,416.4,0,19.83,0,0.19389491,Low
9817-APLHW,1,1,0,0,64,1,1,DSL,0,1,1,1,0,1,Month-to-month,0,Credit card (automatic),74.65,4869.35,0,76.08,4,0.20496807,Low
8380-MQINP,0,0,1,0,57,0,0,DSL,0,1,1,1,1,1,Two year,1,Bank transfer (automatic),57.5,3265.95,0,57.3,5,0.12981401,Low
0840-DFEZH,0,0,0,0,19,1,0,No,0,0,0,0,0,0,Two year,0,Mailed check,19.65,358.15,0,18.85,0,0.03358413,Low
8690-ZVLCL,0,0,1,0,31,1,0,Fiber optic,0,0,1,0,1,1,One year,1,Electronic check,93.8,2939.8,0,94.83,3,0.63052917,High
1125-SNVCK,0,0,0,0,52,1,1,DSL,1,1,1,1,1,1,Two year,1,Mailed check,89.25,4652.4,0,89.47,6,0.05522171,Low
0384-LPITE,1,0,0,0,46,1,1,Fiber optic,0,1,1,0,0,1,One year,1,Electronic check,94.15,4408.45,0,95.84,3,0.5081669,Medium
4616-EWBNJ,1,1,0,0,11,1,1,DSL,1,0,0,0,0,0,Month-to-month,1,Electronic check,55.6,580.8,0,52.8,1,0.60897505,High
1335-HQMKX,1,0,1,1,53,0,0,DSL,1,1,1,0,0,1,Month-to-month,1,Bank transfer (automatic),48.7,2495.2,0,47.08,4,0.1536245,Low
2545-EBUPK,0,1,0,0,57,1,1,Fiber optic,0,1,0,1,1,1,Month-to-month,1,Bank transfer (automatic),104.9,5913.95,0,103.75,4,0.66762966,High
6923-AQONU,1,0,1,1,71,1,0,No,0,0,0,0,0,0,Two year,0,Bank transfer (automatic),19.9,1389.35,0,19.57,0,0.006824307,Low
2172-EJXVF,1,0,1,1,1,1,0,No,0,0,0,0,0,0,Month-to-month,1,Mailed check,19.4,19.4,0,19.4,0,0.5093012,Medium
4536-PLEQY,0,0,1,0,68,1,1,No,0,0,0,0,0,0,Two year,0,Credit card (automatic),25.05,1629.2,0,23.96,0,0.039865043,Low
7029-IJEJK,0,0,1,0,72,1,0,DSL,1,1,1,1,1,1,Two year,0,Mailed check,84.45,6033.1,0,83.79,6,0.027323041,Low
8871-JLMHM,1,0,0,0,2,1,0,No,0,0,0,0,0,0,Month-to-month,0,Mailed check,19.3,44.4,0,22.2,0,0.37014595,Medium
5447-VYTKW,1,0,0,0,41,1,0,DSL,1,0,1,1,1,1,One year,1,Bank transfer (automatic),79.85,3320.75,0,80.99,5,0.18116353,Low
3623-FQBOX,0,0,1,1,72,1,1,No,0,0,0,0,0,0,Two year,0,Credit card (automatic),25.55,1867.7,0,25.94,0,0.007153046,Low
8659-HDIYE,1,0,1,0,58,1,1,DSL,1,0,0,1,0,1,One year,1,Electronic check,68.4,3972.25,0,68.49,3,0.22430666,Low
3474-BAFSJ,1,0,0,0,7,1,0,No,0,0,0,0,0,0,Month-to-month,0,Mailed check,20.65,155.9,0,22.27,0,0.22310726,Low
3865-ZFZIB,1,0,1,0,65,1,0,DSL,1,0,1,0,0,0,Month-to-month,1,Mailed check,55.15,3673.15,0,56.51,2,0.23109762,Low
1855-AGAWH,0,0,0,0,1,1,0,Fiber optic,0,0,0,0,0,0,Month-to-month,1,Mailed check,70.6,70.6,0,70.6,0,0.89248085,High
7109-CQYUZ,0,0,1,0,56,1,0,No,0,0,0,0,0,0,One year,0,Credit card (automatic),19.95,1126.75,0,20.12,0,0.074685045,Low
1370-GGAWX,0,0,0,0,4,1,0,No,0,0,0,0,0,0,Month-to-month,0,Mailed check,19.0,73.45,0,18.36,0,0.25540185,Low
4680-KUTAJ,1,0,1,1,58,1,0,DSL,0,0,0,0,0,0,One year,1,Mailed check,44.1,2413.05,0,41.6,0,0.03545885,Low
5307-UVGNB,0,0,1,0,62,1,1,Fiber optic,0,0,1,1,1,1,Two year,1,Bank transfer (automatic),107.6,6912.7,0,111.5,4,0.45640087,Medium
2883-ILGWO,0,0,0,0,26,1,1,DSL,1,1,0,0,0,0,One year,0,Electronic check,61.55,1581.95,0,60.84,2,0.1512961,Low
3642-BYHDO,0,0,0,0,62,1,1,Fiber optic,1,1,1,0,0,0,Month-to-month,0,Bank transfer (automatic),90.7,5586.45,0,90.1,3,0.2610408,Low
9629-NHXFW,1,0,1,1,58,1,0,Fiber optic,1,1,0,0,1,1,One year,0,Credit card (automatic),99.25,5846.65,0,100.8,4,0.04934077,Low
2696-RZVZW,1,0,1,0,68,1,1,DSL,1,1,1,1,1,1,Two year,1,Electronic check,91.7,6424.7,0,94.48,6,0.08033707,Low
5766-FTRTS,1,0,1,1,61,1,1,Fiber optic,1,1,1,0,0,1,One year,1,Credit card (automatic),100.7,6018.65,0,98.67,4,0.044220936,Low
0396-HUJBP,1,0,0,0,42,1,1,DSL,0,0,1,1,1,1,Two year,1,Credit card (automatic),78.45,3373.4,0,80.32,4,0.09254073,Low
8879-ZKJOF,0,0,0,0,18,1,1,Fiber optic,0,0,0,0,1,0,Month-to-month,0,Bank transfer (automatic),84.3,1537.9,0,85.44,1,0.59292346,Medium
6285-FTQBF,1,0,0,0,56,1,0,No,0,0,0,0,0,0,Two year,1,Bank transfer (automatic),19.55,1080.55,0,19.3,0,0.059440967,Low
1474-JUWSM,1,0,0,0,4,1,0,No,0,0,0,0,0,0,Month-to-month,0,Credit card (automatic),20.45,82.85,0,20.71,0,0.27977458,Low
3530-CRZSB,1,0,0,1,35,1,0,DSL,1,1,0,0,0,0,One year,0,Credit card (automatic),55.6,2016.45,0,57.61,2,0.040906295,Low
8498-XXGWA,1,0,1,1,64,1,1,Fiber optic,1,0,0,1,0,0,Month-to-month,1,Bank transfer (automatic),86.8,5327.25,0,83.24,2,0.044134665,Low
9617-INGJY,1,0,0,0,31,1,0,No,0,0,0,0,0,0,One year,0,Mailed check,20.95,683.25,0,22.04,0,0.059320964,Low
0621-TSSMU,1,1,1,0,67,1,0,No,0,0,0,0,0,0,Two year,1,Bank transfer (automatic),20.05,1263.05,0,18.85,0,0.0320763,Low
7234-KMNRQ,1,1,1,0,70,1,1,Fiber optic,1,1,1,1,1,1,Two year,1,Electronic check,113.65,7714.65,0,110.21,6,0.2733226,Low
7636-PEPNS,0,0,1,1,2,1,0,DSL,1,1,0,1,0,0,Two year,0,Mailed check,59.5,130.5,0,65.25,3,0.12903045,Low
4683-WYDOU,1,0,1,1,29,1,0,Fiber optic,0,0,0,0,1,1,Month-to-month,1,Credit card (automatic),87.8,2621.75,0,90.41,2,0.16342455,Low
9052-DHNKM,1,0,0,0,47,0,0,DSL,1,0,1,1,0,0,Two year,0,Mailed check,41.9,1875.25,0,39.9,3,0.060063735,Low
6794-HKIAJ,0,0,0,1,12,1,0,DSL,1,0,0,0,1,1,Month-to-month,1,Mailed check,69.85,837.5,0,69.79,3,0.25012535,Low
5578-NKCXI,1,0,1,1,8,1,0,DSL,0,1,0,1,0,0,Month-to-month,0,Bank transfer (automatic),56.3,401.5,0,50.19,2,0.2148573,Low
1642-HMARX,0,0,1,0,54,1,1,Fiber optic,1,1,1,0,1,1,Month-to-month,0,Electronic check,109.55,6118.95,0,113.31,5,0.7381051,High
3096-WPXBT,0,0,1,1,69,1,0,Fiber optic,0,1,0,1,1,0,Two year,1,Mailed check,92.15,6480.9,0,93.93,3,0.016923891,Low
8434-PNQZX,1,0,0,0,26,1,1,DSL,1,1,0,0,1,0,Month-to-month,1,Bank transfer (automatic),69.5,1800.05,0,69.23,3,0.32997772,Medium
5950-AAAGJ,1,0,1,0,72,1,1,Fiber optic,1,1,1,1,0,0,Two year,1,Bank transfer (automatic),97.0,7104.2,0,98.67,4,0.045090657,Low
4299-OPXEJ,1,0,0,0,70,0,0,DSL,1,0,1,1,1,1,Two year,1,Bank transfer (automatic),58.35,4214.25,0,60.2,5,0.06571319,Low
9618-LFJRU,1,0,1,1,28,1,0,Fiber optic,0,0,0,0,0,0,One year,1,Bank transfer (automatic),70.4,1992.2,0,71.15,0,0.045035787,Low
6693-DJWTY,1,0,1,0,21,1,1,Fiber optic,0,0,0,0,1,1,Month-to-month,1,Electronic check,94.3,1948.35,0,92.78,2,0.8392759,High
0744-GKNGE,1,0,1,1,53,1,0,No,0,0,0,0,0,0,One year,0,Bank transfer (automatic),19.55,1007.9,0,19.02,0,0.019531503,Low
6447-EGDIV,0,0,0,1,53,1,0,Fiber optic,1,1,1,0,0,1,One year,0,Electronic check,95.95,5036.9,0,95.04,4,0.06401983,Low
1167-OYZJF,1,0,1,0,70,1,1,DSL,1,1,1,1,1,1,Two year,1,Credit card (automatic),94.8,6859.05,0,97.99,6,0.08581256,Low
4806-DXQCE,0,0,0,0,61,1,1,Fiber optic,1,1,1,0,1,1,One year,1,Electronic check,107.75,6521.9,0,106.92,5,0.61921966,High
4854-SSLTN,1,0,0,0,11,1,0,DSL,1,0,0,1,0,0,One year,1,Mailed check,54.6,617.85,0,56.17,2,0.1948052,Low
5294-DMSFH,0,0,0,0,2,1,0,Fiber optic,0,0,0,0,0,0,Month-to-month,1,Credit card (automatic),71.3,157.75,0,78.88,0,0.8177353,High
4837-PZTIC,0,0,0,0,25,1,0,No,0,0,0,0,0,0,One year,1,Bank transfer (automatic),19.5,516.3,0,20.65,0,0.10316402,Low
0603-OLQDC,1,0,0,0,41,1,1,DSL,0,1,0,0,0,0,One year,1,Credit card (automatic),56.3,2364.0,0,57.66,1,0.22999586,Low
3272-VUHPV,1,0,1,1,71,1,1,DSL,1,1,1,1,1,1,Two year,1,Credit card (automatic),90.55,6239.05,0,87.87,6,0.007929816,Low
4176-FXYBO,1,0,1,1,34,1,0,DSL,1,1,1,0,0,0,One year,1,Mailed check,60.8,2042.05,0,60.06,3,0.034569535,Low
1063-DHQJF,0,0,0,0,29,1,0,Fiber optic,0,0,1,1,1,1,Month-to-month,1,Credit card (automatic),98.8,2807.1,0,96.8,4,0.6636262,High
8663-UPDGF,0,1,1,0,40,1,0,Fiber optic,1,1,1,1,1,0,One year,1,Credit card (automatic),98.15,4116.8,0,102.92,5,0.39883232,Medium
6719-FGEDO,0,0,1,0,36,0,0,DSL,1,0,1,0,0,0,One year,0,Mailed check,35.35,1317.95,0,36.61,2,0.17558746,Low
1837-YQUCE,1,0,1,0,46,1,1,Fiber optic,0,1,0,1,1,1,One year,1,Electronic check,103.15,4594.65,0,99.88,4,0.614193,High
0369-ZGOVK,1,0,0,0,58,1,1,Fiber optic,1,1,1,0,1,1,One year,1,Electronic check,107.75,6332.75,0,109.19,5,0.60288656,High
9919-KNPOO,0,0,0,0,39,1,1,Fiber optic,0,1,0,0,0,0,One year,0,Credit card (automatic),81.4,3213.75,0,82.4,1,0.27416965,Low
7872-BAAZR,1,0,1,1,52,1,1,Fiber optic,0,1,1,0,1,0,One year,1,Credit card (automatic),95.7,4976.15,0,95.7,3,0.04156552,Low
9391-LMANN,0,1,1,0,70,1,1,Fiber optic,0,1,1,0,1,1,One year,1,Electronic check,104.8,7308.95,0,104.41,4,0.683159,High
8174-TBVCF,0,1,1,0,65,1,0,Fiber optic,0,0,0,0,0,0,One year,1,Bank transfer (automatic),70.95,4555.2,0,70.08,0,0.28898567,Low
1698-XFZCI,0,0,0,0,1,1,0,DSL,0,0,0,0,0,0,Month-to-month,1,Mailed check,44.95,44.95,0,44.95,0,0.8042422,High
1877-HKBQX,1,0,1,0,70,1,1,Fiber optic,0,0,1,0,1,1,One year,1,Electronic check,97.65,6982.5,0,99.75,3,0.54766643,Medium
4450-DLLMH,1,1,1,1,29,0,0,DSL,0,1,1,0,0,0,Month-to-month,1,Mailed check,35.65,1025.15,0,35.35,2,0.18609242,Low
0428-AXXLJ,1,0,0,0,67,1,1,DSL,1,0,1,1,1,1,Two year,1,Mailed check,85.25,5714.2,0,85.29,5,0.053278834,Low
2746-DIJLO,1,0,0,0,1,1,0,No,0,0,0,0,0,0,Month-to-month,1,Mailed check,19.5,19.5,0,19.5,0,0.6761738,High
3508-VLHCZ,1,0,1,1,30,1,1,No,0,0,0,0,0,0,Two year,1,Mailed check,25.1,789.55,0,26.32,0,0.022541385,Low
4086-ATNFV,1,0,1,0,48,1,0,Fiber optic,0,0,1,1,1,1,Month-to-month,1,Credit card (automatic),100.05,4834.0,0,100.71,4,0.6353441,High
0468-YRPXN,1,0,1,1,55,1,0,DSL,1,1,0,0,0,0,Month-to-month,0,Electronic check,55.7,3131.8,0,56.94,2,0.09755979,Low
5996-NRVXR,0,0,0,0,37,1,1,Fiber optic,1,0,0,0,1,0,Month-to-month,1,Electronic check,91.15,3369.25,0,91.06,2,0.639238,High
3739-YBWAB,1,0,1,0,31,1,0,Fiber optic,0,1,0,0,0,1,Month-to-month,1,Bank transfer (automatic),83.85,2674.15,0,86.26,2,0.6802483,High
7047-FWEYA,0,0,0,0,4,1,0,DSL,0,0,0,0,0,0,Month-to-month,1,Electronic check,45.9,199.75,0,49.94,0,0.76314574,High
2000-MPKCA,0,0,1,1,72,1,1,No,0,0,0,0,0,0,Two year,1,Credit card (automatic),25.1,1790.8,0,24.87,0,0.006973883,Low
9762-YAQAA,0,0,1,1,1,1,0,No,0,0,0,0,0,0,Month-to-month,0,Mailed check,19.7,19.7,0,19.7,0,0.48569167,Medium
5473-KHBPS,1,1,0,0,15,1,0,Fiber optic,0,0,0,0,1,1,Month-to-month,1,Electronic check,91.5,1400.3,0,93.35,2,0.8469845,High
0100-DUVFC,0,0,1,1,8,1,0,DSL,1,0,0,0,0,0,Month-to-month,1,Credit card (automatic),51.3,411.6,0,51.45,1,0.21419878,Low
5397-TUPSH,1,0,0,0,35,1,0,No,0,0,0,0,0,0,One year,0,Mailed check,21.1,741.0,0,21.17,0,0.060029343,Low
8950-MTZNV,1,1,0,0,56,1,1,Fiber optic,0,1,1,0,1,1,Month-to-month,0,Electronic check,104.75,5841.35,0,104.31,4,0.6935591,High
0326-VDYXE,0,1,1,1,65,1,1,Fiber optic,1,1,0,0,0,0,Month-to-month,1,Electronic check,85.75,5688.45,0,87.51,2,0.08019642,Low
6773-LQTVT,1,0,1,1,2,1,0,No,0,0,0,0,0,0,One year,0,Mailed check,20.3,31.9,0,15.95,0,0.1182579,Low
0436-TWFFZ,0,1,1,0,65,1,1,Fiber optic,1,0,0,0,1,1,One year,1,Electronic check,100.75,6674.65,0,102.69,3,0.61247915,High
8566-YPRGL,1,0,0,0,18,1,1,Fiber optic,0,0,0,0,0,0,Month-to-month,1,Electronic check,74.15,1345.75,0,74.76,0,0.74960864,High
6609-MXJHJ,1,0,0,0,23,1,1,DSL,1,0,1,0,1,1,One year,1,Electronic check,78.55,1843.05,0,80.13,4,0.29759988,Low
2669-OIDSD,0,0,1,0,70,1,0,No,0,0,0,0,0,0,Two year,0,Credit card (automatic),19.85,1433.8,0,20.48,0,0.033974305,Low
8400-WZICQ,1,0,0,0,4,1,1,DSL,0,0,0,0,0,0,Month-to-month,0,Electronic check,50.7,214.55,0,53.64,0,0.69644356,High
9576-SYUHJ,0,0,0,0,19,1,0,DSL,0,0,0,0,0,0,Month-to-month,1,Bank transfer (automatic),45.0,865.85,0,45.57,0,0.4135619,Medium
0410-IPFTY,1,0,0,0,18,1,0,Fiber optic,0,1,1,0,0,0,Month-to-month,0,Electronic check,77.8,1358.6,0,75.48,2,0.59965134,Medium
2831-EBWRN,1,1,1,0,38,1,0,Fiber optic,1,0,0,0,0,1,Month-to-month,1,Electronic check,83.45,3147.15,0,82.82,2,0.75442415,High
9430-NKQLY,0,0,0,0,47,1,1,Fiber optic,1,1,0,0,1,0,One year,0,Bank transfer (automatic),94.8,4535.85,0,96.51,3,0.27560586,Low
0247-SLUJI,1,0,1,1,52,1,0,No,0,0,0,0,0,0,Two year,0,Bank transfer (automatic),20.1,1078.75,0,20.75,0,0.014272666,Low
9402-ORRAH,0,0,0,0,9,1,1,DSL,0,0,0,0,0,1,Month-to-month,0,Mailed check,59.9,542.4,0,60.27,1,0.4422571,Medium
6483-OATDN,1,0,1,0,26,1,1,DSL,1,1,1,1,1,1,One year,1,Credit card (automatic),90.1,2312.55,0,88.94,6,0.2391254,Low
1293-HHSHJ,0,0,1,0,44,1,0,DSL,0,1,1,1,1,0,One year,1,Electronic check,70.95,3250.45,0,73.87,4,0.3134742,Medium
4840-ORQXB,1,0,0,0,3,0,0,DSL,0,1,0,0,0,0,Month-to-month,0,Mailed check,29.2,98.5,0,32.83,1,0.66525376,High
3982-DQLUS,0,0,0,0,2,1,0,DSL,0,0,0,0,0,0,Month-to-month,1,Bank transfer (automatic),46.6,87.9,0,43.95,0,0.7716517,High
8610-ZIKJJ,0,0,0,0,25,1,0,Fiber optic,1,0,0,0,0,0,Month-to-month,0,Bank transfer (automatic),74.3,1952.25,0,78.09,1,0.43123174,Medium
3756-VNWDH,1,1,1,0,2,1,0,Fiber optic,0,0,0,0,0,0,Month-to-month,1,Electronic check,69.3,153.8,0,76.9,0,0.88973325,High
7801-KICAO,1,0,1,0,58,1,1,Fiber optic,0,1,1,0,0,1,One year,1,Electronic check,94.3,5610.15,0,96.73,3,0.53015894,Medium
7673-LPRNY,1,0,1,1,59,1,1,DSL,1,0,1,1,1,0,Two year,1,Mailed check,76.45,4519.5,0,76.6,4,0.012435298,Low
6060-QBMGV,0,0,0,0,44,0,0,DSL,1,0,1,0,1,1,One year,1,Electronic check,54.0,2440.25,0,55.46,4,0.40603104,Medium
7339-POGZN,0,0,0,0,66,1,1,Fiber optic,0,1,0,1,1,1,One year,1,Electronic check,104.25,6860.6,0,103.95,4,0.5987709,Medium
2828-SLQPF,0,0,1,1,68,1,0,No,0,0,0,0,0,0,Two year,0,Bank transfer (automatic),19.95,1377.7,0,20.26,0,0.009397667,Low
4465-VDKIQ,0,0,0,0,9,0,0,DSL,0,0,0,0,0,0,Month-to-month,1,Electronic check,24.95,190.25,0,21.14,0,0.7127869,High
2921-XWDJH,0,0,0,0,19,1,1,Fiber optic,1,0,1,0,0,0,Month-to-month,1,Electronic check,84.75,1651.95,0,86.94,2,0.69667894,High
2558-BUOZZ,0,0,0,0,4,1,0,No,0,0,0,0,0,0,Month-to-month,0,Mailed check,19.75,78.3,0,19.58,0,0.35033238,Medium
9257-AZMTZ,1,0,0,0,70,1,1,Fiber optic,1,1,1,1,1,1,Two year,1,Bank transfer (automatic),113.65,7939.25,0,113.42,6,0.19655682,Low
0003-MKNFE,0,0,0,0,1,1,0,DSL,0,0,0,0,0,0,Month-to-month,1,Mailed check,44.9,44.9,0,44.9,0,0.8042422,High
0975-UYDTX,1,0,0,0,8,1,1,Fiber optic,0,0,0,0,0,0,Month-to-month,1,Electronic check,75.25,576.7,0,72.09,0,0.846137,High
4682-BLBUC,0,0,0,0,53,1,1,No,0,0,0,0,0,0,Two year,0,Mailed check,24.6,1279.0,0,24.13,0,0.03835163,Low
0975-VOOVL,0,1,0,0,51,1,1,No,0,0,0,0,0,0,One year,0,Bank transfer (automatic),25.0,1260.7,0,24.72,0,0.09020141,Low
5968-VXZLG,0,0,1,1,11,1,0,No,0,0,0,0,0,0,Month-to-month,0,Bank transfer (automatic),20.95,267.35,0,24.3,0,0.1154707,Low
5201-FRKKS,0,0,1,1,60,1,1,Fiber optic,1,0,1,1,1,1,Two year,1,Electronic check,110.6,6586.85,0,109.78,5,0.061101284,Low
9799-CAYJJ,0,0,0,0,17,1,0,DSL,1,1,0,0,0,0,Month-to-month,1,Credit card (automatic),55.5,934.15,0,54.95,2,0.3894635,Medium
5443-SCMKX,0,0,0,0,1,1,0,No,0,0,0,0,0,0,Month-to-month,0,Mailed check,19.45,19.45,0,19.45,0,0.5994014,Medium
8295-KMENE,0,1,0,0,43,1,1,Fiber optic,0,0,0,0,1,0,Month-to-month,1,Electronic check,84.85,3645.6,0,84.78,1,0.7153546,High
6738-ISCBM,1,0,1,0,16,1,0,No,0,0,0,0,0,0,Month-to-month,0,Mailed check,19.6,314.45,0,19.65,0,0.26499206,Low
9821-BESNZ,1,0,1,1,57,1,0,DSL,1,1,0,0,0,0,One year,0,Electronic check,53.45,3053.0,0,53.56,2,0.045793448,Low
3678-MNGZX,0,0,1,1,37,1,0,No,0,0,0,0,0,0,One year,0,Credit card (automatic),19.8,677.05,0,18.3,0,0.016343983,Low
1335-NTIUC,1,0,1,0,72,1,1,Fiber optic,1,1,1,1,1,1,Two year,0,Credit card (automatic),112.1,7965.95,0,110.64,6,0.07540785,Low
2916-BQZLN,0,1,1,0,2,1,0,Fiber optic,0,0,1,0,0,0,Month-to-month,1,Electronic check,74.2,140.1,0,70.05,1,0.91457975,High
4558-CGYCZ,1,0,0,0,17,1,1,DSL,0,0,1,1,1,0,Month-to-month,1,Mailed check,69.0,1108.0,0,65.18,3,0.46498024,Medium
2368-GAKKQ,1,0,0,0,16,1,0,No,0,0,0,0,0,0,One year,0,Credit card (automatic),19.35,295.55,0,18.47,0,0.06541067,Low
8710-YGLWG,1,0,0,0,10,1,0,No,0,0,0,0,0,0,One year,1,Mailed check,19.8,198.25,0,19.82,0,0.1522424,Low
3199-XGZCY,0,0,1,1,64,1,1,Fiber optic,0,1,1,1,1,1,Two year,1,Credit card (automatic),109.2,6741.15,0,105.33,5,0.04140976,Low
3785-KTYSH,1,0,0,0,1,1,1,Fiber optic,0,1,0,0,0,0,Month-to-month,1,Mailed check,79.15,79.15,0,79.15,1,0.9067597,High
6814-ZPWFQ,0,0,1,1,25,1,0,DSL,0,1,1,0,0,0,One year,0,Mailed check,53.65,1355.45,0,54.22,2,0.03334569,Low
4063-EIKNQ,0,0,1,1,71,1,0,Fiber optic,1,1,1,1,1,0,Two year,0,Credit card (automatic),100.2,7209.0,0,101.54,5,0.014652457,Low
6993-YCOBK,1,0,1,1,72,1,0,Fiber optic,1,1,1,1,1,1,Two year,1,Bank transfer (automatic),108.65,7726.35,0,107.31,6,0.01897662,Low
5206-HPJKM,1,0,1,0,49,0,0,DSL,1,0,0,0,1,0,Month-to-month,0,Bank transfer (automatic),40.65,2070.75,0,42.26,2,0.44664058,Medium
8393-JMVMB,0,0,1,1,29,0,0,DSL,1,1,1,1,0,1,One year,1,Credit card (automatic),55.35,1636.95,0,56.45,5,0.067484446,Low
5019-GQVCR,0,0,1,0,72,1,1,Fiber optic,1,1,1,1,0,1,Two year,0,Bank transfer (automatic),105.6,7581.5,0,105.3,5,0.100332804,Low
6036-TTFYU,1,0,0,0,50,1,1,Fiber optic,0,0,0,0,1,1,Month-to-month,1,Electronic check,95.7,4729.75,0,94.6,2,0.7469359,High
2550-AEVRU,0,0,1,0,71,1,1,DSL,1,0,1,1,1,1,Two year,0,Electronic check,83.2,6126.1,0,86.28,5,0.06752207,Low
0969-RGKCU,0,1,1,0,70,1,1,DSL,1,1,1,1,1,1,Two year,0,Credit card (automatic),90.05,6333.4,0,90.48,6,0.062430326,Low
0378-CJKPV,0,0,0,0,71,1,1,Fiber optic,1,0,0,1,0,1,One year,0,Credit card (automatic),97.65,6687.85,0,94.2,3,0.16023947,Low
2880-FPNAE,0,0,1,1,61,1,0,DSL,1,1,1,1,0,0,Two year,1,Bank transfer (automatic),68.05,4158.25,0,68.17,4,0.009534808,Low
1703-MGIAB,0,0,0,0,68,1,1,Fiber optic,1,1,1,0,0,1,Two year,1,Bank transfer (automatic),102.1,7149.35,0,105.14,4,0.21553871,Low
4311-QTTAI,0,0,0,0,62,1,1,No,0,0,0,0,0,0,Two year,0,Bank transfer (automatic),23.4,1429.65,0,23.06,0,0.026524484,Low
4318-RAJVY,1,0,0,1,7,1,0,Fiber optic,0,0,0,0,0,0,Month-to-month,1,Electronic check,71.05,472.65,0,67.52,0,0.608726,High
3612-YUNGG,0,0,1,1,6,1,0,No,0,0,0,0,0,0,One year,0,Mailed check,19.45,113.5,0,18.92,0,0.04921638,Low
2254-DLXRI,1,1,0,0,33,0,0,DSL,1,1,1,0,1,1,Month-to-month,1,Bank transfer (automatic),59.45,1884.65,0,57.11,5,0.4218436,Medium
5062-CJJKH,0,0,1,1,28,1,1,Fiber optic,0,0,0,0,1,1,One year,0,Bank transfer (automatic),92.2,2568.15,0,91.72,2,0.062556066,Low
9028-LIHRP,0,0,0,0,27,1,0,No,0,0,0,0,0,0,Two year,0,Credit card (automatic),19.85,470.0,0,17.41,0,0.028517175,Low
1053-MXTTK,0,0,0,0,7,1,0,DSL,0,0,0,0,0,0,Month-to-month,0,Mailed check,43.9,278.4,0,39.77,0,0.40979856,Medium
1530-ZTDOZ,0,1,0,0,30,1,1,Fiber optic,1,0,0,0,0,1,Month-to-month,1,Credit card (automatic),90.5,2595.85,0,86.53,2,0.64731836,High
1301-LOPVR,0,0,0,0,63,1,1,Fiber optic,0,1,0,0,0,1,One year,0,Credit card (automatic),90.45,5825.5,0,92.47,2,0.22727898,Low
0853-TWRVK,1,0,0,1,53,1,1,DSL,0,1,1,1,1,1,One year,1,Electronic check,84.6,4449.75,0,83.96,5,0.066894665,Low
6212-ATMLK,1,0,0,0,21,1,0,Fiber optic,0,1,0,1,1,1,Month-to-month,1,Bank transfer (automatic),99.15,1956.4,0,93.16,4,0.6832293,High
8200-LGKSR,0,0,0,0,17,1,0,No,0,0,0,0,0,0,One year,0,Mailed check,19.95,310.6,0,18.27,0,0.05126485,Low
1568-BEKZM,0,0,1,1,16,1,0,No,0,0,0,0,0,0,Two year,0,Mailed check,20.5,290.55,0,18.16,0,0.022065938,Low
0670-ANMUU,1,0,0,0,35,1,0,DSL,0,0,1,0,0,1,Month-to-month,1,Electronic check,62.1,2096.1,0,59.89,2,0.47723106,Medium
6897-RWMUB,1,1,0,0,32,1,0,Fiber optic,0,0,0,0,0,1,Month-to-month,1,Electronic check,79.5,2665.0,0,83.28,1,0.74594975,High
6999-CHVCF,1,0,1,1,28,1,0,No,0,0,0,0,0,0,Month-to-month,1,Bank transfer (automatic),19.55,543.8,0,19.42,0,0.08003178,Low
6134-KWTBV,1,0,0,0,1,1,0,No,0,0,0,0,0,0,Month-to-month,1,Mailed check,20.35,20.35,0,20.35,0,0.62790704,High
1077-HUUJM,0,0,0,0,59,0,0,DSL,0,0,0,1,1,1,Month-to-month,1,Electronic check,51.7,3005.8,0,50.95,3,0.5090651,Medium
0895-LNKRC,1,0,1,1,72,1,1,No,0,0,0,0,0,0,One year,1,Bank transfer (automatic),23.3,1623.15,0,22.54,0,0.012410336,Low
2045-BMBTJ,1,0,0,0,40,1,0,DSL,1,1,0,0,1,0,Month-to-month,0,Mailed check,65.1,2586.0,0,64.65,3,0.2738287,Low
8417-GSODA,0,0,1,1,40,1,1,Fiber optic,0,0,1,0,0,0,Month-to-month,1,Electronic check,81.2,3292.3,0,82.31,1,0.20999087,Low
5171-EPLKN,0,0,1,1,63,1,0,DSL,1,1,1,1,1,0,Two year,0,Credit card (automatic),74.5,4674.55,0,74.2,5,0.010693959,Low
4452-QIIEB,1,0,0,0,3,1,0,Fiber optic,0,0,0,0,1,0,Month-to-month,1,Electronic check,80.5,232.35,0,77.45,1,0.87091446,High
6741-EGCBI,0,0,1,1,40,0,0,DSL,0,1,1,1,1,1,One year,0,Mailed check,60.3,2448.5,0,61.21,5,0.09099159,Low
7820-ZYGNY,0,0,1,0,8,1,0,Fiber optic,1,0,0,0,0,0,Month-to-month,1,Mailed check,75.0,658.1,0,82.26,1,0.72276175,High
9677-AVKED,0,1,1,0,34,1,0,Fiber optic,1,0,0,1,1,0,One year,0,Mailed check,90.15,3128.8,0,92.02,3,0.28314877,Low
2227-JRSJX,0,0,1,0,9,1,1,DSL,0,1,1,0,0,1,Month-to-month,1,Credit card (automatic),69.05,653.95,0,72.66,3,0.5414691,Medium
9847-HNVGP,0,0,1,1,31,1,1,DSL,0,0,0,0,0,1,Month-to-month,0,Bank transfer (automatic),59.7,1825.5,0,58.89,1,0.09926536,Low
6696-YDAYZ,1,0,1,0,50,1,0,No,0,0,0,0,0,0,One year,1,Bank transfer (automatic),19.85,943.1,0,18.86,0,0.10542836,Low
8980-WQFWL,1,0,0,0,9,0,0,DSL,0,1,0,0,0,1,Month-to-month,0,Electronic check,40.75,359.4,0,39.93,2,0.60979986,High
1730-ZMAME,0,0,1,0,25,1,0,Fiber optic,0,0,0,1,1,1,Month-to-month,1,Credit card (automatic),95.7,2338.35,0,93.53,3,0.6881737,High
6506-EYCNH,0,1,0,0,1,1,0,DSL,0,0,0,0,0,0,Month-to-month,0,Electronic check,46.3,46.3,0,46.3,0,0.8311148,High
4634-JLRJT,1,0,1,1,45,1,1,DSL,1,1,1,1,1,0,Month-to-month,0,Mailed check,81.3,3541.1,0,78.69,5,0.059382435,Low
9501-UKKNL,1,0,1,1,55,1,0,No,0,0,0,0,0,0,Month-to-month,0,Credit card (automatic),20.0,1087.25,0,19.77,0,0.042425364,Low
2560-QTSBS,1,0,0,0,38,1,1,DSL,1,1,1,0,0,0,Month-to-month,1,Bank transfer (automatic),66.15,2522.4,0,66.38,3,0.33402187,Medium
4795-WRNVT,0,0,1,1,38,1,0,No,0,0,0,0,0,0,Month-to-month,0,Electronic check,19.6,717.3,0,18.88,0,0.070343286,Low
6080-TCMYC,0,0,0,0,34,1,0,DSL,0,1,0,0,0,0,Month-to-month,1,Electronic check,49.8,1734.2,0,51.01,1,0.44986242,Medium
7860-UXCRM,1,0,1,0,70,1,1,Fiber optic,0,0,1,0,1,1,One year,1,Electronic check,101.75,7069.3,0,100.99,3,0.5949007,Medium
6357-JJPQT,1,0,0,0,13,1,0,DSL,1,0,0,1,0,0,One year,0,Mailed check,55.15,742.9,0,57.15,2,0.13603434,Low
2292-XQWSV,1,0,0,0,61,1,1,Fiber optic,0,1,1,0,1,1,One year,1,Electronic check,103.95,6423.0,0,105.3,4,0.6074695,High
9552-TGUZV,0,0,0,0,41,1,0,Fiber optic,0,1,0,1,1,1,Two year,1,Credit card (automatic),99.65,4220.35,0,102.94,4,0.28389058,Low
5913-INRQV,0,0,0,0,21,1,1,Fiber optic,0,0,0,0,0,0,Month-to-month,1,Electronic check,73.7,1558.7,0,74.22,0,0.7286376,High
9643-YBLUR,0,1,0,0,55,0,0,DSL,0,0,1,0,1,1,One year,1,Bank transfer (automatic),50.05,2743.45,0,49.88,3,0.3646768,Medium
8734-FNWVH,0,0,1,0,69,0,0,DSL,1,0,1,1,1,1,Two year,0,Bank transfer (automatic),60.25,4055.5,0,58.78,5,0.08215963,Low
9447-YPTBX,1,1,1,0,69,1,0,Fiber optic,1,1,0,0,0,1,One year,0,Credit card (automatic),87.3,6055.55,0,87.76,3,0.23888521,Low
9026-LHEVG,0,0,1,1,47,1,1,DSL,0,1,0,0,0,0,Month-to-month,0,Electronic check,54.25,2538.2,0,54.0,1,0.12385636,Low
7011-CVEUC,1,0,1,1,72,1,0,DSL,1,1,1,1,1,1,Two year,0,Bank transfer (automatic),85.3,6129.2,0,85.13,6,0.0070813885,Low
6185-TASNN,0,1,1,0,33,0,0,DSL,0,1,1,1,1,0,Month-to-month,1,Electronic check,50.0,1750.85,0,53.06,4,0.5504932,Medium
7925-PNRGI,1,0,1,1,72,1,1,DSL,1,1,1,1,1,1,Two year,0,Credit card (automatic),90.95,6652.45,0,92.4,6,0.0072351024,Low
1552-CZCLL,0,1,1,0,37,1,0,Fiber optic,0,0,0,0,0,0,Month-to-month,1,Bank transfer (automatic),72.25,2575.45,0,69.61,0,0.69261473,High
3038-PQIUY,1,1,1,1,62,1,1,Fiber optic,0,1,1,0,0,1,Month-to-month,1,Credit card (automatic),96.1,6019.35,0,97.09,3,0.072044656,Low
9313-CDOGY,1,0,1,0,71,1,0,No,0,0,0,0,0,0,Two year,0,Credit card (automatic),19.85,1379.6,0,19.43,0,0.024956819,Low
8148-BPLZQ,0,0,0,1,23,1,0,DSL,0,1,0,1,0,0,Month-to-month,1,Bank transfer (automatic),55.3,1284.2,0,55.83,2,0.13625479,Low
2623-DRYAM,1,0,0,0,16,1,0,No,0,0,0,0,0,0,One year,0,Mailed check,20.1,296.15,0,18.51,0,0.052561082,Low
9987-LUTYD,0,0,0,0,9,1,0,DSL,1,0,1,1,1,0,Month-to-month,1,Mailed check,69.5,653.25,0,72.58,4,0.37690762,Medium
4488-KQFDT,0,0,1,1,17,1,1,No,0,0,0,0,0,0,Two year,1,Mailed check,25.15,412.6,0,24.27,0,0.03484244,Low
5693-PIPCS,1,0,1,0,24,1,1,Fiber optic,0,0,1,0,0,0,Month-to-month,1,Mailed check,79.65,1928.7,0,80.36,1,0.63843405,High
0491-KAPQG,1,1,0,0,1,1,0,Fiber optic,0,0,0,0,0,0,Month-to-month,1,Electronic check,71.25,71.25,0,71.25,0,0.9263307,High
1925-LFCZZ,0,1,0,0,72,1,1,Fiber optic,1,1,1,1,1,1,Two year,0,Bank transfer (automatic),113.8,7845.8,0,108.97,6,0.122448646,Low
8039-EQPIM,1,0,1,0,72,1,1,No,0,0,0,0,0,0,Two year,0,Electronic check,24.55,1750.7,0,24.32,0,0.040051218,Low
8707-RMEZH,1,0,0,1,11,1,0,No,0,0,0,0,0,0,Month-to-month,0,Credit card (automatic),19.7,216.2,0,19.65,0,0.14768215,Low
3209-ZPKFI,1,1,1,0,60,1,1,Fiber optic,0,0,1,0,1,1,One year,1,Credit card (automatic),100.5,6029.0,0,100.48,3,0.48694938,Medium
6479-VDGRK,1,0,0,0,49,1,0,DSL,0,0,1,1,1,1,Two year,1,Bank transfer (automatic),74.45,3721.9,0,75.96,4,0.084642075,Low
9373-WSLOY,1,1,0,0,30,1,1,Fiber optic,0,1,1,0,1,1,Month-to-month,1,Electronic check,104.1,3121.1,0,104.04,4,0.8282066,High
3569-JFODW,1,0,1,0,53,1,0,No,0,0,0,0,0,0,One year,0,Credit card (automatic),19.05,990.45,0,18.69,0,0.07215611,Low
9819-FBNSV,0,0,0,1,39,1,1,No,0,0,0,0,0,0,Two year,0,Mailed check,25.0,1004.35,0,25.75,0,0.024367338,Low
9544-PYPSJ,1,0,0,0,9,1,0,No,0,0,0,0,0,0,Month-to-month,0,Mailed check,19.05,157.65,0,17.52,0,0.18799053,Low
1591-XWLGB,0,0,0,0,39,1,0,Fiber optic,0,0,1,1,0,0,One year,0,Electronic check,81.9,3219.75,0,82.56,2,0.29881245,Low
0396-UKGAI,0,1,0,0,8,1,0,Fiber optic,0,0,0,0,0,0,Month-to-month,1,Electronic check,69.7,572.85,0,71.61,0,0.80139464,High
3243-ZHOHY,1,0,1,1,51,1,1,Fiber optic,0,0,1,0,0,1,One year,1,Electronic check,90.15,4554.85,0,89.31,2,0.057273466,Low
5186-EJEGL,0,0,1,1,71,1,1,No,0,0,0,0,0,0,Two year,0,Credit card (automatic),25.35,1847.55,0,26.02,0,0.0080854045,Low
7527-QNRUS,0,1,0,0,71,1,1,No,0,0,0,0,0,0,Two year,1,Mailed check,24.65,1766.75,0,24.88,0,0.028610203,Low
2203-GHNWN,1,1,1,0,70,1,0,No,0,0,0,0,0,0,Two year,1,Credit card (automatic),19.55,1462.05,0,20.89,0,0.04485874,Low
3878-AVSOQ,0,0,1,0,38,0,0,DSL,1,1,0,1,1,1,Two year,1,Bank transfer (automatic),60.0,2193.2,0,57.72,5,0.121310286,Low
3258-SYSWS,1,0,1,0,28,1,0,Fiber optic,0,1,1,0,0,1,Month-to-month,0,Credit card (automatic),89.9,2433.5,0,86.91,3,0.565505,Medium
5296-PSYVW,1,0,1,0,32,1,0,No,0,0,0,0,0,0,Month-to-month,0,Bank transfer (automatic),19.4,641.15,0,20.04,0,0.23974115,Low
6319-QSUSR,0,1,1,0,49,1,0,DSL,0,1,0,0,0,0,Two year,0,Mailed check,49.8,2398.4,0,48.95,1,0.094002545,Low
0512-FLFDW,1,0,1,1,37,1,1,No,0,0,0,0,0,0,Two year,1,Bank transfer (automatic),24.1,861.85,0,23.29,0,0.023718437,Low
0487-CRLZF,1,0,0,0,10,1,0,DSL,0,0,1,1,0,0,Month-to-month,0,Electronic check,54.25,583.0,0,58.3,2,0.46450493,Medium
2107-FBPTK,0,0,1,0,67,1,1,Fiber optic,1,1,1,0,1,1,One year,0,Credit card (automatic),109.9,7332.4,0,109.44,5,0.513885,Medium
9451-WLYRI,0,0,0,0,7,0,0,DSL,0,0,1,1,0,0,One year,1,Credit card (automatic),35.5,249.55,0,35.65,2,0.33722028,Medium
8219-VYBVI,1,0,0,0,51,1,0,Fiber optic,0,0,0,0,1,1,One year,0,Credit card (automatic),87.55,4475.9,0,87.76,2,0.2671592,Low
1991-VOPLL,1,0,0,0,9,1,0,Fiber optic,0,0,0,0,1,1,Month-to-month,1,Mailed check,88.4,788.6,0,87.62,2,0.80413973,High
9738-QLWTP,0,0,0,0,4,1,0,DSL,0,0,0,1,0,0,Month-to-month,1,Mailed check,50.8,202.3,0,50.58,1,0.6156304,High
1016-DJTSV,0,0,1,0,71,1,1,Fiber optic,1,1,1,0,1,0,Two year,1,Electronic check,99.0,6994.6,0,98.52,4,0.15057418,Low
9419-IPPBE,1,1,1,1,24,1,0,Fiber optic,0,0,1,0,1,1,Two year,1,Electronic check,96.55,2263.45,0,94.31,3,0.11407041,Low
0174-QRVVY,0,0,1,0,22,1,0,DSL,1,0,0,0,1,0,One year,1,Bank transfer (automatic),59.75,1374.35,0,62.47,2,0.21735494,Low
5699-BNCAS,0,0,0,0,44,1,1,Fiber optic,1,1,1,0,1,1,Month-to-month,1,Electronic check,111.5,4915.15,0,111.71,5,0.74031585,High
2900-PHPLN,1,0,1,1,33,1,1,No,0,0,0,0,0,0,Month-to-month,0,Bank transfer (automatic),24.25,838.5,0,25.41,0,0.06955162,Low
8106-GWQOK,1,0,0,0,1,1,0,No,0,0,0,0,0,0,Month-to-month,0,Mailed check,20.5,20.5,0,20.5,0,0.5529656,Medium
8751-EDEKA,0,0,0,0,30,1,0,DSL,1,1,0,1,1,0,One year,0,Electronic check,70.4,2044.75,0,68.16,4,0.148928,Low
6878-GGDWG,1,0,0,0,1,0,0,DSL,0,0,0,1,0,0,Month-to-month,0,Mailed check,30.55,30.55,0,30.55,1,0.729453,High
4039-PIMHX,0,0,1,1,16,1,1,DSL,1,1,0,1,1,1,Month-to-month,0,Electronic check,84.9,1398.25,0,87.39,5,0.20210116,Low
8450-LUGUK,0,0,1,0,71,1,0,DSL,1,0,0,1,0,0,Two year,0,Bank transfer (automatic),54.5,3778.2,0,53.21,2,0.034511376,Low
3604-WLABM,0,0,0,0,43,1,1,Fiber optic,0,0,0,0,0,0,Month-to-month,1,Credit card (automatic),75.35,3161.4,0,73.52,0,0.61944836,High
0795-GMVQO,0,0,1,0,50,0,0,DSL,1,0,0,1,1,0,One year,1,Bank transfer (automatic),44.45,2188.45,0,43.77,3,0.25158563,Low
2259-OUUSZ,1,0,0,0,41,1,1,Fiber optic,0,0,1,0,1,1,Month-to-month,0,Bank transfer (automatic),98.05,3990.6,0,97.33,3,0.6306601,High
1142-IHLOO,1,0,1,0,40,1,1,DSL,0,1,0,0,1,0,One year,0,Bank transfer (automatic),63.9,2635.0,0,65.88,2,0.23016833,Low
4633-MKHYU,1,0,1,1,3,1,1,DSL,0,1,1,0,1,0,Month-to-month,1,Bank transfer (automatic),69.15,235.0,0,78.33,3,0.47472498,Medium
6257-RJOHI,1,0,0,0,37,1,1,DSL,1,0,0,0,1,0,One year,0,Bank transfer (automatic),64.65,2347.85,0,63.46,2,0.14160398,Low
1545-JFUML,1,0,1,1,32,1,1,Fiber optic,0,1,0,0,1,1,Month-to-month,1,Electronic check,98.85,3089.6,0,96.55,3,0.27247012,Low
7826-VVKWT,1,0,1,1,32,1,1,Fiber optic,1,0,0,0,1,0,Month-to-month,0,Electronic check,89.6,2901.8,0,90.68,2,0.19043449,Low
1353-GHZOS,1,0,0,0,59,1,1,Fiber optic,0,1,1,0,0,0,Month-to-month,1,Electronic check,83.25,4949.1,0,83.88,2,0.53918725,Medium
2587-EKXTS,1,0,1,0,30,1,0,DSL,0,1,1,1,0,1,One year,0,Bank transfer (automatic),70.25,2198.9,0,73.3,4,0.17082894,Low
5442-BXVND,1,0,1,1,27,1,1,No,0,0,0,0,0,0,Two year,0,Electronic check,24.5,761.95,0,28.22,0,0.03007178,Low
9753-OYLBX,0,0,0,1,9,1,0,No,0,0,0,0,0,0,One year,0,Mailed check,20.1,190.25,0,21.14,0,0.044749815,Low
2364-UFROM,1,0,1,1,68,1,1,DSL,1,1,1,0,1,0,One year,1,Credit card (automatic),73.0,5163.0,0,75.93,4,0.024655279,Low
6656-JWRQX,1,0,1,1,69,1,1,DSL,1,0,0,1,0,0,Two year,0,Credit card (automatic),61.4,4059.85,0,58.84,2,0.014954683,Low
6473-ULUHT,0,0,0,0,26,1,1,Fiber optic,0,0,1,1,0,0,Month-to-month,1,Mailed check,84.3,2281.6,0,87.75,2,0.555063,Medium
7688-AWMDX,0,0,1,1,69,1,0,No,0,0,0,0,0,0,Two year,0,Bank transfer (automatic),19.9,1356.7,0,19.66,0,0.009378014,Low
2842-BCQGE,0,0,0,0,11,1,0,No,0,0,0,0,0,0,Two year,0,Mailed check,20.4,231.45,0,21.04,0,0.051772453,Low
7244-QWYHG,0,0,0,0,1,1,1,DSL,0,0,0,0,0,0,Month-to-month,0,Mailed check,50.75,50.75,0,50.75,0,0.7586175,High
5312-UXESG,0,0,1,1,10,1,0,No,0,0,0,0,0,0,One year,0,Mailed check,20.45,242.4,0,24.24,0,0.036085326,Low
2150-WLKUW,1,0,1,1,55,1,1,DSL,1,1,0,1,0,1,One year,1,Bank transfer (automatic),75.75,4264.25,0,77.53,4,0.031435322,Low
7159-FVYPK,0,0,0,0,44,1,0,DSL,1,0,0,1,1,0,One year,0,Electronic check,65.4,2774.55,0,63.06,3,0.1758183,Low
7032-LMBHI,0,0,1,1,69,1,0,DSL,1,1,1,0,0,0,Two year,1,Bank transfer (automatic),59.75,4069.9,0,58.98,3,0.013551016,Low
6088-BXMRG,0,1,0,0,11,1,0,Fiber optic,0,0,0,0,0,1,Month-to-month,1,Electronic check,78.5,874.2,0,79.47,1,0.83483046,High
4821-SJHJV,0,0,0,0,29,1,0,DSL,0,0,1,0,0,0,Month-to-month,0,Bank transfer (automatic),48.95,1323.7,0,45.64,1,0.2786057,Low
7346-MEDWM,1,0,1,0,57,1,1,Fiber optic,1,0,0,0,1,1,Month-to-month,1,Electronic check,99.65,5497.05,0,96.44,3,0.7485235,High
1137-DGOWI,0,0,0,0,28,1,0,No,0,0,0,0,0,0,One year,0,Credit card (automatic),18.25,534.7,0,19.1,0,0.05937885,Low
3812-LRZIR,1,0,0,0,42,1,0,DSL,1,0,1,0,0,0,Month-to-month,0,Credit card (automatic),54.55,2455.05,0,58.45,2,0.2707628,Low
9483-GCPWE,0,0,0,1,23,0,0,DSL,1,1,0,1,0,0,One year,0,Bank transfer (automatic),40.65,947.4,0,41.19,3,0.059875943,Low
4227-OJHAL,1,0,1,1,18,1,0,No,0,0,0,0,0,0,Month-to-month,0,Mailed check,20.45,357.0,0,19.83,0,0.07275593,Low
9220-CXRSC,0,0,1,1,62,1,1,No,0,0,0,0,0,0,One year,0,Bank transfer (automatic),24.8,1476.25,0,23.81,0,0.01504855,Low
4993-JCRGJ,0,0,0,0,67,1,1,DSL,1,1,1,1,1,1,One year,1,Bank transfer (automatic),88.8,5903.15,0,88.11,6,0.17599215,Low
9537-JALFH,0,0,0,0,62,1,0,No,0,0,0,0,0,0,Two year,1,Credit card (automatic),20.05,1201.65,0,19.38,0,0.030063357,Low
6698-OXETB,0,0,0,0,2,1,0,Fiber optic,0,0,0,0,0,0,Month-to-month,1,Electronic check,69.8,146.65,0,73.32,0,0.87527156,High
2103-ZRXFN,1,0,1,1,23,1,1,DSL,1,0,1,1,1,0,Two year,1,Bank transfer (automatic),77.15,1759.4,0,76.5,4,0.027154647,Low
3724-BSCVH,1,0,0,1,25,0,0,DSL,1,0,0,1,0,0,Two year,0,Bank transfer (automatic),35.05,844.45,0,33.78,2,0.04376774,Low
4877-TSOFF,1,1,0,0,72,1,1,Fiber optic,0,1,1,1,1,1,Two year,1,Bank transfer (automatic),108.1,7774.05,0,107.97,5,0.18070717,Low
9209-NWPGU,1,0,1,0,2,1,1,Fiber optic,0,0,0,0,1,0,Month-to-month,1,Electronic check,84.05,134.05,0,67.03,1,0.92066085,High
7306-YDSOI,1,0,0,0,8,1,0,No,0,0,0,0,0,0,One year,1,Bank transfer (automatic),20.2,140.95,0,17.62,0,0.10248415,Low
5288-AHOUP,0,0,0,0,35,0,0,DSL,0,0,1,0,1,1,Month-to-month,0,Electronic check,49.2,1701.65,0,48.62,3,0.5109843,Medium
0655-YDGFJ,0,0,0,0,24,1,1,No,0,0,0,0,0,0,One year,0,Electronic check,24.6,592.65,0,24.69,0,0.12815267,Low
8468-EHYJA,1,0,1,1,2,1,0,Fiber optic,0,0,0,0,0,0,Month-to-month,1,Electronic check,71.65,135.75,0,67.88,0,0.69386214,High
6823-SIDFQ,0,0,1,1,72,1,1,Fiber optic,1,1,1,1,0,1,Two year,1,Credit card (automatic),104.9,7732.65,0,107.4,5,0.023004875,Low
1097-FSPVW,1,0,0,0,41,1,1,Fiber optic,1,1,1,1,1,0,Month-to-month,1,Electronic check,106.5,4282.4,0,104.45,5,0.66864747,High
8328-SKJNO,0,0,0,0,26,1,0,Fiber optic,0,1,0,0,0,0,One year,0,Bank transfer (automatic),75.5,2018.1,0,77.62,1,0.21080339,Low
7010-ZMVBF,1,0,1,1,4,1,1,DSL,0,1,0,1,0,0,Month-to-month,1,Mailed check,58.5,224.85,0,56.21,2,0.4676153,Medium
5201-CBWYG,0,0,0,0,48,1,0,DSL,0,1,1,1,1,1,Two year,0,Credit card (automatic),78.9,3771.5,0,78.57,5,0.06455415,Low
6352-GIGGQ,1,1,1,0,12,1,0,DSL,1,0,1,1,1,1,One year,1,Electronic check,79.2,943.85,0,78.65,5,0.3939043,Medium
3635-QQRQD,0,0,1,0,60,1,1,Fiber optic,1,0,1,1,1,1,Month-to-month,1,Bank transfer (automatic),109.45,6572.85,0,109.55,5,0.60985744,High
2897-DOVND,0,0,0,0,55,1,0,DSL,1,0,1,1,0,0,Two year,1,Electronic check,59.2,3175.85,0,57.74,3,0.113184296,Low
3082-YVEKW,0,0,0,0,1,0,0,DSL,0,0,0,1,0,0,Month-to-month,0,Mailed check,29.15,29.15,0,29.15,1,0.7189277,High
0191-EQUUH,1,0,0,0,42,1,0,DSL,0,0,1,1,0,1,Two year,0,Credit card (automatic),66.5,2762.75,0,65.78,3,0.07845138,Low
7134-HBPBS,1,0,0,0,1,1,0,DSL,1,0,0,0,0,0,Month-to-month,0,Bank transfer (automatic),49.55,49.55,0,49.55,1,0.69945353,High
3489-HHPFY,0,0,0,0,3,1,0,Fiber optic,0,0,1,0,0,0,Month-to-month,1,Credit card (automatic),73.6,232.5,0,77.5,1,0.80300623,High
2926-JEJJC,1,0,1,0,72,1,1,DSL,1,1,1,0,1,1,Two year,1,Credit card (automatic),82.65,5919.35,0,82.21,5,0.03787701,Low
4950-BDEUX,0,0,0,0,15,1,1,DSL,0,0,0,0,0,0,Month-to-month,1,Electronic check,49.0,749.25,0,49.95,0,0.64867485,High
5789-LDFXO,1,0,0,0,11,1,1,No,0,0,0,0,0,0,One year,0,Electronic check,25.2,245.15,0,22.29,0,0.15709214,Low
0508-OOLTO,1,0,0,0,5,1,1,No,0,0,0,0,0,0,Month-to-month,0,Mailed check,25.45,134.75,0,26.95,0,0.40343317,Medium
2984-TBYKU,0,0,1,0,72,1,1,Fiber optic,1,0,1,1,1,1,Two year,1,Credit card (automatic),110.9,8240.85,0,114.46,5,0.13549222,Low
9822-WMWVG,1,0,1,0,55,1,1,Fiber optic,0,1,0,0,0,0,Month-to-month,1,Credit card (automatic),77.75,4266.4,0,77.57,1,0.5330163,Medium
9040-KZVWO,1,0,1,1,40,1,1,No,0,0,0,0,0,0,Month-to-month,1,Electronic check,26.2,1077.5,0,26.94,0,0.13444835,Low
1548-ARAGG,1,0,1,0,57,1,0,No,0,0,0,0,0,0,Two year,0,Bank transfer (automatic),19.9,1115.6,0,19.57,0,0.046585876,Low
6339-RZCBJ,0,1,1,1,52,1,1,DSL,0,1,1,0,1,1,One year,1,Electronic check,80.85,4079.55,0,78.45,4,0.05131898,Low
4415-WNGVR,0,0,1,0,43,1,0,DSL,0,0,0,0,1,0,One year,1,Mailed check,56.35,2391.15,0,55.61,1,0.25839424,Low
2522-AHJXR,1,0,1,1,47,1,0,No,0,0,0,0,0,0,Two year,0,Bank transfer (automatic),19.3,890.5,0,18.95,0,0.014694691,Low
0412-UCCNP,0,0,0,0,3,1,1,DSL,0,0,0,0,0,0,Month-to-month,0,Bank transfer (automatic),50.4,137.25,0,45.75,0,0.7017881,High
1816-FLZDK,0,0,1,1,55,1,0,DSL,0,0,1,1,0,0,Two year,1,Credit card (automatic),55.25,3119.9,0,56.73,2,0.023765456,Low
7096-UCLNH,0,0,0,0,29,1,0,No,0,0,0,0,0,0,One year,0,Mailed check,19.1,529.5,0,18.26,0,0.051077995,Low
4615-PIVVU,1,0,0,1,12,1,1,Fiber optic,0,0,0,0,1,0,Month-to-month,1,Electronic check,84.05,966.55,0,80.55,1,0.6040272,High
8885-QSQBX,1,0,1,0,66,1,1,Fiber optic,0,1,1,0,1,1,Month-to-month,1,Electronic check,105.2,6936.85,0,105.1,4,0.75245196,High
8617-ENBDS,0,0,1,1,27,1,1,Fiber optic,0,0,0,0,0,0,Month-to-month,1,Bank transfer (automatic),75.75,1929.0,0,71.44,0,0.14823027,Low
9385-NXKDA,1,0,0,0,58,1,0,Fiber optic,0,0,0,1,1,1,Month-to-month,1,Electronic check,95.3,5817.7,0,100.31,3,0.6322965,High
0430-IHCDJ,0,0,0,0,9,1,0,No,0,0,0,0,0,0,Month-to-month,0,Mailed check,19.85,178.8,0,19.87,0,0.24941635,Low
6674-KVJHG,0,0,0,0,6,1,0,Fiber optic,0,0,0,0,0,0,Month-to-month,1,Electronic check,69.1,435.0,0,72.5,0,0.79791653,High
1814-DKOLC,1,0,0,0,9,1,0,No,0,0,0,0,0,0,Month-to-month,0,Mailed check,20.25,186.15,0,20.68,0,0.20939633,Low
9351-HXDMR,0,0,1,0,8,1,0,DSL,0,1,1,0,0,0,Month-to-month,1,Mailed check,54.75,445.85,0,55.73,2,0.51556253,Medium
3537-HPKQT,0,0,0,0,12,1,0,Fiber optic,0,0,0,0,1,0,Month-to-month,1,Electronic check,81.45,912.0,0,76.0,1,0.83085537,High
2129-ALKBS,0,0,1,0,43,1,1,DSL,1,0,1,0,1,1,One year,1,Electronic check,80.2,3581.6,0,83.29,4,0.32949913,Medium
5821-MMEIL,0,0,0,0,42,1,1,Fiber optic,0,0,0,1,1,1,Month-to-month,1,Electronic check,100.3,4222.95,0,100.55,3,0.7403159,High
1309-XGFSN,1,0,0,1,66,1,1,Fiber optic,1,0,1,1,0,0,Two year,1,Credit card (automatic),90.95,5930.05,0,89.85,3,0.01932556,Low
6968-URWQU,0,0,0,0,1,1,0,No,0,0,0,0,0,0,Month-to-month,0,Mailed check,20.0,20.0,0,20.0,0,0.6105899,High
4742-TXUEX,0,0,0,0,10,1,1,Fiber optic,0,1,0,0,0,0,Month-to-month,0,Electronic check,79.85,797.25,0,79.72,1,0.7483956,High
9631-XEYKE,1,1,0,0,18,1,0,Fiber optic,0,1,0,0,0,0,Month-to-month,1,Electronic check,73.55,1359.45,0,75.53,1,0.7203215,High
1335-MXCSE,1,0,1,1,3,1,0,No,0,0,0,0,0,0,Month-to-month,0,Mailed check,19.3,54.7,0,18.23,0,0.18699868,Low
8873-TMKGR,0,0,0,0,50,1,0,No,0,0,0,0,0,0,One year,0,Credit card (automatic),20.15,989.05,0,19.78,0,0.06153883,Low
8800-JOOCF,0,0,1,1,1,1,0,DSL,0,0,0,0,0,0,Month-to-month,0,Electronic check,44.55,44.55,0,44.55,0,0.64410865,High
1469-LBJQJ,0,0,0,0,2,1,0,DSL,1,0,0,1,0,0,Month-to-month,1,Mailed check,54.45,87.3,0,43.65,2,0.6615374,High
0064-YIJGF,0,0,0,0,17,1,0,No,0,0,0,0,0,0,One year,1,Bank transfer (automatic),19.65,351.55,0,20.68,0,0.1228882,Low
2386-OWURY,0,0,1,1,69,1,1,Fiber optic,0,1,1,0,1,1,Two year,1,Electronic check,105.0,7297.75,0,105.76,4,0.087813914,Low
0310-VQXAM,0,0,1,0,72,1,1,DSL,1,1,1,1,1,1,Two year,1,Credit card (automatic),88.7,6301.7,0,87.52,6,0.029918253,Low
3453-RTHJQ,0,1,1,1,50,1,1,DSL,1,1,1,0,0,1,Two year,1,Bank transfer (automatic),75.15,3822.45,0,76.45,4,0.022218905,Low
6278-FEPBZ,1,0,0,0,53,1,0,No,0,0,0,0,0,0,Two year,0,Mailed check,20.25,1048.45,0,19.78,0,0.038004126,Low
4280-DLSHD,1,0,1,0,58,1,1,Fiber optic,1,1,0,1,1,1,Two year,1,Credit card (automatic),109.1,6393.65,0,110.24,5,0.38883245,Medium
1508-DFXCU,0,0,0,0,46,0,0,DSL,1,0,0,0,0,0,One year,1,Bank transfer (automatic),30.75,1489.3,0,32.38,1,0.21491954,Low
7868-BGSZA,0,1,1,0,72,1,1,Fiber optic,1,1,1,1,1,1,Month-to-month,1,Credit card (automatic),112.9,8061.5,0,111.97,6,0.36477697,Medium
2800-QQUSO,1,0,1,1,6,1,1,Fiber optic,0,1,1,0,1,0,Month-to-month,1,Mailed check,94.05,518.75,0,86.46,3,0.51607984,Medium
7973-DZRKH,0,0,1,0,72,1,1,DSL,1,1,1,1,0,1,Two year,0,Bank transfer (automatic),78.85,5763.15,0,80.04,5,0.02975794,Low
7698-YFGEZ,0,0,0,0,4,1,0,DSL,0,0,0,0,0,1,Month-to-month,1,Mailed check,55.3,238.5,0,59.62,1,0.6448224,High
9773-PEQBZ,1,0,1,1,52,1,0,No,0,0,0,0,0,0,Two year,0,Mailed check,19.35,1031.7,0,19.84,0,0.018865053,Low
0650-BWOZN,1,0,0,0,2,1,0,No,0,0,0,0,0,0,One year,0,Mailed check,20.45,34.8,0,17.4,0,0.14295334,Low
7785-RDVIG,1,0,1,0,65,1,0,No,0,0,0,0,0,0,Two year,0,Bank transfer (automatic),19.35,1319.95,0,20.31,0,0.044495307,Low
9602-WCXPI,1,0,1,0,51,1,1,DSL,0,1,0,1,1,1,One year,1,Credit card (automatic),78.65,3950.85,0,77.47,4,0.22406577,Low
2903-YYTBW,0,0,0,0,12,1,1,DSL,0,0,1,0,1,1,Month-to-month,0,Bank transfer (automatic),74.75,827.05,0,68.92,3,0.53297275,Medium
3620-MWJNE,1,0,1,1,24,1,0,No,0,0,0,0,0,0,One year,0,Mailed check,19.9,533.5,0,22.23,0,0.019680968,Low
8573-JGCZW,1,0,1,0,64,1,1,DSL,0,0,1,1,0,0,One year,0,Bank transfer (automatic),58.35,3756.45,0,58.69,2,0.102806,Low
6837-HAEVO,1,0,0,0,26,1,1,Fiber optic,0,0,1,0,1,1,Month-to-month,1,Bank transfer (automatic),100.5,2599.95,0,100.0,3,0.76665527,High
6701-YVNQG,1,0,1,1,15,1,0,No,0,0,0,0,0,0,Month-to-month,0,Mailed check,20.05,284.3,0,18.95,0,0.07988126,Low
4304-XUMGI,0,1,1,0,64,1,1,No,0,0,0,0,0,0,Two year,0,Credit card (automatic),25.65,1740.8,0,27.2,0,0.040887713,Low
9504-YAZWB,1,0,1,0,27,1,1,Fiber optic,0,0,0,0,1,1,Month-to-month,0,Credit card (automatic),95.0,2462.55,0,91.21,2,0.6961304,High
8819-ZBYNA,1,0,1,1,8,1,0,DSL,0,0,0,0,0,0,Month-to-month,1,Electronic check,45.45,411.75,0,51.47,0,0.35618746,Medium
6174-NRBTZ,0,0,0,0,10,1,0,No,0,0,0,0,0,0,Month-to-month,1,Credit card (automatic),20.0,198.6,0,19.86,0,0.26622733,Low
9481-IEBZY,1,0,0,0,2,1,0,DSL,0,1,0,0,0,0,Month-to-month,0,Mailed check,49.2,103.7,0,51.85,1,0.6525352,High
6137-NICCO,0,0,1,0,51,1,0,DSL,1,1,1,1,1,1,Two year,1,Credit card (automatic),83.25,4089.45,0,80.19,6,0.058321428,Low
9065-ZCPQX,1,0,1,1,46,1,0,No,0,0,0,0,0,0,Two year,1,Mailed check,19.25,864.2,0,18.79,0,0.015625523,Low
6402-EJMWF,0,0,0,0,1,1,0,No,0,0,0,0,0,0,Month-to-month,1,Bank transfer (automatic),19.65,19.65,0,19.65,0,0.6739556,High
3620-EHIMZ,0,0,0,0,46,1,1,Fiber optic,0,0,0,0,0,0,Month-to-month,0,Bank transfer (automatic),72.8,3249.4,0,70.64,0,0.5361527,Medium
6870-ECSHE,1,0,1,0,50,1,1,Fiber optic,1,1,0,1,1,1,Month-to-month,1,Bank transfer (automatic),109.65,5405.8,0,108.12,5,0.67493695,High
8747-UDCOI,0,0,1,1,53,1,0,DSL,0,1,0,1,1,0,Month-to-month,0,Credit card (automatic),65.0,3363.8,0,63.47,3,0.063222654,Low
4626-OZDTJ,0,0,1,0,61,1,1,Fiber optic,0,1,1,1,1,1,Month-to-month,1,Electronic check,114.1,7132.15,0,116.92,5,0.66579866,High
9169-BSVIN,0,0,0,0,5,1,0,No,0,0,0,0,0,0,Month-to-month,0,Bank transfer (automatic),20.65,93.55,0,18.71,0,0.2261093,Low
8194-PEEBY,0,0,0,0,47,1,0,DSL,1,1,1,1,1,1,One year,1,Bank transfer (automatic),86.95,4138.9,0,88.06,6,0.17773814,Low
6872-HXFNF,1,0,0,0,54,1,1,Fiber optic,0,1,1,0,1,0,One year,1,Bank transfer (automatic),94.75,5121.75,0,94.85,3,0.36201704,Medium
7714-YXSMB,0,0,0,1,19,0,0,DSL,0,0,0,0,0,0,Month-to-month,1,Credit card (automatic),25.35,566.1,0,29.79,0,0.2047961,Low
8387-UGUSU,1,0,0,1,26,1,0,Fiber optic,0,1,1,1,1,1,Two year,1,Electronic check,105.45,2715.3,0,104.43,5,0.14330935,Low
1080-BWSYE,0,0,1,1,70,1,1,No,0,0,0,0,0,0,Two year,0,Mailed check,25.4,1782.05,0,25.46,0,0.010936306,Low
1194-HVAIF,0,0,1,0,17,1,1,Fiber optic,0,1,1,0,1,1,Month-to-month,1,Electronic check,102.55,1742.5,0,102.5,4,0.8881551,High
1767-TGTKO,1,0,0,1,1,1,1,No,0,0,0,0,0,0,Month-to-month,0,Mailed check,24.0,24.0,0,24.0,0,0.4462562,Medium
8439-LTUGF,1,0,1,1,19,1,1,No,0,0,0,0,0,0,Two year,0,Mailed check,25.6,485.9,0,25.57,0,0.027977673,Low
8805-JNRAZ,1,0,1,0,26,1,0,DSL,0,1,1,0,1,1,Two year,1,Credit card (automatic),73.5,1905.7,0,73.3,4,0.11378083,Low
6418-HNFED,0,0,1,0,50,1,1,Fiber optic,0,1,0,0,1,1,One year,1,Electronic check,98.25,4858.7,0,97.17,3,0.6085926,High
0206-OYVOC,1,0,1,0,68,0,0,DSL,1,0,1,0,1,1,One year,1,Electronic check,54.4,3723.65,0,54.76,4,0.32705674,Medium
7291-CDTMJ,0,0,1,1,9,1,0,Fiber optic,0,0,1,1,1,1,Month-to-month,0,Electronic check,103.1,970.45,0,107.83,4,0.58672,Medium
7128-GGCNO,1,0,1,1,51,0,0,DSL,1,0,0,1,0,0,Two year,0,Bank transfer (automatic),34.2,1782.0,0,34.94,2,0.028931761,Low
0237-YFUTL,1,0,0,0,9,1,0,DSL,0,0,0,0,0,0,Month-to-month,1,Electronic check,43.75,405.7,0,45.08,0,0.6371902,High
7691-KGKGP,0,0,0,0,22,1,1,Fiber optic,0,1,0,0,1,1,Month-to-month,1,Electronic check,100.65,2415.95,0,109.82,3,0.85394764,High
6710-HSJRD,0,0,1,1,71,1,1,Fiber optic,1,1,1,1,1,1,Two year,1,Bank transfer (automatic),116.05,8297.5,0,116.87,6,0.022874668,Low
3675-EQOZA,0,0,1,1,26,1,1,DSL,0,0,1,1,1,1,One year,1,Credit card (automatic),82.0,2083.1,0,80.12,4,0.04549549,Low
0840-DCNZE,0,0,1,0,71,1,1,DSL,1,1,0,1,0,0,Two year,0,Bank transfer (automatic),65.15,4681.75,0,65.94,3,0.034475565,Low
1732-FEKLD,0,0,0,0,4,1,0,DSL,0,0,0,0,0,0,Month-to-month,1,Credit card (automatic),44.8,176.2,0,44.05,0,0.66619813,High
9862-KJTYK,1,0,0,0,12,1,1,Fiber optic,1,0,0,0,0,0,Month-to-month,1,Electronic check,79.8,1001.2,0,83.43,1,0.8087605,High
0479-HMSWA,1,0,1,0,18,1,1,Fiber optic,0,0,0,1,1,0,Month-to-month,1,Electronic check,88.85,1594.75,0,88.6,2,0.76854736,High
5854-KSRBJ,1,0,0,0,3,1,1,Fiber optic,0,0,0,0,0,0,Month-to-month,1,Electronic check,74.95,212.4,0,70.8,0,0.8861219,High
0365-BZUWY,1,1,1,0,72,1,1,Fiber optic,1,1,0,0,1,1,One year,1,Bank transfer (automatic),106.85,7677.4,0,106.63,4,0.32010087,Medium
5701-SVCWR,0,0,0,0,13,1,0,No,0,0,0,0,0,0,One year,0,Credit card (automatic),19.3,259.65,0,19.97,0,0.092279606,Low
3129-AAQOU,0,0,1,0,42,1,1,DSL,1,0,0,0,0,0,One year,0,Credit card (automatic),56.1,2386.85,0,56.83,1,0.15661593,Low
4922-CVPDX,1,0,0,0,17,1,0,No,0,0,0,0,0,0,Month-to-month,0,Credit card (automatic),19.7,340.35,0,20.02,0,0.19733575,Low
1357-BIJKI,1,1,0,0,7,1,0,DSL,0,1,0,0,0,0,Month-to-month,1,Mailed check,51.3,419.35,0,59.91,1,0.51006377,Medium
1099-BTKWT,1,0,1,0,68,1,1,Fiber optic,1,1,1,1,1,1,Two year,0,Mailed check,118.6,7990.05,0,117.5,6,0.1902008,Low
2018-PZKMU,0,0,1,1,56,1,1,No,0,0,0,0,0,0,Two year,0,Bank transfer (automatic),24.15,1402.25,0,25.04,0,0.012919487,Low
7340-KEFQE,1,0,1,1,38,1,0,No,0,0,0,0,0,0,One year,0,Mailed check,20.3,749.35,0,19.72,0,0.020978706,Low
4570-QHXHL,1,0,1,1,72,1,1,Fiber optic,1,1,1,1,1,1,Two year,1,Electronic check,115.5,8425.15,0,117.02,6,0.014054611,Low
7392-YYPYJ,1,0,0,0,48,1,1,No,0,0,0,0,0,0,One year,0,Credit card (automatic),25.05,1171.5,0,24.41,0,0.083902024,Low
2223-GDSHL,1,1,1,0,52,1,1,Fiber optic,1,1,1,0,1,1,Month-to-month,1,Electronic check,109.1,5647.95,0,108.61,5,0.7489977,High
9470-RTWDV,1,0,1,1,35,1,0,No,0,0,0,0,0,0,One year,0,Mailed check,19.65,708.8,0,20.25,0,0.020525338,Low
2176-OSJUV,0,0,1,0,67,1,1,Fiber optic,0,1,1,1,1,1,Two year,1,Bank transfer (automatic),111.3,7567.2,0,112.94,5,0.44942436,Medium
9348-YVOMK,1,0,0,0,1,0,0,DSL,1,0,0,0,0,0,Month-to-month,0,Mailed check,29.9,29.9,0,29.9,1,0.7140347,High
8104-OSKWT,0,0,0,0,53,1,0,Fiber optic,0,1,0,1,0,0,Month-to-month,1,Mailed check,80.6,4348.1,0,82.04,2,0.41800934,Medium
4521-YEEHE,0,0,1,1,34,1,0,No,0,0,0,0,0,0,Month-to-month,0,Mailed check,20.8,635.9,0,18.7,0,0.043508925,Low
4090-KPJIP,0,0,0,0,19,1,0,Fiber optic,0,0,1,1,1,0,Month-to-month,0,Mailed check,89.95,1682.4,0,88.55,3,0.4943711,Medium
3786-WOVKF,1,1,1,0,60,1,1,Fiber optic,1,1,1,1,1,1,Two year,1,Bank transfer (automatic),116.05,6925.9,0,115.43,6,0.2514139,Low
2592-HODOV,0,0,0,0,11,1,0,No,0,0,0,0,0,0,Two year,0,Credit card (automatic),19.55,223.15,0,20.29,0,0.06675387,Low
7995-ZHHNZ,1,0,1,1,60,1,1,Fiber optic,1,1,1,1,1,1,Two year,0,Credit card (automatic),115.25,6758.45,0,112.64,6,0.035478342,Low
3824-RHKVR,0,0,1,0,72,1,1,No,0,0,0,0,0,0,Two year,0,Credit card (automatic),24.8,1874.3,0,26.03,0,0.022542436,Low
5816-SCGFC,0,0,0,0,39,1,0,No,0,0,0,0,0,0,One year,0,Mailed check,19.9,791.15,0,20.29,0,0.061747417,Low
5989-AXPUC,1,0,1,0,59,1,0,Fiber optic,1,0,1,0,0,0,One year,1,Credit card (automatic),81.25,4639.45,0,78.63,2,0.20462066,Low
4979-HPRFL,0,0,1,1,2,1,0,Fiber optic,0,0,0,0,0,0,Month-to-month,0,Mailed check,69.95,143.9,0,71.95,0,0.5280735,Medium
8590-OHDIW,0,0,0,0,71,1,1,Fiber optic,0,0,1,1,0,0,Two year,1,Credit card (automatic),86.4,6172.0,0,86.93,2,0.07487917,Low
8015-IHCGW,1,0,1,0,24,1,1,DSL,1,1,1,0,0,0,Month-to-month,0,Mailed check,66.3,1559.45,0,64.98,3,0.25381735,Low
2332-TODQS,0,1,1,0,67,1,1,Fiber optic,0,0,0,0,1,1,Month-to-month,1,Credit card (automatic),94.65,6079.0,0,90.73,2,0.64862114,High
9278-VZKCD,1,0,1,0,37,1,1,DSL,0,1,0,1,0,1,One year,0,Mailed check,72.1,2658.4,0,71.85,3,0.24138685,Low
8008-OTEZX,0,0,0,0,11,0,0,DSL,0,1,1,0,0,0,Month-to-month,0,Mailed check,34.7,383.55,0,34.87,2,0.44975856,Medium
2773-OVBPK,1,0,1,0,18,1,0,Fiber optic,0,0,1,0,1,1,Month-to-month,1,Credit card (automatic),95.95,1745.5,0,96.97,3,0.7521007,High
5999-LCXAO,0,0,1,1,50,1,0,DSL,0,0,0,0,0,0,One year,1,Bank transfer (automatic),44.8,2230.85,0,44.62,0,0.040729694,Low
5206-XZZQI,1,0,1,1,67,1,1,Fiber optic,1,0,1,1,1,1,One year,1,Electronic check,109.4,7281.6,0,108.68,5,0.087729424,Low
4803-LBYPN,1,0,1,0,25,1,0,DSL,1,1,0,1,0,1,Month-to-month,1,Mailed check,71.05,1837.7,0,73.51,4,0.30745655,Medium
2139-FQHLM,0,0,0,0,9,1,0,No,0,0,0,0,0,0,Month-to-month,0,Credit card (automatic),19.7,180.7,0,20.08,0,0.2430783,Low
8261-GWDBQ,1,0,0,1,10,0,0,DSL,1,1,0,1,0,0,One year,0,Mailed check,40.25,411.45,0,41.14,3,0.094767764,Low
1093-YSWCA,1,0,1,0,70,1,0,No,0,0,0,0,0,0,Two year,0,Credit card (automatic),19.85,1328.35,0,18.98,0,0.026759986,Low
3882-IYOIJ,0,0,0,0,9,1,0,DSL,1,0,1,1,0,1,Month-to-month,1,Bank transfer (automatic),68.25,576.95,0,64.11,4,0.36612943,Medium
8749-TZYEC,1,0,0,0,4,1,0,No,0,0,0,0,0,0,Month-to-month,1,Credit card (automatic),20.15,68.45,0,17.11,0,0.2723466,Low
1755-FZQEC,1,0,0,0,2,1,0,DSL,1,0,0,0,0,0,Month-to-month,0,Mailed check,50.95,123.05,0,61.52,1,0.60491663,High
3115-JPJDD,0,0,0,0,19,0,0,DSL,0,0,0,0,0,0,Month-to-month,1,Bank transfer (automatic),25.15,468.35,0,24.65,0,0.43107653,Medium
5600-KTXFM,0,0,1,1,7,1,0,No,0,0,0,0,0,0,Month-to-month,1,Bank transfer (automatic),20.25,174.7,0,24.96,0,0.14182426,Low
6339-TBELP,0,1,0,0,1,1,0,DSL,0,0,0,0,0,0,Month-to-month,0,Electronic check,44.0,44.0,0,44.0,0,0.818239,High
7964-YESJC,1,0,1,1,9,1,0,No,0,0,0,0,0,0,One year,0,Mailed check,20.25,172.35,0,19.15,0,0.046295565,Low
6173-GOLSU,1,0,0,0,5,1,0,DSL,1,0,1,0,0,0,Month-to-month,0,Credit card (automatic),55.8,300.4,0,60.08,2,0.44261324,Medium
9938-ZREHM,1,0,1,1,56,1,0,Fiber optic,0,0,0,0,1,1,One year,0,Bank transfer (automatic),88.9,4968.0,0,88.71,2,0.035168104,Low
7950-XWOVN,1,0,0,1,18,1,1,DSL,1,0,0,0,0,0,Month-to-month,0,Mailed check,57.65,992.7,0,55.15,1,0.15521084,Low
4647-MUZON,0,0,1,0,70,1,1,DSL,1,1,1,1,1,0,Two year,0,Mailed check,79.15,5536.5,0,79.09,5,0.049897555,Low
9702-AIUJO,1,0,0,0,72,1,1,Fiber optic,0,1,1,1,1,1,Two year,1,Credit card (automatic),108.05,7806.6,0,108.43,5,0.18546076,Low
8849-PRIQJ,0,1,1,0,17,1,1,Fiber optic,0,0,0,0,1,1,Month-to-month,1,Electronic check,94.8,1563.9,0,91.99,2,0.87098825,High
8851-RAGOV,0,0,1,0,29,0,0,DSL,0,0,0,0,1,1,Month-to-month,1,Electronic check,45.9,1332.4,0,45.94,2,0.70367885,High
5396-IZEPB,0,0,1,0,63,1,1,Fiber optic,0,0,1,0,1,1,Two year,0,Electronic check,102.6,6296.75,0,99.95,3,0.30988407,Medium
1729-VLAZJ,0,0,0,0,59,1,0,DSL,0,0,1,0,0,1,One year,1,Bank transfer (automatic),61.35,3645.5,0,61.79,2,0.19383648,Low
8285-ABVLB,1,0,0,0,3,1,0,DSL,0,0,1,0,1,0,Month-to-month,0,Electronic check,57.55,161.45,0,53.82,2,0.7240618,High
0701-TJSEF,1,0,0,0,8,0,0,DSL,0,1,0,0,0,0,Month-to-month,1,Mailed check,29.25,226.95,0,28.37,1,0.5869498,Medium
5712-VBOXD,1,0,0,0,68,1,0,No,0,0,0,0,0,0,Two year,0,Credit card (automatic),19.6,1441.65,0,21.2,0,0.031695887,Low
6629-LADHQ,1,0,1,1,68,1,1,Fiber optic,1,0,1,1,1,1,Two year,0,Credit card (automatic),111.75,7511.3,0,110.46,5,0.051295407,Low
1559-DTODC,1,1,1,0,52,1,1,Fiber optic,0,1,1,0,1,1,One year,1,Electronic check,106.5,5621.85,0,108.11,4,0.7073857,High
4797-MIWUM,0,0,1,1,72,1,1,Fiber optic,1,1,0,1,1,1,Two year,1,Credit card (automatic),107.7,7919.8,0,110.0,5,0.019230243,Low
8720-RQSBJ,1,0,1,0,32,1,0,No,0,0,0,0,0,0,One year,0,Mailed check,19.3,593.2,0,18.54,0,0.0686889,Low
4537-CIBHB,1,0,1,0,72,1,0,No,0,0,0,0,0,0,Two year,0,Bank transfer (automatic),20.05,1423.65,0,19.77,0,0.019602897,Low
4324-AHJKS,0,0,1,1,1,1,0,Fiber optic,0,0,0,0,0,0,Month-to-month,1,Credit card (automatic),69.95,69.95,0,69.95,0,0.6640304,High
4355-CVPVS,0,0,1,1,42,1,0,DSL,1,0,0,1,0,1,One year,0,Credit card (automatic),63.7,2763.35,0,65.79,3,0.038254086,Low
4495-LHSSK,0,0,0,0,45,1,0,DSL,1,0,0,0,0,0,Month-to-month,1,Bank transfer (automatic),50.9,2298.55,0,51.08,1,0.33155385,Medium
5915-ANOEI,1,0,1,1,43,0,0,DSL,1,0,1,1,1,1,One year,1,Credit card (automatic),60.4,2640.55,0,61.41,5,0.07316399,Low
9861-PDSZP,0,0,1,0,37,1,1,DSL,1,0,1,0,1,1,One year,0,Mailed check,79.25,2911.8,0,78.7,4,0.20345837,Low
7225-CBZPL,0,0,1,0,63,1,0,Fiber optic,1,1,1,1,1,1,Two year,1,Credit card (automatic),110.1,6705.7,0,106.44,6,0.24587408,Low
6704-UTUKK,0,0,0,0,3,1,0,Fiber optic,0,0,0,0,1,1,Month-to-month,0,Mailed check,90.7,237.65,0,79.22,2,0.7551883,High
2019-HDCZY,0,0,1,1,66,1,1,No,0,0,0,0,0,0,Two year,1,Credit card (automatic),25.3,1672.35,0,25.34,0,0.012010253,Low
8788-DOXSU,1,1,0,0,8,1,1,Fiber optic,0,0,0,0,0,1,Month-to-month,0,Electronic check,85.2,695.75,0,86.97,1,0.8318496,High
7404-JLKQG,0,0,0,1,71,1,1,No,0,0,0,0,0,0,Two year,0,Mailed check,24.35,1654.6,0,23.3,0,0.00875054,Low
7421-ZLUPA,1,0,1,1,72,1,1,No,0,0,0,0,0,0,Two year,0,Bank transfer (automatic),25.1,1857.85,0,25.8,0,0.007338157,Low
3274-NSDWE,0,1,1,0,16,1,0,DSL,1,1,0,0,0,0,Month-to-month,1,Bank transfer (automatic),54.55,825.1,0,51.57,2,0.48307037,Medium
2632-IVXVF,0,0,1,0,66,1,1,Fiber optic,1,1,1,1,0,0,Two year,0,Mailed check,96.6,6424.25,0,97.34,4,0.11909906,Low
3692-JHONH,0,0,0,0,51,1,1,DSL,1,1,1,1,1,0,One year,1,Credit card (automatic),81.15,4126.2,0,80.91,5,0.13811961,Low
8915-NNTRC,1,0,0,1,8,0,0,DSL,1,0,0,0,0,1,Month-to-month,1,Electronic check,38.5,330.8,0,41.35,2,0.5016142,Medium
5914-GXMDA,0,0,0,0,14,1,0,Fiber optic,0,0,0,0,1,1,Month-to-month,1,Electronic check,92.9,1337.45,0,95.53,2,0.84452504,High
7463-IFMQU,1,0,0,0,70,1,1,DSL,1,1,1,0,1,1,Two year,0,Mailed check,84.7,5991.05,0,85.59,5,0.052000087,Low
2920-RNCEZ,1,0,0,1,70,1,1,DSL,1,1,0,1,0,0,Two year,0,Electronic check,66.0,4891.5,0,69.88,3,0.022919957,Low
2541-YGPKE,0,0,0,0,24,1,0,No,0,0,0,0,0,0,Two year,0,Mailed check,20.75,487.05,0,20.29,0,0.03614771,Low
5382-TEMLV,1,0,1,0,69,1,0,DSL,0,1,0,0,0,1,Two year,1,Credit card (automatic),61.45,4131.2,0,59.87,2,0.077605434,Low
3441-CGZJH,0,0,1,1,42,1,0,DSL,1,1,0,0,0,0,Month-to-month,0,Mailed check,54.5,2301.15,0,54.79,2,0.07866011,Low
9592-ERDKV,1,1,0,0,39,1,1,Fiber optic,0,0,1,0,1,1,Month-to-month,1,Electronic check,99.75,4036.0,0,103.49,3,0.81749064,High
4778-IZARL,0,0,1,1,45,1,1,Fiber optic,0,1,1,1,1,1,Two year,1,Bank transfer (automatic),109.75,4900.65,0,108.9,5,0.09214684,Low
0432-CAJZV,0,0,1,1,72,1,1,DSL,1,1,1,1,1,0,Two year,1,Bank transfer (automatic),80.85,5727.45,0,79.55,5,0.0064853136,Low
7008-LZVOZ,1,0,0,0,38,1,0,No,0,0,0,0,0,0,Two year,0,Mailed check,20.3,743.05,0,19.55,0,0.04044879,Low
1200-TUZHR,0,0,1,0,72,1,1,DSL,1,1,1,1,0,0,Two year,1,Bank transfer (automatic),67.8,4804.65,0,66.73,4,0.02715024,Low
9365-CSLBQ,0,0,1,1,72,1,0,No,0,0,0,0,0,0,Two year,1,Credit card (automatic),19.8,1414.65,0,19.65,0,0.0072426107,Low
5884-FBCTL,0,0,1,0,55,1,1,No,0,0,0,0,0,0,Two year,0,Bank transfer (automatic),25.7,1443.65,0,26.25,0,0.054623406,Low
7130-CTCUS,1,0,1,1,51,0,0,DSL,0,0,1,1,1,1,One year,1,Electronic check,56.15,2898.95,0,56.84,4,0.099343404,Low
6242-FEGFD,0,0,0,0,63,1,0,DSL,1,1,1,1,1,1,Two year,1,Bank transfer (automatic),86.7,5309.5,0,84.28,6,0.034670677,Low
6194-HBGQN,1,0,0,0,1,1,0,No,0,0,0,0,0,0,Month-to-month,0,Mailed check,20.4,20.4,0,20.4,0,0.54629415,Medium
7634-WSWDB,1,0,1,1,23,1,0,No,0,0,0,0,0,0,Two year,1,Mailed check,19.65,451.55,0,19.63,0,0.021956827,Low
6986-IXNDM,1,0,0,0,2,1,1,DSL,0,0,0,1,0,0,Month-to-month,1,Mailed check,54.35,117.05,0,58.52,1,0.7456601,High
2987-BJXIK,1,1,0,0,52,1,1,Fiber optic,1,1,1,0,1,1,Month-to-month,0,Credit card (automatic),108.1,5839.3,0,112.29,5,0.6192002,High
9769-TSBZE,1,0,0,0,36,1,1,DSL,1,0,0,0,0,0,One year,0,Mailed check,54.45,1893.5,0,52.6,1,0.102618486,Low
1395-WSWXR,1,0,0,0,1,1,0,DSL,0,0,0,0,0,0,Month-to-month,0,Mailed check,45.35,45.35,0,45.35,0,0.74661726,High
6023-GSSXW,1,0,0,0,28,1,1,DSL,1,0,1,0,0,0,One year,0,Mailed check,59.0,1654.45,0,59.09,2,0.09072813,Low
6752-APNJL,1,0,1,1,7,1,0,DSL,1,1,1,0,1,0,One year,0,Electronic check,69.45,477.05,0,68.15,4,0.12845866,Low
0420-HLGXF,0,1,1,0,72,0,0,DSL,1,1,1,1,1,1,Two year,1,Credit card (automatic),64.95,4546.0,0,63.14,6,0.04154514,Low
7446-KQISO,1,0,0,0,10,1,0,No,0,0,0,0,0,0,Month-to-month,0,Mailed check,18.85,163.2,0,16.32,0,0.18505546,Low
9823-EALYC,0,0,0,0,42,1,0,No,0,0,0,0,0,0,One year,0,Bank transfer (automatic),19.8,849.9,0,20.24,0,0.0773084,Low
0582-AVCLN,1,0,0,0,7,0,0,DSL,0,0,0,0,0,0,Month-to-month,0,Bank transfer (automatic),25.05,189.95,0,27.14,0,0.52546287,Medium
5803-NQJZO,0,0,1,1,72,1,1,Fiber optic,1,1,1,1,1,1,Two year,1,Credit card (automatic),114.3,8058.55,0,111.92,6,0.013370934,Low
2607-DHDAK,0,0,0,0,63,1,0,Fiber optic,1,1,1,1,1,1,Two year,0,Credit card (automatic),109.2,7049.75,0,111.9,6,0.22338873,Low
1073-XXCZD,1,0,0,0,56,0,0,DSL,1,1,1,1,0,0,Two year,0,Bank transfer (automatic),45.05,2560.1,0,45.72,4,0.057924278,Low
0743-HRVFF,1,0,0,1,5,1,0,DSL,0,0,0,1,0,0,Month-to-month,1,Mailed check,51.0,286.8,0,57.36,1,0.41137284,Medium
4006-HKYHO,1,0,1,0,72,1,1,Fiber optic,0,1,1,1,1,1,Two year,1,Bank transfer (automatic),110.45,7982.5,0,110.87,5,0.11731715,Low
3727-JEZTU,0,1,1,1,68,1,1,Fiber optic,0,1,1,0,0,0,Month-to-month,1,Electronic check,84.65,5683.6,0,83.58,2,0.089898795,Low
8143-ETQTI,0,0,1,1,67,1,0,DSL,1,1,0,1,0,0,One year,0,Mailed check,60.05,3994.05,0,59.61,3,0.022943173,Low
9667-TKTVZ,0,0,1,1,8,1,0,DSL,0,0,0,0,0,0,Month-to-month,0,Bank transfer (automatic),44.65,369.15,0,46.14,0,0.21927905,Low
3657-COGMW,0,0,1,1,52,1,1,Fiber optic,0,1,0,1,0,1,Month-to-month,1,Bank transfer (automatic),93.25,4631.7,0,89.07,3,0.08400294,Low
8570-KLJYJ,1,0,1,1,18,1,0,No,0,0,0,0,0,0,Month-to-month,1,Mailed check,20.25,401.95,0,22.33,0,0.07458758,Low
7754-IXRMC,1,0,1,1,59,1,1,No,0,0,0,0,0,0,Two year,0,Mailed check,25.45,1534.05,0,26.0,0,0.011019655,Low
9473-CBZOP,1,0,0,0,60,1,0,No,0,0,0,0,0,0,Two year,0,Mailed check,20.6,1093.0,0,18.22,0,0.02104566,Low
2969-WGHQO,0,0,0,0,7,1,1,Fiber optic,0,0,0,0,1,1,Month-to-month,1,Electronic check,94.1,701.3,0,100.19,2,0.90981704,High
4334-HOWRP,0,0,1,1,59,0,0,DSL,1,0,1,0,0,0,One year,0,Mailed check,34.8,1980.3,0,33.56,2,0.03239388,Low
5863-OOKCL,0,0,0,0,46,0,0,DSL,1,0,1,1,1,1,Two year,1,Bank transfer (automatic),60.75,2893.4,0,62.9,5,0.08946145,Low
1686-STUHN,0,0,0,0,5,1,0,DSL,0,1,0,0,0,0,Month-to-month,1,Electronic check,51.35,262.3,0,52.46,1,0.7077212,High
1329-VHWNP,0,1,1,0,59,0,0,DSL,1,0,1,1,1,1,Two year,1,Credit card (automatic),64.05,3886.85,0,65.88,5,0.07675944,Low
0266-GMEAO,1,0,1,0,70,1,1,DSL,0,1,1,1,1,1,Two year,1,Bank transfer (automatic),84.8,5917.55,0,84.54,5,0.072562195,Low
5574-NXZIU,1,0,0,0,44,1,1,DSL,0,0,0,0,0,0,Month-to-month,1,Mailed check,50.15,2139.1,0,48.62,0,0.3527716,Medium
0019-GFNTW,1,0,1,0,64,1,1,Fiber optic,1,0,1,0,1,0,Two year,1,Credit card (automatic),94.6,5948.7,0,92.95,3,0.15887086,Low
4256-ZWTZI,1,0,1,1,58,0,0,DSL,1,0,1,1,1,1,Two year,0,Mailed check,59.75,3624.35,0,62.49,5,0.02267181,Low
8309-PPCED,1,1,1,0,46,1,1,Fiber optic,0,0,0,1,1,1,One year,0,Electronic check,100.25,4753.85,0,103.34,3,0.55581576,Medium
4098-NAUKP,0,1,1,0,58,1,1,Fiber optic,0,1,0,0,1,1,Month-to-month,1,Electronic check,98.9,5780.7,0,99.67,3,0.7705367,High
5196-WPYOW,1,0,1,0,72,1,1,Fiber optic,0,1,0,0,1,1,Two year,1,Credit card (automatic),97.7,6869.7,0,95.41,3,0.13782664,Low
4608-LCIMN,0,1,0,0,11,1,1,DSL,1,1,0,0,0,0,Month-to-month,0,Bank transfer (automatic),60.25,662.95,0,60.27,2,0.4108837,Medium
1485-YDHMM,1,1,0,0,34,0,0,DSL,0,1,1,0,1,1,Month-to-month,1,Electronic check,56.25,1765.95,0,51.94,4,0.59735614,Medium
4054-CUMIA,0,0,0,0,54,0,0,DSL,1,1,0,0,0,1,Two year,0,Bank transfer (automatic),46.2,2431.95,0,45.04,3,0.089393154,Low
0603-TPMIB,1,0,1,1,72,1,1,No,0,0,0,0,0,0,Two year,0,Mailed check,24.9,1859.2,0,25.82,0,0.006827336,Low
2525-GVKQU,0,0,1,1,54,1,1,DSL,0,0,1,0,0,1,Two year,0,Credit card (automatic),63.35,3409.1,0,63.13,2,0.020708157,Low
8161-QYMTT,1,0,0,0,14,1,0,DSL,1,0,0,0,0,0,Month-to-month,0,Bank transfer (automatic),50.1,709.5,0,50.68,1,0.3478727,Medium
9581-GVBXT,1,0,0,0,1,1,0,DSL,1,0,0,0,0,0,Month-to-month,0,Electronic check,50.15,50.15,0,50.15,1,0.7473931,High
5862-BRIXZ,0,0,0,0,56,1,1,DSL,1,1,0,1,0,0,One year,1,Bank transfer (automatic),64.65,3665.55,0,65.46,3,0.110883705,Low
5404-GGUKR,1,0,1,0,68,1,0,DSL,1,1,0,1,1,1,Two year,1,Bank transfer (automatic),79.6,5515.8,0,81.11,5,0.053344674,Low
3308-JSGML,1,0,1,1,14,1,0,No,0,0,0,0,0,0,One year,1,Mailed check,19.5,272.0,0,19.43,0,0.0593782,Low
2126-GSEGL,0,0,1,1,68,1,0,Fiber optic,1,0,0,1,1,1,Two year,1,Electronic check,99.55,6668.0,0,98.06,4,0.031816855,Low
0440-QEXBZ,0,1,1,0,55,1,1,Fiber optic,0,0,0,0,0,0,Month-to-month,1,Electronic check,74.0,4052.4,0,73.68,0,0.6783013,High
2434-EEVDB,1,0,0,0,16,0,0,DSL,1,0,0,0,1,0,Month-to-month,1,Electronic check,38.9,664.4,0,41.52,2,0.69655466,High
6762-QVYJO,0,1,0,0,9,1,0,Fiber optic,0,0,0,0,0,1,Month-to-month,1,Electronic check,79.55,718.55,0,79.84,1,0.83784926,High
6199-IWKGC,0,0,0,0,53,0,0,DSL,1,1,0,0,0,1,Month-to-month,1,Bank transfer (automatic),46.3,2546.85,0,48.05,3,0.43914667,Medium
2675-DHUTR,0,0,1,0,70,1,1,Fiber optic,1,1,1,0,1,0,Two year,1,Credit card (automatic),99.35,6944.5,0,99.21,4,0.1900755,Low
8152-VETUR,1,1,1,1,14,1,1,Fiber optic,0,0,0,0,1,1,Month-to-month,1,Electronic check,95.8,1346.3,0,96.16,2,0.53398895,Medium
7446-YPODE,1,0,1,0,10,1,1,Fiber optic,1,0,0,0,0,0,Month-to-month,1,Credit card (automatic),78.15,765.15,0,76.52,1,0.7602162,High
9522-BNTHX,1,0,1,1,29,1,1,No,0,0,0,0,0,0,Two year,0,Mailed check,26.1,692.55,0,23.88,0,0.02140877,Low
4676-WLUHT,1,0,0,0,30,0,0,DSL,0,0,0,1,0,1,One year,1,Credit card (automatic),40.35,1187.05,0,39.57,2,0.26260546,Low
7980-MHFLQ,1,0,1,0,72,1,1,DSL,1,1,1,1,1,0,Two year,0,Credit card (automatic),79.2,5401.9,0,75.03,5,0.029485714,Low
0757-WCUUZ,1,0,0,0,10,1,0,No,0,0,0,0,0,0,Month-to-month,1,Mailed check,20.9,247.0,0,24.7,0,0.26323178,Low
1629-DQQVB,1,0,0,1,1,1,0,DSL,1,0,0,0,0,0,Month-to-month,0,Mailed check,49.9,49.9,0,49.9,1,0.5568764,Medium
0374-AACSZ,1,0,0,0,20,1,1,DSL,0,1,0,1,0,1,Month-to-month,1,Credit card (automatic),68.9,1370.35,0,68.52,3,0.35001606,Medium
4872-VXRIL,1,0,0,0,1,1,0,No,0,0,0,0,0,0,Month-to-month,1,Mailed check,20.25,20.25,0,20.25,0,0.6656767,High
9140-CZQZZ,1,0,0,0,29,1,1,Fiber optic,0,0,0,0,0,0,Month-to-month,1,Credit card (automatic),76.0,2215.25,0,76.39,0,0.6070711,High
3423-HHXAO,0,0,0,0,1,1,0,Fiber optic,0,0,0,1,0,0,Month-to-month,0,Electronic check,74.0,74.0,0,74.0,1,0.8561401,High
9938-TKDGL,0,0,0,0,3,1,0,Fiber optic,1,0,0,1,0,0,Month-to-month,1,Mailed check,82.3,214.4,0,71.47,2,0.65787315,High
0531-ZZJWQ,1,0,0,0,20,1,0,Fiber optic,1,0,1,0,1,0,Month-to-month,1,Bank transfer (automatic),89.4,1871.15,0,93.56,3,0.5827879,Medium
6537-QLGEX,0,0,0,1,64,1,0,Fiber optic,0,1,0,1,1,1,Month-to-month,1,Credit card (automatic),99.15,6171.2,0,96.42,4,0.11258829,Low
2688-BHGOG,1,0,0,0,6,0,0,DSL,1,0,0,0,0,0,Month-to-month,0,Bank transfer (automatic),29.45,161.45,0,26.91,1,0.5047811,Medium
3160-TYXLT,0,0,1,0,50,1,0,No,0,0,0,0,0,0,Two year,0,Electronic check,19.8,1013.2,0,20.26,0,0.09197522,Low
1325-USMEC,0,0,0,0,6,1,0,DSL,1,0,0,0,0,1,Month-to-month,1,Bank transfer (automatic),59.15,336.7,0,56.12,2,0.47095284,Medium
0916-QOFDP,0,0,1,1,7,1,0,DSL,0,0,0,0,0,0,Month-to-month,0,Electronic check,44.75,333.65,0,47.66,0,0.32024992,Medium
5606-AMZBO,0,0,1,1,72,1,1,Fiber optic,0,0,1,0,0,1,Two year,1,Credit card (automatic),90.8,6511.8,0,90.44,2,0.0120578855,Low
6199-IPCAO,0,0,1,0,8,1,0,DSL,0,1,0,0,0,0,Month-to-month,1,Bank transfer (automatic),49.55,393.45,0,49.18,1,0.5342456,Medium
5640-CAXOA,1,0,1,1,67,1,1,Fiber optic,1,0,0,1,1,1,Two year,0,Credit card (automatic),106.7,7009.5,0,104.62,4,0.039939817,Low
2235-EZAIK,1,0,1,0,72,1,1,Fiber optic,1,1,0,0,0,1,Two year,1,Credit card (automatic),94.45,6921.7,0,96.13,3,0.079503275,Low
3847-BAERP,0,0,1,1,33,1,0,No,0,0,0,0,0,0,One year,1,Bank transfer (automatic),19.45,600.25,0,18.19,0,0.023184966,Low
1453-RZFON,0,0,1,0,70,1,0,DSL,1,1,0,1,0,1,Two year,0,Mailed check,67.95,4664.15,0,66.63,4,0.044333547,Low
8263-OKETD,1,0,0,0,22,1,0,DSL,0,1,1,0,1,0,One year,0,Bank transfer (automatic),65.25,1441.8,0,65.54,3,0.13441142,Low
0670-KDOMA,1,0,0,0,59,1,1,Fiber optic,1,1,1,0,0,1,Month-to-month,1,Bank transfer (automatic),99.45,5623.7,0,95.32,4,0.49860203,Medium
2476-YGEFM,0,0,0,0,36,1,0,No,0,0,0,0,0,0,One year,1,Credit card (automatic),20.35,695.85,0,19.33,0,0.09149859,Low
8687-BAFGU,1,0,1,1,51,1,0,No,0,0,0,0,0,0,Two year,0,Mailed check,19.95,1028.75,0,20.17,0,0.014688843,Low
0641-EVBOJ,0,0,1,0,53,1,1,DSL,1,0,1,1,1,0,One year,0,Bank transfer (automatic),77.4,4155.95,0,78.41,4,0.14386328,Low
0829-XXPLX,1,0,1,1,20,1,0,No,0,0,0,0,0,0,One year,0,Bank transfer (automatic),19.7,395.6,0,19.78,0,0.031544115,Low
9974-JFBHQ,0,0,1,0,63,1,0,Fiber optic,1,0,1,0,1,1,Two year,0,Credit card (automatic),99.7,6330.4,0,100.48,4,0.18400048,Low
6624-JDRDS,1,0,0,0,40,1,0,Fiber optic,0,1,0,0,0,0,Month-to-month,0,Credit card (automatic),74.8,2971.7,0,74.29,1,0.53095704,Medium
0608-JDVEC,0,0,0,0,35,1,0,No,0,0,0,0,0,0,One year,1,Mailed check,19.15,638.0,0,18.23,0,0.078062825,Low
9780-FKVVF,0,0,1,1,26,1,0,Fiber optic,0,0,0,0,0,1,One year,0,Bank transfer (automatic),78.95,2034.25,0,78.24,1,0.04372728,Low
1919-RTPQD,0,0,0,1,53,1,0,DSL,1,1,0,1,0,0,One year,0,Credit card (automatic),62.85,3419.5,0,64.52,3,0.03015693,Low
5214-NLTIT,0,1,1,0,34,1,0,Fiber optic,0,0,0,0,0,0,Month-to-month,0,Credit card (automatic),71.55,2427.35,0,71.39,0,0.54699194,Medium
3345-PBBFH,1,1,1,0,19,1,1,Fiber optic,0,0,0,0,1,1,Month-to-month,1,Electronic check,94.95,1760.25,0,92.64,2,0.8542057,High
5055-BRMNE,0,0,1,0,43,1,0,Fiber optic,1,1,1,0,0,0,Month-to-month,1,Credit card (automatic),86.1,3551.65,0,82.6,3,0.4747239,Medium
2190-PHBHR,0,0,1,1,6,1,0,No,0,0,0,0,0,0,Month-to-month,0,Mailed check,19.55,122.9,0,20.48,0,0.15063407,Low
2650-GYRYL,0,0,0,1,56,1,1,No,0,0,0,0,0,0,Two year,1,Mailed check,24.8,1424.2,0,25.43,0,0.016489862,Low
5208-FVQKB,0,0,1,1,34,1,0,Fiber optic,0,0,1,0,1,0,Month-to-month,1,Mailed check,84.05,2909.95,0,85.59,2,0.13585004,Low
7184-LRUUR,1,0,0,0,10,0,0,DSL,0,1,0,1,0,0,Month-to-month,0,Electronic check,36.25,374.0,0,37.4,2,0.50726324,Medium
6627-CFOSN,0,0,0,0,56,1,1,Fiber optic,0,1,0,0,1,1,Month-to-month,0,Electronic check,98.6,5581.05,0,99.66,3,0.6590134,High
3982-JGSFD,1,0,1,0,55,1,1,Fiber optic,0,1,1,0,1,1,Month-to-month,1,Credit card (automatic),103.65,5676.65,0,103.21,4,0.71310866,High
1574-DYCWE,1,0,1,1,36,1,1,DSL,1,1,1,1,1,1,Two year,1,Credit card (automatic),92.9,3379.25,0,93.87,6,0.01825547,Low
7247-XOZPB,0,0,1,0,47,1,0,No,0,0,0,0,0,0,One year,0,Bank transfer (automatic),19.9,942.95,0,20.06,0,0.09016209,Low
2466-FCCPT,1,0,1,1,12,1,0,No,0,0,0,0,0,0,Month-to-month,1,Credit card (automatic),20.1,232.4,0,19.37,0,0.112848856,Low
6211-WWLTF,0,1,0,0,24,1,1,Fiber optic,0,1,0,0,0,0,Month-to-month,1,Electronic check,80.5,2088.45,0,87.02,1,0.7397471,High
4826-TZEVA,1,1,0,0,35,0,0,DSL,0,0,1,0,1,0,Month-to-month,1,Electronic check,39.85,1434.6,0,40.99,2,0.64063126,High
6016-NXBNJ,1,0,0,0,67,1,0,DSL,1,1,0,1,0,0,One year,0,Credit card (automatic),60.5,3870.0,0,57.76,3,0.07675047,Low
9138-EFSMO,0,0,0,0,21,1,1,Fiber optic,1,0,1,0,1,1,Month-to-month,0,Mailed check,103.85,2215.0,0,105.48,4,0.6646438,High
4632-XJMEX,1,0,0,0,13,1,0,DSL,1,1,0,1,0,1,Month-to-month,0,Bank transfer (automatic),67.8,842.25,0,64.79,4,0.28070834,Low
8910-LEDAG,0,1,1,0,71,1,1,No,0,0,0,0,0,0,Two year,0,Bank transfer (automatic),24.85,1901.0,0,26.77,0,0.031347945,Low
3452-GWUIN,1,0,0,0,29,1,0,No,0,0,0,0,0,0,Month-to-month,0,Credit card (automatic),19.35,601.6,0,20.74,0,0.17996182,Low
2716-GFZOR,0,1,1,0,7,1,0,Fiber optic,0,0,0,0,1,1,Month-to-month,1,Electronic check,89.0,605.45,0,86.49,2,0.8933864,High
3724-UCSHY,1,1,0,0,57,0,0,DSL,0,1,1,0,1,1,Month-to-month,1,Electronic check,55.0,3094.05,0,54.28,4,0.62817967,High
8626-XHBIE,0,0,1,0,65,1,1,DSL,1,0,1,1,0,1,Two year,0,Bank transfer (automatic),76.15,4929.55,0,75.84,4,0.059790343,Low
3192-LNKRK,0,0,0,0,27,1,0,No,0,0,0,0,0,0,One year,0,Mailed check,20.3,595.05,0,22.04,0,0.05288625,Low
4439-YRNVD,1,1,0,0,72,1,1,Fiber optic,1,1,1,1,1,1,Two year,1,Credit card (automatic),117.35,8436.25,0,117.17,6,0.09150708,Low
2208-UGTGR,0,0,0,0,1,1,0,No,0,0,0,0,0,0,Month-to-month,1,Mailed check,19.75,19.75,0,19.75,0,0.71129245,High
3005-TYFRD,0,0,0,0,11,1,0,DSL,0,0,0,0,0,0,Month-to-month,0,Credit card (automatic),45.2,492.0,0,44.73,0,0.38570976,Medium
8670-MEFCP,0,0,1,1,39,1,1,No,0,0,0,0,0,0,Two year,0,Mailed check,25.2,987.95,0,25.33,0,0.02124489,Low
3079-BCHLN,1,1,0,0,59,1,1,Fiber optic,1,1,1,0,0,0,Month-to-month,1,Electronic check,89.75,5496.9,0,93.17,3,0.48604,Medium
7777-UNYHB,0,0,0,0,26,1,0,DSL,1,0,0,1,1,1,One year,0,Bank transfer (automatic),75.0,1908.35,0,73.4,4,0.1343244,Low
7278-CKDNC,0,1,0,0,2,1,0,DSL,0,0,1,0,0,0,Month-to-month,0,Mailed check,49.95,107.1,0,53.55,1,0.7019467,High
8450-UYIBU,1,0,1,1,72,0,0,DSL,1,1,1,1,1,1,Two year,0,Bank transfer (automatic),65.7,4575.35,0,63.55,6,0.010688634,Low
2969-VAPYH,0,0,1,0,65,1,1,DSL,1,1,1,0,0,0,One year,0,Credit card (automatic),67.05,4309.55,0,66.3,3,0.11864154,Low
7181-OQCUT,0,0,1,1,72,1,1,Fiber optic,0,1,1,1,1,1,Two year,0,Credit card (automatic),110.9,7922.75,0,110.04,5,0.01769297,Low
8474-UMLNT,0,0,0,0,6,1,1,Fiber optic,0,0,0,1,0,1,Month-to-month,1,Bank transfer (automatic),87.95,522.35,0,87.06,2,0.80885696,High
3836-FZSDJ,0,1,0,0,32,1,0,No,0,0,0,0,0,0,One year,0,Credit card (automatic),19.8,587.7,0,18.37,0,0.052085858,Low
9142-XMYJH,1,0,1,0,50,1,1,DSL,0,0,1,0,1,1,One year,0,Bank transfer (automatic),75.7,3876.2,0,77.52,3,0.21496867,Low
0187-QSXOE,0,0,1,0,61,0,0,DSL,1,0,1,1,1,1,Two year,1,Mailed check,62.15,3778.85,0,61.95,5,0.057506524,Low
7733-UDMTP,0,0,1,0,72,1,1,Fiber optic,1,1,1,1,1,1,Two year,0,Bank transfer (automatic),115.15,8349.45,0,115.96,6,0.10744726,Low
2649-HWLYB,1,0,0,0,1,1,0,No,0,0,0,0,0,0,Month-to-month,0,Mailed check,19.5,19.5,0,19.5,0,0.59338945,Medium
5214-CHIWJ,1,0,0,0,12,1,1,Fiber optic,0,0,0,0,0,1,Month-to-month,1,Electronic check,86.55,1066.9,0,88.91,1,0.876602,High
6904-JLBGY,0,0,1,1,61,1,0,No,0,0,0,0,0,0,One year,0,Mailed check,20.4,1226.45,0,20.11,0,0.013311587,Low
2465-BLLEU,0,0,1,1,18,1,0,No,0,0,0,0,0,0,One year,0,Bank transfer (automatic),19.8,342.3,0,19.02,0,0.026094655,Low
1685-VAYJF,0,0,0,1,21,1,0,DSL,0,0,0,0,0,0,Month-to-month,0,Mailed check,45.65,985.05,0,46.91,0,0.13769752,Low
8874-EJNSR,0,0,1,1,68,0,0,DSL,1,1,1,1,0,1,Two year,1,Mailed check,56.4,3948.45,0,58.07,5,0.016095435,Low
6917-YACBP,0,1,0,0,12,1,1,Fiber optic,0,0,0,0,0,0,Month-to-month,1,Credit card (automatic),73.3,828.05,0,69.0,0,0.8063404,High
5049-MUBWG,1,0,1,0,62,1,1,Fiber optic,0,0,1,0,1,1,Month-to-month,1,Electronic check,101.35,6164.7,0,99.43,3,0.72730917,High
4223-WOZCM,0,0,0,1,1,0,0,DSL,0,1,0,1,0,0,Month-to-month,0,Mailed check,33.6,33.6,0,33.6,2,0.5715907,Medium
0769-MURVM,1,0,0,0,1,1,0,No,0,0,0,0,0,0,Month-to-month,0,Electronic check,20.7,20.7,0,20.7,0,0.6211464,High
9253-VIFJQ,0,0,0,1,62,1,1,Fiber optic,0,0,1,1,1,1,Two year,1,Electronic check,104.05,6590.5,0,106.3,4,0.14268401,Low
7030-FZTFM,1,0,1,1,36,1,0,No,0,0,0,0,0,0,Two year,0,Bank transfer (automatic),20.25,717.95,0,19.94,0,0.016075708,Low
9741-YLNTD,1,0,1,1,69,1,1,DSL,1,1,0,1,1,0,One year,0,Credit card (automatic),73.7,4885.85,0,70.81,4,0.023801196,Low
5917-RYRMG,1,0,1,0,63,1,1,Fiber optic,0,1,1,1,1,1,Month-to-month,1,Electronic check,108.75,6871.7,0,109.07,5,0.6436733,High
5120-ZBLAI,0,0,0,0,23,1,0,No,0,0,0,0,0,0,One year,0,Bank transfer (automatic),20.15,405.6,0,17.63,0,0.04291452,Low
1194-BHJYC,0,0,0,0,10,1,0,No,0,0,0,0,0,0,Month-to-month,0,Credit card (automatic),19.75,208.25,0,20.82,0,0.23182118,Low
0906-QVPMS,1,0,1,0,71,1,1,No,0,0,0,0,0,0,Two year,1,Credit card (automatic),25.95,1801.9,0,25.38,0,0.033545017,Low
1905-OEILC,1,1,0,0,45,1,1,DSL,1,0,0,1,0,1,Month-to-month,1,Electronic check,70.05,3062.45,0,68.05,3,0.47907123,Medium
7858-GTZSP,1,0,1,1,70,1,1,No,0,0,0,0,0,0,Two year,0,Mailed check,24.05,1764.75,0,25.21,0,0.010347247,Low
6248-BSHKG,1,0,0,1,22,1,1,Fiber optic,0,0,0,0,0,1,Month-to-month,1,Electronic check,84.75,1816.75,0,82.58,1,0.3475396,Medium
4685-TFLLS,1,0,1,1,52,1,1,No,0,0,0,0,0,0,Two year,0,Mailed check,23.05,1255.1,0,24.14,0,0.013548085,Low
3470-BTGQO,1,0,0,0,65,0,0,DSL,1,0,1,1,1,1,Two year,0,Credit card (automatic),59.95,3921.1,0,60.32,5,0.06731485,Low
1209-VFFOC,1,0,1,1,72,1,0,No,0,0,0,0,0,0,Two year,0,Bank transfer (automatic),19.55,1463.45,0,20.33,0,0.007379246,Low
8224-DWCKX,0,0,1,0,10,1,0,No,0,0,0,0,0,0,One year,0,Bank transfer (automatic),19.6,189.45,0,18.94,0,0.0960952,Low
4553-DVPZG,1,0,0,1,7,1,0,No,0,0,0,0,0,0,One year,0,Mailed check,20.05,96.8,0,13.83,0,0.040188894,Low
6917-IAYHD,0,1,0,0,5,1,0,Fiber optic,0,1,0,0,0,1,Month-to-month,1,Electronic check,85.55,408.5,0,81.7,2,0.866881,High
8620-RJPZN,1,0,1,1,24,1,1,DSL,1,0,1,0,1,1,Two year,0,Credit card (automatic),78.6,1846.65,0,76.94,4,0.028088279,Low
7572-KPVKK,1,0,1,1,72,1,1,Fiber optic,1,1,1,1,1,1,Two year,1,Credit card (automatic),116.8,8456.75,0,117.45,6,0.011908158,Low
2642-MAWLJ,0,0,0,0,21,0,0,DSL,1,0,0,1,1,0,Month-to-month,1,Mailed check,43.55,1011.5,0,48.17,3,0.38182583,Medium
7103-ZGVNT,0,0,1,0,69,0,0,DSL,0,1,1,1,1,1,One year,1,Credit card (automatic),60.8,4263.4,0,61.79,5,0.24094145,Low
2027-WKXMW,0,0,1,1,44,1,0,DSL,0,1,0,1,0,0,Month-to-month,1,Bank transfer (automatic),54.9,2549.1,0,57.93,2,0.09918708,Low
7137-NAXML,1,1,1,1,61,1,1,DSL,0,0,1,0,1,0,One year,1,Electronic check,65.2,3965.05,0,65.0,2,0.03722003,Low
2428-ZMCTB,0,0,1,0,72,1,1,Fiber optic,0,1,1,1,1,1,Two year,1,Electronic check,108.2,7840.6,0,108.9,5,0.24183968,Low
2961-VNFKL,0,0,0,0,72,1,1,DSL,1,1,1,1,1,1,Two year,0,Bank transfer (automatic),92.0,6632.75,0,92.12,6,0.036035668,Low
1768-HNVGJ,0,1,1,0,14,1,1,Fiber optic,0,0,0,0,0,0,Month-to-month,1,Electronic check,75.1,1013.35,0,72.38,0,0.87409776,High
6963-KQYQB,0,0,0,0,7,1,1,No,0,0,0,0,0,0,Month-to-month,1,Bank transfer (automatic),25.05,152.95,0,21.85,0,0.39507058,Medium
5934-RMPOV,1,0,0,0,48,1,0,Fiber optic,0,1,0,0,0,0,One year,0,Electronic check,75.15,3772.65,0,78.6,1,0.2699474,Low
1207-BLKSA,0,0,1,1,55,1,0,No,0,0,0,0,0,0,One year,0,Mailed check,19.5,1026.35,0,18.66,0,0.017919427,Low
8316-BBQAY,0,0,0,0,1,1,0,No,0,0,0,0,0,0,Month-to-month,0,Credit card (automatic),19.3,19.3,0,19.3,0,0.5649872,Medium
1166-PQLGG,0,0,0,0,45,1,0,Fiber optic,1,1,1,1,1,1,One year,0,Credit card (automatic),112.2,5031.85,0,111.82,6,0.42697704,Medium
3146-JTQHR,0,0,0,0,3,1,0,Fiber optic,0,0,0,0,0,0,Month-to-month,1,Mailed check,70.3,220.4,0,73.47,0,0.78332156,High
4291-YZODP,1,0,1,0,71,1,0,No,0,0,0,0,0,0,Two year,0,Mailed check,19.6,1416.5,0,19.95,0,0.024252344,Low
4395-PZMSN,0,0,1,0,8,1,0,No,0,0,0,0,0,0,Month-to-month,0,Mailed check,20.25,158.35,0,19.79,0,0.26221722,Low
6427-FEFIG,0,0,1,1,69,1,0,DSL,1,1,0,1,1,1,Two year,0,Bank transfer (automatic),80.65,5542.55,0,80.33,5,0.012895526,Low
0017-IUDMW,1,1,1,0,72,1,1,Fiber optic,1,1,1,1,1,1,Two year,1,Credit card (automatic),115.75,8443.7,0,117.27,6,0.0859597,Low
8706-HRADD,0,0,0,0,71,1,1,DSL,1,1,1,1,0,1,Two year,0,Bank transfer (automatic),80.6,5708.2,0,80.4,5,0.0326989,Low
9955-QOPOY,1,0,1,0,33,0,0,DSL,1,0,1,1,1,1,Two year,0,Bank transfer (automatic),59.55,2016.3,0,61.1,5,0.11494196,Low
4385-ZKVNW,1,0,0,0,16,1,0,No,0,0,0,0,0,0,One year,0,Mailed check,19.05,326.65,0,20.42,0,0.08557788,Low
5446-DKWYW,1,1,1,0,56,1,1,Fiber optic,1,1,1,1,0,0,One year,0,Electronic check,95.65,5471.75,0,97.71,4,0.31336924,Medium
9031-ZVQPT,1,0,0,0,1,1,0,No,0,0,0,0,0,0,Month-to-month,0,Credit card (automatic),19.95,19.95,0,19.95,0,0.5857227,Medium
2990-IAJSV,0,0,1,1,57,1,0,No,0,0,0,0,0,0,One year,0,Mailed check,19.4,1061.6,0,18.62,0,0.019616395,Low
8107-KNCIM,0,0,1,1,56,0,0,DSL,0,1,1,0,0,0,One year,1,Credit card (automatic),36.1,1971.5,0,35.21,2,0.052017033,Low
9027-YFHQJ,1,0,0,0,1,1,0,No,0,0,0,0,0,0,Month-to-month,0,Mailed check,19.75,19.75,0,19.75,0,0.63117135,High
5176-LDKUH,1,0,0,1,40,1,0,DSL,1,0,0,1,1,0,Month-to-month,1,Credit card (automatic),64.1,2460.35,0,61.51,3,0.14711691,Low
4644-OBGFZ,0,0,1,1,46,1,0,No,0,0,0,0,0,0,Two year,0,Credit card (automatic),19.75,856.5,0,18.62,0,0.011730325,Low
7926-IJOOU,0,0,1,1,63,1,0,No,0,0,0,0,0,0,Two year,0,Mailed check,19.7,1275.85,0,20.25,0,0.00872378,Low
6480-YAGIY,0,0,1,1,68,1,1,Fiber optic,1,1,1,0,1,1,Two year,1,Electronic check,110.2,7467.5,0,109.82,5,0.062379237,Low
4029-HPFVY,0,0,1,1,69,1,0,Fiber optic,1,1,0,1,1,1,Two year,1,Credit card (automatic),106.35,7261.75,0,105.24,5,0.03675733,Low
7602-DBTOU,1,0,1,0,56,1,1,Fiber optic,0,1,1,1,0,0,Month-to-month,0,Electronic check,90.55,5116.6,0,91.37,3,0.46821526,Medium
5345-BMKWB,1,0,1,1,10,1,0,DSL,0,1,1,0,0,1,One year,1,Mailed check,65.9,660.05,0,66.0,3,0.094298504,Low
5457-COLHT,0,0,0,0,63,1,1,Fiber optic,1,1,1,1,1,0,One year,0,Credit card (automatic),104.5,6590.8,0,104.62,5,0.33427873,Medium
5451-YHYPW,1,0,1,1,24,0,0,DSL,1,1,1,1,0,1,Two year,1,Mailed check,52.5,1208.15,0,50.34,5,0.036916874,Low
7998-WNZEM,1,0,0,0,19,1,1,DSL,0,0,1,0,0,0,Month-to-month,1,Mailed check,56.1,1033.9,0,54.42,1,0.43417174,Medium
4664-NJCMS,0,0,1,1,22,1,1,Fiber optic,0,0,1,0,1,0,Month-to-month,1,Electronic check,88.75,1885.15,0,85.69,2,0.25807342,Low
0307-BCOPK,1,0,1,0,70,1,1,No,0,0,0,0,0,0,Two year,1,Bank transfer (automatic),26.0,2006.95,0,28.67,0,0.052732665,Low
7629-WFGLW,1,0,1,0,49,1,0,Fiber optic,0,1,1,0,1,1,Month-to-month,0,Electronic check,99.4,5025.0,0,102.55,4,0.73529893,High
2542-HYGIQ,0,0,1,1,42,1,0,DSL,0,0,1,1,1,1,One year,0,Electronic check,73.15,3088.25,0,73.53,4,0.05431298,Low
5016-LIPDW,0,0,0,0,57,1,0,DSL,0,1,0,1,0,0,One year,1,Mailed check,54.65,3134.7,0,54.99,2,0.17374523,Low
6481-LXPWL,1,0,1,0,72,1,1,Fiber optic,1,1,1,1,1,1,Two year,1,Credit card (automatic),115.55,8312.4,0,115.45,6,0.0836975,Low
6124-ACRHJ,1,1,0,0,46,1,1,Fiber optic,0,1,1,0,1,1,Month-to-month,1,Electronic check,104.45,4863.85,0,105.74,4,0.8171022,High
9362-MWODR,1,0,1,0,72,1,1,DSL,1,1,1,1,1,1,Two year,1,Bank transfer (automatic),91.15,6637.9,0,92.19,6,0.029041355,Low
9975-GPKZU,0,0,1,1,35,1,0,Fiber optic,0,1,0,1,1,0,One year,1,Electronic check,89.7,3165.6,0,90.45,3,0.06724477,Low
9625-RZFUK,1,0,1,0,72,1,1,DSL,1,1,1,1,1,1,Two year,1,Electronic check,92.4,6786.1,0,94.25,6,0.046909157,Low
5153-LXKDT,1,0,1,1,28,1,0,No,0,0,0,0,0,0,One year,0,Mailed check,19.9,543.0,0,19.39,0,0.021515759,Low
5161-UBZXI,0,0,0,0,45,1,0,No,0,0,0,0,0,0,One year,0,Bank transfer (automatic),18.85,867.3,0,19.27,0,0.0828674,Low
1020-JPQOW,1,0,0,0,1,1,1,No,0,0,0,0,0,0,Month-to-month,1,Mailed check,25.75,25.75,0,25.75,0,0.68931144,High
7919-ZODZZ,1,0,0,0,6,1,0,No,0,0,0,0,0,0,Month-to-month,1,Mailed check,20.95,109.5,0,18.25,0,0.2483159,Low
0565-JUPYD,1,0,1,0,48,1,0,Fiber optic,0,1,1,0,1,1,One year,1,Electronic check,97.05,4692.95,0,97.77,4,0.5760055,Medium
6867-ACCZI,0,0,1,1,25,1,1,No,0,0,0,0,0,0,Month-to-month,1,Bank transfer (automatic),25.4,546.85,0,21.87,0,0.08724224,Low
5939-XAIXZ,0,0,1,1,64,1,0,No,0,0,0,0,0,0,Two year,1,Bank transfer (automatic),19.7,1274.05,0,19.91,0,0.011135792,Low
9054-FOWNV,0,0,0,0,50,0,0,DSL,1,1,0,0,0,0,Month-to-month,1,Mailed check,35.0,1782.4,0,35.65,2,0.32938537,Medium
8207-VVMYB,1,0,1,1,52,1,1,Fiber optic,0,0,1,0,1,1,One year,0,Bank transfer (automatic),101.25,5301.1,0,101.94,3,0.06574441,Low
9732-EQMWY,0,1,1,0,4,1,0,Fiber optic,0,0,0,0,0,0,Month-to-month,1,Electronic check,70.2,280.35,0,70.09,0,0.8856224,High
5269-NRGDP,1,1,0,0,32,1,0,Fiber optic,0,0,0,0,1,1,Month-to-month,0,Electronic check,90.95,2897.95,0,90.56,2,0.69387525,High
6195-MELTI,0,0,1,1,45,1,1,DSL,1,1,0,1,1,0,Two year,0,Credit card (automatic),73.85,3371.0,0,74.91,4,0.015574359,Low
2121-JAFOM,0,0,1,0,9,1,1,Fiber optic,1,0,0,0,0,1,Month-to-month,1,Electronic check,88.05,801.3,0,89.03,2,0.8569238,High
8818-DOPVL,1,0,0,0,54,1,0,No,0,0,0,0,0,0,Two year,0,Mailed check,20.1,1079.45,0,19.99,0,0.036070015,Low
1227-UDMZR,1,0,1,1,64,1,1,Fiber optic,1,1,0,1,1,1,Two year,0,Bank transfer (automatic),110.3,6997.3,0,109.33,5,0.039419483,Low
5198-HQAEN,1,0,0,0,12,1,0,Fiber optic,1,0,0,0,1,0,One year,1,Credit card (automatic),85.15,979.05,0,81.59,2,0.46004385,Medium
2167-FQSTQ,0,1,1,0,67,1,0,DSL,1,1,0,1,0,0,One year,1,Bank transfer (automatic),60.95,4119.4,0,61.48,3,0.12861024,Low
2819-GWENI,1,0,0,0,45,1,1,DSL,1,0,0,1,0,1,Two year,0,Mailed check,73.55,3349.1,0,74.42,3,0.0644142,Low
3572-UUHRS,0,0,0,0,10,1,0,DSL,0,0,0,0,0,0,Month-to-month,0,Mailed check,46.0,492.1,0,49.21,0,0.37349674,Medium
2692-PFYTJ,1,1,0,0,29,1,1,DSL,1,1,0,0,0,0,Month-to-month,1,Bank transfer (automatic),58.55,1718.95,0,59.27,2,0.34993154,Medium
5955-EPOAZ,1,0,0,0,24,1,1,No,0,0,0,0,0,0,One year,0,Bank transfer (automatic),24.6,605.25,0,25.22,0,0.08190173,Low
6821-JPCDC,0,0,1,1,66,1,0,No,0,0,0,0,0,0,Two year,1,Mailed check,19.75,1344.5,0,20.37,0,0.011523336,Low
8815-LMFLX,0,0,0,0,51,1,0,Fiber optic,1,0,0,0,1,0,One year,0,Mailed check,86.35,4267.15,0,83.67,2,0.16514471,Low
9135-HSWOC,1,0,1,0,45,1,1,No,0,0,0,0,0,0,Two year,0,Mailed check,25.5,1121.05,0,24.91,0,0.06775429,Low
8582-KRHPJ,1,0,1,0,49,1,0,No,0,0,0,0,0,0,One year,0,Credit card (automatic),19.0,918.7,0,18.75,0,0.070337825,Low
5811-IWXYM,1,0,1,0,29,1,0,No,0,0,0,0,0,0,Two year,1,Mailed check,19.55,521.8,0,17.99,0,0.051845267,Low
7044-YAACC,0,0,1,1,40,1,1,Fiber optic,1,1,0,1,1,1,Month-to-month,1,Credit card (automatic),110.1,4469.1,0,111.73,5,0.15688175,Low
8189-XRIKE,0,0,0,0,25,1,0,Fiber optic,0,0,0,0,0,0,Month-to-month,0,Electronic check,69.75,1729.35,0,69.17,0,0.5733768,Medium
1506-YJTYT,1,0,0,0,22,0,0,DSL,0,0,1,0,1,1,Month-to-month,1,Electronic check,50.6,1073.3,0,48.79,3,0.66829795,High
4123-DVHPH,0,0,0,0,72,0,0,DSL,1,1,1,1,1,1,Two year,1,Bank transfer (automatic),65.6,4566.5,0,63.42,6,0.029275214,Low
2228-BZDEE,0,0,1,1,33,1,0,DSL,0,1,1,1,1,1,Two year,0,Credit card (automatic),82.1,2603.1,0,78.88,5,0.021265626,Low
2789-CZANW,1,0,0,0,23,1,0,Fiber optic,0,1,0,1,0,0,Month-to-month,1,Mailed check,79.1,1783.75,0,77.55,2,0.49926004,Medium
7596-LDUXP,0,0,0,0,69,1,1,DSL,1,1,1,1,1,1,Two year,0,Mailed check,90.65,6322.1,0,91.62,6,0.04325417,Low
3740-RLMVT,1,0,0,1,3,1,0,No,0,0,0,0,0,0,One year,1,Credit card (automatic),20.55,57.4,0,19.13,0,0.106102385,Low
2192-OZITF,0,0,0,0,56,1,0,DSL,0,1,0,1,1,1,One year,1,Bank transfer (automatic),75.75,4284.65,0,76.51,4,0.18209885,Low
5651-CPDND,0,0,0,0,65,1,1,Fiber optic,1,0,1,1,1,1,One year,1,Credit card (automatic),110.0,7138.65,0,109.83,5,0.45303285,Medium
2186-QZEYA,0,0,1,0,71,1,0,No,0,0,0,0,0,0,One year,0,Electronic check,20.85,1539.75,0,21.69,0,0.080967434,Low
1131-ALZWV,1,1,0,0,14,1,1,Fiber optic,0,0,1,0,0,0,Month-to-month,1,Bank transfer (automatic),80.35,1058.1,0,75.58,1,0.81259334,High
7729-XBTWX,1,0,0,0,2,1,0,Fiber optic,0,0,0,0,0,0,Month-to-month,1,Electronic check,70.15,123.8,0,61.9,0,0.8910711,High
9134-WYRVP,0,0,0,0,40,1,0,DSL,1,0,1,0,0,1,Month-to-month,0,Electronic check,67.45,2731.0,0,68.28,3,0.36033216,Medium
3284-SVCRO,0,0,0,0,1,1,0,No,0,0,0,0,0,0,Month-to-month,0,Credit card (automatic),20.75,20.75,0,20.75,0,0.51156765,Medium
9732-OUYRN,1,0,0,0,7,1,0,Fiber optic,0,0,0,0,0,0,Month-to-month,1,Mailed check,69.9,497.3,0,71.04,0,0.7064969,High
0559-CKHUS,1,0,1,0,15,1,1,DSL,0,0,0,0,0,0,Month-to-month,1,Electronic check,51.1,711.15,0,47.41,0,0.69645613,High
2931-SVLTV,0,0,0,0,71,1,1,No,0,0,0,0,0,0,Two year,0,Bank transfer (automatic),25.55,1898.1,0,26.73,0,0.0276015,Low
7504-UWHNB,1,0,1,1,54,1,1,DSL,1,0,0,1,0,0,Two year,0,Bank transfer (automatic),60.0,3273.95,0,60.63,2,0.028335987,Low
2582-FFFZR,0,0,1,0,31,1,1,Fiber optic,1,1,0,1,0,0,Month-to-month,1,Credit card (automatic),90.55,2929.75,0,94.51,3,0.52241266,Medium
8908-NMQTX,1,0,0,0,11,1,0,Fiber optic,1,0,0,0,0,0,Month-to-month,0,Electronic check,76.4,838.7,0,76.25,1,0.68250483,High
1431-AIDJQ,1,1,0,0,18,1,0,Fiber optic,0,0,1,0,0,1,Month-to-month,1,Electronic check,84.95,1443.65,0,80.2,2,0.7629075,High
6288-LBEAR,1,1,0,0,72,1,1,Fiber optic,1,1,0,1,1,1,Two year,1,Bank transfer (automatic),110.1,7746.7,0,107.59,5,0.12580706,Low
8413-YNHNV,1,1,0,0,71,1,1,Fiber optic,0,1,0,0,1,1,Month-to-month,1,Credit card (automatic),99.65,6951.15,0,97.9,3,0.4960494,Medium
5808-TOTXO,0,1,0,0,5,0,0,DSL,0,0,1,1,1,0,Month-to-month,0,Credit card (automatic),45.4,214.75,0,42.95,3,0.6478955,High
4369-NYSCF,0,0,1,0,38,1,1,DSL,0,0,1,1,0,1,One year,0,Credit card (automatic),69.0,2669.45,0,70.25,3,0.19411539,Low
6333-YDVLT,0,0,0,1,5,1,0,DSL,0,0,0,1,0,0,Month-to-month,1,Bank transfer (automatic),48.65,235.2,0,47.04,1,0.46131966,Medium
5324-KTGCG,1,1,0,0,52,1,1,DSL,1,0,1,0,0,0,Two year,0,Bank transfer (automatic),59.85,3103.25,0,59.68,2,0.09048275,Low
5599-HVLTW,1,0,0,0,68,1,1,DSL,0,1,1,0,1,1,Two year,1,Electronic check,80.65,5330.2,0,78.39,4,0.11782087,Low
7394-LWLYN,0,0,1,1,69,1,0,No,0,0,0,0,0,0,One year,1,Credit card (automatic),20.55,1403.1,0,20.33,0,0.015910393,Low
6873-UDNLD,1,0,1,0,42,1,1,DSL,1,1,0,1,0,0,Month-to-month,1,Credit card (automatic),66.4,2727.8,0,64.95,3,0.31907392,Medium
2700-LUEVA,1,0,0,0,50,1,0,Fiber optic,0,1,0,1,1,1,Two year,1,Mailed check,100.2,5038.45,0,100.77,4,0.2441272,Low
0958-YHXGP,0,0,1,0,33,1,0,DSL,0,0,0,0,0,0,Month-to-month,1,Credit card (automatic),44.55,1462.6,0,44.32,0,0.35358635,Medium
1101-SSWAG,1,0,0,0,7,1,0,No,0,0,0,0,0,0,Month-to-month,0,Mailed check,20.35,150.6,0,21.51,0,0.2237902,Low
5743-KHMNA,0,0,1,1,64,1,1,Fiber optic,1,1,1,0,0,0,Month-to-month,1,Electronic check,91.8,5960.5,0,93.13,3,0.062745884,Low
4194-FJARJ,0,0,0,0,59,1,0,No,0,0,0,0,0,0,Two year,1,Bank transfer (automatic),20.2,1192.3,0,20.21,0,0.039225053,Low
5325-UWTWJ,1,0,1,0,6,1,1,DSL,0,0,0,0,0,0,Month-to-month,0,Electronic check,50.35,314.55,0,52.42,0,0.62612885,High
3969-GYXEL,1,0,0,0,3,1,0,No,0,0,0,0,0,0,Month-to-month,0,Mailed check,18.8,56.0,0,18.67,0,0.27065623,Low
9208-OLGAQ,1,0,1,0,15,1,0,No,0,0,0,0,0,0,Month-to-month,0,Credit card (automatic),20.45,330.8,0,22.05,0,0.20726994,Low
3244-CQPHU,0,0,1,1,13,1,0,DSL,0,0,0,0,1,1,One year,1,Electronic check,64.75,877.35,0,67.49,2,0.1431417,Low
2674-MLXMN,1,0,0,0,23,1,1,Fiber optic,0,1,0,0,1,1,Month-to-month,1,Credit card (automatic),98.7,2249.1,0,97.79,3,0.76539737,High
9708-HPXWZ,0,1,1,0,31,1,1,Fiber optic,1,0,0,0,1,0,Month-to-month,0,Electronic check,89.45,2807.65,0,90.57,2,0.7204688,High
6992-TKNYO,0,0,0,0,29,1,0,DSL,1,1,0,1,0,0,One year,1,Electronic check,58.75,1696.2,0,58.49,3,0.18982267,Low
4468-YDOVK,1,0,1,0,49,1,0,No,0,0,0,0,0,0,One year,0,Credit card (automatic),20.7,1032.05,0,21.06,0,0.082721576,Low
5792-JALQC,1,0,1,0,56,1,1,Fiber optic,0,0,0,0,1,0,Month-to-month,1,Bank transfer (automatic),85.6,4902.8,0,87.55,1,0.5775918,Medium
2200-DSAAL,1,0,0,0,63,1,1,DSL,1,1,1,1,0,1,Two year,1,Credit card (automatic),80.3,4995.35,0,79.29,5,0.035342168,Low
4302-ZYFEL,0,0,1,0,63,1,1,DSL,0,0,1,1,1,1,Two year,0,Credit card (automatic),79.8,5034.05,0,79.91,4,0.059712194,Low
9351-LZYGF,0,1,1,1,24,1,1,Fiber optic,1,0,0,0,0,0,Month-to-month,1,Electronic check,79.85,1857.75,0,77.41,1,0.21947049,Low
4366-CTOUZ,0,1,1,0,36,1,0,DSL,0,0,1,1,0,0,One year,0,Credit card (automatic),54.1,1992.85,0,55.36,2,0.14939882,Low
1518-OMDIK,1,0,1,0,21,1,0,DSL,1,0,1,1,1,1,One year,0,Mailed check,80.9,1714.95,0,81.66,5,0.18884918,Low
6671-NGWON,0,0,1,1,13,1,1,No,0,0,0,0,0,0,One year,0,Bank transfer (automatic),24.5,343.6,0,26.43,0,0.050163094,Low
0595-ITUDF,0,0,1,1,1,1,0,No,0,0,0,0,0,0,Month-to-month,1,Bank transfer (automatic),20.15,20.15,0,20.15,0,0.5110272,Medium
1955-IBMMB,1,0,1,1,25,1,0,No,0,0,0,0,0,0,One year,0,Mailed check,20.05,520.1,0,20.8,0,0.019465337,Low
0096-BXERS,0,0,1,1,71,1,0,No,0,0,0,0,0,0,Two year,1,Bank transfer (automatic),19.6,1387.45,0,19.54,0,0.008512232,Low
3806-YAZOV,0,0,0,0,66,1,1,Fiber optic,1,1,1,1,1,1,One year,1,Bank transfer (automatic),114.3,7383.7,0,111.87,6,0.4583018,Medium
7998-ZLXWN,1,0,0,0,45,1,0,Fiber optic,1,1,0,0,1,1,One year,1,Electronic check,100.3,4483.95,0,99.64,4,0.5202557,Medium
6253-WRFHY,1,0,1,0,22,1,0,Fiber optic,0,0,0,0,1,0,Month-to-month,1,Credit card (automatic),80.0,1706.45,0,77.57,1,0.6490234,High
9133-AYJZG,1,0,1,0,67,1,0,No,0,0,0,0,0,0,One year,1,Bank transfer (automatic),20.85,1327.4,0,19.81,0,0.09709909,Low
2675-OTVVJ,1,0,1,0,68,1,1,Fiber optic,0,0,1,0,1,0,Two year,1,Bank transfer (automatic),89.95,5974.3,0,87.86,2,0.14604728,Low
8680-CGLTP,1,1,0,0,4,1,1,DSL,0,0,0,0,0,0,Month-to-month,0,Mailed check,48.75,179.85,0,44.96,0,0.656529,High
8430-TWCBX,0,0,1,0,63,1,1,DSL,1,1,1,1,0,1,One year,0,Credit card (automatic),80.0,5040.2,0,80.0,5,0.12799661,Low
5018-GWURO,0,0,0,0,21,1,0,No,0,0,0,0,0,0,One year,1,Mailed check,20.35,422.7,0,20.13,0,0.08244927,Low
6741-QRLUP,0,0,0,1,1,1,0,No,0,0,0,0,0,0,Month-to-month,1,Mailed check,20.25,20.25,0,20.25,0,0.4987927,Medium
4737-HOBAX,1,0,0,0,17,1,0,No,0,0,0,0,0,0,Two year,0,Mailed check,19.4,358.05,0,21.06,0,0.057089943,Low
0537-QYZZN,0,0,0,0,30,1,1,Fiber optic,1,0,0,0,1,1,Month-to-month,1,Bank transfer (automatic),100.4,2936.25,0,97.88,3,0.7165302,High
3340-QBBFM,0,0,1,1,22,1,0,DSL,1,1,0,1,0,0,Month-to-month,1,Mailed check,57.95,1271.8,0,57.81,3,0.10138704,Low
8200-KLNYW,1,0,0,0,9,1,0,DSL,0,0,0,1,1,0,Month-to-month,1,Bank transfer (automatic),59.5,530.05,0,58.89,2,0.5017944,Medium
3372-CDXFJ,0,0,1,1,1,1,0,No,0,0,0,0,0,0,Month-to-month,0,Mailed check,19.2,19.2,0,19.2,0,0.43839988,Medium
4781-ZXYGU,0,0,0,0,19,1,1,DSL,0,0,1,1,0,0,Month-to-month,0,Electronic check,59.55,1144.6,0,60.24,2,0.4489878,Medium
7632-YUTXB,1,0,1,0,72,1,1,Fiber optic,1,1,1,1,1,0,Two year,1,Bank transfer (automatic),103.95,7556.9,0,104.96,5,0.08042039,Low
2718-YSKCS,0,0,1,1,70,1,1,DSL,1,0,1,0,1,0,Two year,0,Credit card (automatic),68.95,4858.7,0,69.41,3,0.015401539,Low
9896-UYMIE,1,0,0,0,66,1,1,Fiber optic,1,1,1,1,0,1,Month-to-month,1,Bank transfer (automatic),103.1,6595.0,0,99.92,5,0.4172015,Medium
0853-NWIFK,1,0,1,1,7,0,0,DSL,0,0,0,0,0,0,Month-to-month,1,Electronic check,24.7,149.05,0,21.29,0,0.4736414,Medium
8212-CRQXP,1,1,1,1,46,1,1,Fiber optic,1,1,0,1,1,1,Month-to-month,1,Electronic check,110.2,4972.1,0,108.09,5,0.1682051,Low
6980-CDGFC,1,0,1,1,32,1,1,DSL,0,1,1,0,0,0,Month-to-month,0,Bank transfer (automatic),62.45,2045.55,0,63.92,2,0.084679745,Low
7691-XVTZH,0,0,0,0,24,1,0,Fiber optic,0,1,1,0,0,1,Month-to-month,1,Electronic check,89.55,2187.15,0,91.13,3,0.7023905,High
2277-VWCNI,1,0,0,0,37,1,1,DSL,1,1,1,1,1,0,Month-to-month,1,Credit card (automatic),78.9,2976.95,0,80.46,5,0.34154853,Medium
1088-CNNKB,0,0,0,1,8,1,0,No,0,0,0,0,0,0,Month-to-month,0,Mailed check,20.35,178.7,0,22.34,0,0.11533576,Low
1930-BZLHI,1,0,1,1,72,1,1,DSL,1,0,1,0,1,0,Two year,1,Bank transfer (automatic),71.45,5025.85,0,69.8,3,0.008887763,Low
5868-YTYKS,0,1,1,0,71,0,0,DSL,1,1,1,1,0,0,Two year,0,Credit card (automatic),46.35,3353.4,0,47.23,4,0.046307806,Low
3525-DVKFN,1,0,1,0,16,1,0,Fiber optic,0,1,0,0,1,1,Month-to-month,1,Bank transfer (automatic),94.65,1461.15,0,91.32,3,0.8105906,High
1482-OXZSY,1,0,1,0,57,0,0,DSL,1,0,1,1,0,1,Month-to-month,1,Bank transfer (automatic),49.9,2782.4,0,48.81,4,0.40270415,Medium
0377-JBKKT,0,0,0,0,66,1,1,No,0,0,0,0,0,0,One year,0,Bank transfer (automatic),25.45,1699.15,0,25.74,0,0.06801628,Low
5778-BVOFB,1,0,0,1,21,1,0,No,0,0,0,0,0,0,Month-to-month,0,Mailed check,20.75,452.2,0,21.53,0,0.07196951,Low
3373-YZZYM,0,0,1,0,66,1,1,DSL,1,1,1,0,0,0,Two year,1,Credit card (automatic),66.1,4428.45,0,67.1,3,0.065269955,Low
0228-MAUWC,1,0,1,0,17,1,1,DSL,0,1,0,0,1,1,Month-to-month,1,Bank transfer (automatic),75.4,1322.55,0,77.8,3,0.5810482,Medium
7663-YJHSN,1,0,1,1,8,1,0,No,0,0,0,0,0,0,Month-to-month,0,Credit card (automatic),21.05,139.75,0,17.47,0,0.100090824,Low
4915-BFSXL,0,0,0,0,27,1,0,DSL,1,0,1,1,1,0,One year,0,Credit card (automatic),69.35,1927.3,0,71.38,4,0.09034046,Low
3086-RUCRN,0,0,1,0,34,1,1,Fiber optic,0,1,0,0,0,1,Month-to-month,0,Mailed check,88.85,3000.25,0,88.24,2,0.6176801,High
5215-LNLDJ,0,0,0,0,30,1,0,Fiber optic,0,1,0,0,1,1,One year,1,Bank transfer (automatic),97.0,3021.3,0,100.71,3,0.51043403,Medium
7576-JMYWV,0,0,0,0,33,1,0,DSL,0,1,1,0,1,0,Month-to-month,1,Credit card (automatic),66.4,2245.4,0,68.04,3,0.34187502,Medium
0257-KXZGU,0,0,1,1,14,1,1,DSL,1,1,0,0,0,1,Month-to-month,0,Mailed check,69.2,944.65,0,67.47,3,0.16550428,Low
1307-ATKGB,1,0,0,1,16,1,1,Fiber optic,0,0,0,1,0,0,One year,1,Credit card (automatic),79.5,1264.2,0,79.01,1,0.1729824,Low
3714-XPXBW,1,0,0,0,49,1,0,Fiber optic,0,0,1,1,1,1,Two year,0,Credit card (automatic),100.65,4917.75,0,100.36,4,0.24262823,Low
1850-AKQEP,1,0,1,1,70,1,1,DSL,1,1,1,1,1,0,Two year,0,Bank transfer (automatic),79.7,5743.3,0,82.05,5,0.012651386,Low
2824-DXNKN,1,0,1,1,32,1,0,DSL,1,1,0,1,0,0,Month-to-month,0,Bank transfer (automatic),61.4,1864.65,0,58.27,3,0.07421813,Low
5227-JSCFE,1,0,0,0,18,1,0,Fiber optic,0,0,0,0,0,0,Month-to-month,1,Electronic check,69.8,1221.65,0,67.87,0,0.6929858,High
0848-ZGQIJ,0,0,0,0,37,0,0,DSL,1,1,0,1,0,0,Two year,1,Mailed check,40.55,1390.85,0,37.59,3,0.07051011,Low
3621-CHYVB,1,0,0,0,4,1,1,Fiber optic,0,0,0,0,0,0,Month-to-month,1,Electronic check,75.65,302.35,0,75.59,0,0.87754095,High
8042-RNLKO,1,0,1,0,16,1,1,Fiber optic,1,1,1,0,0,0,Month-to-month,0,Electronic check,90.7,1374.9,0,85.93,3,0.7006655,High
5372-FBKBN,0,0,1,0,17,1,1,Fiber optic,0,1,0,0,0,0,Month-to-month,1,Bank transfer (automatic),80.5,1336.9,0,78.64,1,0.74030644,High
0420-TXVSG,1,0,0,1,19,1,0,DSL,1,1,1,0,0,0,Month-to-month,1,Electronic check,60.6,1297.8,0,68.31,3,0.21120091,Low
6217-TOWGS,0,0,1,0,60,1,1,Fiber optic,0,0,1,0,1,1,Two year,0,Credit card (automatic),101.15,6067.4,0,101.12,3,0.2574537,Low
1045-LTCYT,0,0,1,1,51,1,1,No,0,0,0,0,0,0,Two year,1,Mailed check,24.95,1222.25,0,23.97,0,0.01640811,Low
1544-JJMYL,0,0,1,1,28,1,0,No,0,0,0,0,0,0,Two year,1,Credit card (automatic),20.3,487.95,0,17.43,0,0.011810355,Low
4636-JGAAI,0,0,0,0,43,1,0,DSL,0,1,0,0,0,1,Two year,1,Electronic check,60.0,2548.55,0,59.27,2,0.17105792,Low
6874-SGLHU,0,0,1,0,42,1,0,No,0,0,0,0,0,0,Two year,0,Electronic check,20.25,835.5,0,19.89,0,0.07814112,Low
5951-AOFIH,1,0,0,0,1,1,0,DSL,0,0,0,0,0,0,Month-to-month,0,Mailed check,44.75,44.75,0,44.75,0,0.7328168,High
3059-NGMXB,1,0,0,0,63,1,1,Fiber optic,1,1,1,0,1,0,Two year,0,Credit card (automatic),98.0,6218.45,0,98.71,4,0.12581572,Low
8652-YHIYU,0,0,1,0,68,1,1,Fiber optic,1,1,0,1,1,1,Month-to-month,1,Electronic check,107.7,7320.9,0,107.66,5,0.70491666,High
5278-PNYOX,1,0,0,0,60,1,1,Fiber optic,0,1,1,0,1,1,Two year,0,Electronic check,104.7,6333.8,0,105.56,4,0.39838076,Medium
3486-HOOGQ,0,1,0,0,45,1,1,Fiber optic,0,0,0,0,1,1,Month-to-month,1,Bank transfer (automatic),93.9,4200.25,0,93.34,2,0.7004938,High
5061-PBXFW,1,0,1,0,70,1,0,DSL,1,1,1,1,1,1,Two year,0,Credit card (automatic),86.45,5950.2,0,85.0,6,0.04948631,Low
8630-FJLIB,0,0,0,0,4,1,0,No,0,0,0,0,0,0,Month-to-month,0,Mailed check,19.4,93.4,0,23.35,0,0.3188226,Medium
3891-NLXJB,1,0,1,0,68,1,1,No,0,0,0,0,0,0,Two year,1,Credit card (automatic),24.95,1614.9,0,23.75,0,0.048034504,Low
4749-OJKQU,0,0,1,1,22,1,0,Fiber optic,1,0,0,0,0,0,Month-to-month,0,Bank transfer (automatic),75.0,1573.95,0,71.54,1,0.1426396,Low
0577-WHMEV,0,0,1,0,18,1,0,Fiber optic,0,0,1,1,0,0,Month-to-month,0,Electronic check,78.2,1468.75,0,81.6,2,0.6612571,High
5453-AXEPF,0,0,0,0,29,1,0,Fiber optic,0,0,0,1,1,1,Month-to-month,1,Electronic check,94.2,2607.6,0,89.92,3,0.7173523,High
3639-XJHKQ,0,0,0,0,31,0,0,DSL,0,0,1,0,1,1,One year,1,Electronic check,50.05,1523.4,0,49.14,3,0.39981857,Medium
3716-LRGXK,1,0,1,0,48,1,1,DSL,0,0,1,1,0,1,One year,1,Mailed check,69.55,3435.6,0,71.58,3,0.21135011,Low
2263-SFSQZ,0,0,0,0,50,1,0,Fiber optic,1,1,1,1,0,0,One year,1,Credit card (automatic),90.1,4549.45,0,90.99,4,0.18834941,Low
9950-MTGYX,0,0,0,0,7,1,0,DSL,0,0,0,0,0,0,Month-to-month,1,Bank transfer (automatic),44.65,322.5,0,46.07,0,0.52115005,Medium
3397-AVTKU,0,0,1,1,68,1,0,Fiber optic,1,0,1,0,0,0,Two year,0,Credit card (automatic),80.35,5375.15,0,79.05,2,0.014287654,Low
4825-FUREZ,1,1,1,0,26,1,1,Fiber optic,0,0,1,0,1,1,Month-to-month,1,Bank transfer (automatic),98.1,2510.7,0,96.57,3,0.81114304,High
2672-OJQZP,0,0,0,0,57,0,0,DSL,0,0,1,1,1,1,Two year,0,Credit card (automatic),53.35,3090.05,0,54.21,4,0.10320879,Low
3134-DSHVC,1,0,0,0,3,1,0,No,0,0,0,0,0,0,Month-to-month,0,Electronic check,19.55,61.05,0,20.35,0,0.4366631,Medium
7821-DPRQE,0,0,1,1,19,1,0,DSL,1,0,0,0,0,0,One year,1,Bank transfer (automatic),48.95,955.6,0,50.29,1,0.06313054,Low
2001-EWBQU,1,0,0,0,3,1,0,DSL,0,0,0,0,1,0,Month-to-month,1,Electronic check,54.2,140.4,0,46.8,1,0.83151156,High
1608-GMEWB,1,0,0,0,59,1,1,No,0,0,0,0,0,0,Two year,0,Electronic check,24.45,1493.1,0,25.31,0,0.05711841,Low
6695-AMZUF,0,0,1,0,42,0,0,DSL,1,0,0,0,1,0,Month-to-month,1,Bank transfer (automatic),40.15,1626.05,0,38.72,2,0.5282827,Medium
8410-BGQXN,0,0,1,0,67,1,1,No,0,0,0,0,0,0,Two year,0,Credit card (automatic),25.6,1784.9,0,26.64,0,0.047535263,Low
1619-YWUBB,0,0,0,0,1,1,0,Fiber optic,0,0,0,0,0,0,Month-to-month,1,Electronic check,70.35,70.35,0,70.35,0,0.9245189,High
7611-YKYTC,0,0,1,0,66,1,1,DSL,1,1,1,1,1,1,Two year,0,Bank transfer (automatic),91.7,6075.9,0,92.06,6,0.05896634,Low
0365-GXEZS,1,0,0,0,61,1,1,Fiber optic,0,0,1,0,0,1,Month-to-month,0,Mailed check,89.2,5500.6,0,90.17,2,0.35684657,Medium
0082-OQIQY,0,0,1,1,4,1,1,No,0,0,0,0,0,0,One year,0,Credit card (automatic),24.1,73.1,0,18.27,0,0.07228912,Low
3606-SBKRY,1,0,1,1,64,1,1,DSL,0,1,0,0,0,0,One year,1,Bank transfer (automatic),53.85,3399.85,0,53.12,1,0.021975016,Low
0667-NSRGI,1,1,1,0,54,1,1,Fiber optic,1,1,1,1,1,1,One year,1,Bank transfer (automatic),115.6,6431.05,0,119.09,6,0.54386276,Medium
6893-ODYYE,0,0,0,0,1,1,0,No,0,0,0,0,0,0,Month-to-month,1,Credit card (automatic),19.75,19.75,0,19.75,0,0.67575294,High
8242-JSVBO,0,0,1,1,54,1,1,No,0,0,0,0,0,0,Two year,1,Bank transfer (automatic),24.05,1230.9,0,22.79,0,0.016569082,Low
9541-ZPSEA,1,0,0,1,18,1,1,No,0,0,0,0,0,0,Two year,0,Credit card (automatic),25.3,454.65,0,25.26,0,0.03330241,Low
2665-NPTGL,0,0,0,0,3,1,0,Fiber optic,0,1,0,0,0,1,Month-to-month,0,Electronic check,84.3,235.05,0,78.35,2,0.772634,High
1139-WUOAH,1,0,1,1,72,1,1,DSL,1,1,1,1,1,1,Two year,0,Credit card (automatic),89.75,6595.9,0,91.61,6,0.0072644795,Low
4693-VWVBO,0,1,1,0,60,1,0,Fiber optic,0,1,1,0,1,1,One year,1,Electronic check,97.95,5867.0,0,97.78,4,0.5156538,Medium
6937-GCDGQ,1,0,1,1,11,1,0,No,0,0,0,0,0,0,One year,1,Mailed check,20.0,196.35,0,17.85,0,0.043721076,Low
0988-JRWWP,0,0,1,1,61,1,0,Fiber optic,0,1,1,1,1,1,One year,0,Credit card (automatic),103.9,6449.15,0,105.72,5,0.06688531,Low
5075-JSDKI,1,0,0,0,39,1,0,No,0,0,0,0,0,0,Two year,0,Credit card (automatic),20.7,762.45,0,19.55,0,0.040801812,Low
8644-XYTSV,0,0,0,0,37,1,0,No,0,0,0,0,0,0,One year,0,Credit card (automatic),20.15,785.75,0,21.24,0,0.059142355,Low
3873-WOSBC,1,0,1,0,72,1,1,No,0,0,0,0,0,0,Two year,1,Mailed check,26.0,1776.0,0,24.67,0,0.026603546,Low
7465-ZZRVX,0,1,1,0,72,1,1,DSL,0,1,1,1,1,0,Two year,0,Credit card (automatic),77.35,5396.25,0,74.95,4,0.03797649,Low
7975-JMZNT,1,0,0,0,8,1,0,DSL,1,0,0,1,0,1,Month-to-month,0,Bank transfer (automatic),66.05,574.5,0,71.81,3,0.31391555,Medium
7251-XFOIL,1,0,1,1,22,1,0,No,0,0,0,0,0,0,Month-to-month,0,Mailed check,19.9,400.3,0,18.2,0,0.05449867,Low
4116-IQRFR,1,0,0,0,38,1,1,DSL,0,1,0,1,0,1,Month-to-month,0,Credit card (automatic),68.15,2656.3,0,69.9,3,0.3303405,Medium
8259-DZLIZ,0,0,0,1,17,1,0,DSL,0,1,1,1,1,1,One year,0,Electronic check,80.85,1445.95,0,85.06,5,0.124900185,Low
0442-ZXKVS,1,1,0,0,70,1,1,DSL,0,1,1,1,1,0,Two year,1,Bank transfer (automatic),75.5,5212.65,0,74.47,4,0.067328736,Low
7853-WNZSY,1,0,0,0,28,1,0,Fiber optic,0,0,0,0,0,1,Month-to-month,1,Electronic check,80.6,2244.95,0,80.18,1,0.7148717,High
3120-FAZKD,1,0,0,0,15,1,0,Fiber optic,0,1,0,0,1,0,Month-to-month,1,Bank transfer (automatic),83.2,1130.0,0,75.33,2,0.7605577,High
8606-OEGQZ,0,0,1,1,72,1,1,DSL,1,1,1,1,1,1,Two year,1,Bank transfer (automatic),87.55,6463.15,0,89.77,6,0.007130517,Low
0225-ZORZP,1,0,1,0,57,1,1,Fiber optic,0,1,1,1,1,1,One year,1,Bank transfer (automatic),109.4,6252.7,0,109.7,5,0.5769127,Medium
9489-JMTTN,1,0,1,0,46,0,0,DSL,1,1,0,0,1,0,Month-to-month,0,Electronic check,45.55,2062.15,0,44.83,3,0.51911926,Medium
0575-CUQOV,0,0,1,0,30,1,0,No,0,0,0,0,0,0,One year,0,Credit card (automatic),20.7,587.1,0,19.57,0,0.06696619,Low
0967-BMLBD,0,1,1,0,10,1,0,Fiber optic,1,0,0,0,0,0,Month-to-month,0,Electronic check,75.3,720.45,0,72.04,1,0.75746375,High
2830-LEWOA,0,0,0,0,32,1,0,Fiber optic,1,1,1,0,0,1,Month-to-month,1,Credit card (automatic),93.4,2979.3,0,93.1,4,0.5343762,Medium
5006-MXVRN,0,0,0,0,13,1,0,Fiber optic,1,0,0,0,0,0,Month-to-month,1,Credit card (automatic),73.75,956.65,0,73.59,1,0.67976695,High
8327-WKMIE,1,0,0,0,44,1,0,Fiber optic,0,1,1,0,1,0,Month-to-month,1,Credit card (automatic),88.15,3973.2,0,90.3,3,0.53056544,Medium
6917-FIJHC,0,1,0,0,9,1,0,DSL,0,0,0,1,0,0,Month-to-month,0,Mailed check,49.2,447.9,0,49.77,1,0.3745252,Medium
5329-KRDTM,1,0,1,0,67,1,0,No,0,0,0,0,0,0,Two year,0,Mailed check,19.65,1335.2,0,19.93,0,0.03766481,Low
7797-EJMDP,1,0,1,0,71,1,1,Fiber optic,0,1,1,0,1,1,Two year,1,Bank transfer (automatic),105.15,7555.0,0,106.41,4,0.34991515,Medium
3530-VWVGU,0,0,0,0,1,1,0,DSL,0,0,0,1,0,0,Month-to-month,0,Credit card (automatic),49.0,49.0,0,49.0,1,0.6945459,High
6368-NWMCE,0,0,1,0,17,0,0,DSL,0,1,0,0,1,1,Month-to-month,1,Mailed check,49.8,836.35,0,49.2,3,0.6172411,High
3633-CDBUW,0,0,0,0,1,1,0,No,0,0,0,0,0,0,Month-to-month,0,Bank transfer (automatic),20.95,20.95,0,20.95,0,0.559059,Medium
0707-HOVVN,1,1,1,0,32,1,1,Fiber optic,0,0,1,0,0,0,Month-to-month,0,Mailed check,79.3,2570.0,0,80.31,1,0.61806065,High
3956-MGXOG,0,0,1,1,41,1,0,No,0,0,0,0,0,0,One year,0,Bank transfer (automatic),19.5,798.2,0,19.47,0,0.025163028,Low
9274-UARKJ,1,0,0,0,1,1,0,DSL,0,0,0,0,0,0,Month-to-month,0,Bank transfer (automatic),44.15,44.15,0,44.15,0,0.7396091,High
4077-HWUYD,0,0,1,1,62,1,1,Fiber optic,1,1,0,0,1,1,Month-to-month,1,Electronic check,105.5,6487.2,0,104.63,4,0.13752913,Low
0103-CSITQ,1,0,0,1,17,1,1,Fiber optic,0,1,1,1,0,0,Month-to-month,1,Credit card (automatic),92.7,1556.85,0,91.58,3,0.29464108,Low
8671-KKKOS,1,0,1,1,72,1,1,No,0,0,0,0,0,0,Two year,1,Bank transfer (automatic),26.25,1988.05,0,27.61,0,0.008364725,Low
7305-ZWMAJ,0,0,1,1,56,1,1,Fiber optic,0,1,0,1,1,0,Month-to-month,1,Credit card (automatic),96.95,5432.2,0,97.0,3,0.08552093,Low
9518-XXBXE,1,0,0,0,9,1,0,No,0,0,0,0,0,0,Month-to-month,1,Credit card (automatic),20.45,147.55,0,16.39,0,0.20937003,Low
6578-KRMAW,0,0,1,0,72,1,1,Fiber optic,1,1,1,1,1,1,Two year,1,Bank transfer (automatic),115.8,8424.9,0,117.01,6,0.10800847,Low
4860-IJUDE,0,0,0,0,20,1,0,Fiber optic,1,1,1,1,1,1,Month-to-month,1,Bank transfer (automatic),108.2,2203.7,0,110.18,6,0.650236,High
9688-YGXVR,0,0,1,1,19,1,0,No,0,0,0,0,0,0,Two year,0,Mailed check,20.2,387.4,0,20.39,0,0.018982787,Low
0423-UDIJQ,0,0,0,0,53,0,0,DSL,0,0,1,1,1,1,One year,0,Credit card (automatic),54.9,3045.75,0,57.47,4,0.21584912,Low
1945-XISKS,0,0,0,0,6,1,0,No,0,0,0,0,0,0,Month-to-month,0,Bank transfer (automatic),20.15,130.5,0,21.75,0,0.23434545,Low
5360-LJCNJ,0,0,1,1,9,1,1,Fiber optic,0,0,1,0,1,0,One year,1,Electronic check,90.35,767.9,0,85.32,2,0.28065833,Low
2607-FBDFF,1,0,1,1,8,1,1,DSL,0,1,0,0,0,0,Month-to-month,0,Electronic check,55.75,446.8,0,55.85,1,0.33498988,Medium
1100-DDVRV,1,0,1,1,71,1,1,Fiber optic,1,1,1,1,1,1,Two year,0,Bank transfer (automatic),114.6,8100.25,0,114.09,6,0.018872976,Low
6728-WYQBC,1,0,1,0,71,0,0,DSL,1,1,1,1,1,1,One year,0,Bank transfer (automatic),66.8,4689.15,0,66.04,6,0.118483126,Low
9029-FEGVJ,0,0,1,0,68,1,0,Fiber optic,0,1,0,1,1,1,One year,1,Electronic check,100.3,6754.35,0,99.33,4,0.52269125,Medium
7216-KAOID,0,0,0,0,34,1,1,Fiber optic,0,1,0,1,1,1,Month-to-month,1,Electronic check,105.35,3540.65,0,104.14,4,0.74232805,High
6145-NNPNO,0,0,0,0,26,1,0,Fiber optic,0,1,1,1,0,0,One year,1,Electronic check,85.2,2184.6,0,84.02,3,0.36765534,Medium
5339-TJFEK,0,0,0,0,7,1,0,No,0,0,0,0,0,0,Month-to-month,1,Mailed check,18.95,130.55,0,18.65,0,0.27298313,Low
2074-GUHPQ,1,0,1,0,20,1,0,Fiber optic,0,0,0,0,0,0,Month-to-month,1,Bank transfer (automatic),69.8,1540.35,0,77.02,0,0.5857569,Medium
4625-XMOYM,1,0,1,0,60,1,1,Fiber optic,0,1,1,0,1,1,Month-to-month,1,Electronic check,106.15,6411.25,0,106.85,4,0.77470744,High
5827-MWCZK,0,0,1,1,72,1,0,No,0,0,0,0,0,0,Two year,0,Electronic check,20.55,1432.55,0,19.9,0,0.009238223,Low
1385-TQOZW,1,1,1,0,72,1,1,Fiber optic,0,1,1,0,1,1,One year,1,Credit card (automatic),105.75,7629.85,0,105.97,4,0.37470663,Medium
5914-XRFQB,0,0,0,0,4,1,1,No,0,0,0,0,0,0,Month-to-month,0,Mailed check,25.25,101.9,0,25.48,0,0.3842363,Medium
4329-YPDDQ,0,0,1,1,16,1,0,No,0,0,0,0,0,0,Month-to-month,0,Electronic check,19.75,313.4,0,19.59,0,0.16290542,Low
4804-NCPET,1,1,1,0,62,1,1,Fiber optic,1,0,1,0,1,1,One year,1,Electronic check,104.85,6312.9,0,101.82,4,0.5993935,Medium
5944-UGLLK,1,0,0,0,10,1,0,DSL,0,0,0,1,0,1,Month-to-month,1,Mailed check,60.95,629.55,0,62.96,2,0.43745676,Medium
7787-BNTZM,0,0,0,0,31,1,1,Fiber optic,0,1,0,0,0,0,Month-to-month,1,Electronic check,81.15,2640.55,0,85.18,1,0.72961295,High
2252-ISRNH,1,0,1,0,71,1,0,No,0,0,0,0,0,0,Two year,0,Credit card (automatic),19.1,1372.45,0,19.33,0,0.027287006,Low
9415-TPKRV,0,0,0,0,58,1,0,No,0,0,0,0,0,0,Two year,0,Mailed check,20.8,1212.25,0,20.9,0,0.030100629,Low
5322-TEUJK,0,0,1,1,70,1,1,DSL,1,1,1,1,1,1,Two year,1,Credit card (automatic),90.15,6237.05,0,89.1,6,0.012027155,Low
1866-DIOQZ,1,0,1,0,71,1,1,DSL,1,1,1,1,1,1,Two year,0,Electronic check,90.1,6310.9,0,88.89,6,0.052129,Low
8375-KVTHK,0,1,0,0,69,1,1,DSL,1,0,1,1,0,1,Two year,0,Credit card (automatic),74.1,5031.0,0,72.91,4,0.060693353,Low
2697-NQBPF,1,0,1,1,72,1,1,Fiber optic,1,1,1,1,1,1,Two year,1,Bank transfer (automatic),118.75,8672.45,0,120.45,6,0.012477227,Low
3709-OIJEA,1,0,1,0,26,1,0,Fiber optic,0,0,0,1,0,1,Month-to-month,0,Credit card (automatic),85.9,2196.45,0,84.48,2,0.55350363,Medium
1386-ZIKUV,1,0,1,0,33,1,1,Fiber optic,0,0,1,1,0,1,Month-to-month,1,Credit card (automatic),95.0,3008.15,0,91.16,3,0.6477353,High
0599-XNYDO,1,0,1,1,10,1,0,No,0,0,0,0,0,0,Two year,0,Mailed check,20.15,220.8,0,22.08,0,0.029807013,Low
6377-WHAOX,1,1,0,0,57,1,1,Fiber optic,1,0,1,1,0,1,Two year,0,Credit card (automatic),101.3,5779.6,0,101.4,4,0.18042114,Low
6855-VLGOS,1,0,0,0,10,1,0,No,0,0,0,0,0,0,Month-to-month,1,Electronic check,21.2,222.65,0,22.26,0,0.41554138,Medium
8999-XXGNS,1,0,1,1,39,1,1,No,0,0,0,0,0,0,One year,1,Mailed check,24.2,914.6,0,23.45,0,0.034139358,Low
8746-OQQRW,1,0,0,0,11,1,0,No,0,0,0,0,0,0,Month-to-month,0,Bank transfer (automatic),20.3,246.3,0,22.39,0,0.19311278,Low
3181-MIZBN,1,0,1,1,68,1,1,DSL,0,1,1,1,1,1,Two year,0,Bank transfer (automatic),85.3,5560.0,0,81.76,5,0.014618857,Low
0471-ARVMX,0,0,0,0,18,1,1,Fiber optic,0,0,1,0,1,0,One year,1,Credit card (automatic),89.6,1633.0,0,90.72,2,0.42282423,Medium
7766-CLTIC,0,0,0,0,18,1,1,DSL,1,0,0,0,0,0,Month-to-month,0,Mailed check,56.25,969.85,0,53.88,1,0.2922733,Low
5650-YLIBA,1,0,1,1,52,1,0,DSL,0,0,1,0,0,0,One year,1,Bank transfer (automatic),50.95,2610.65,0,50.2,1,0.04331968,Low
0825-CPPQH,0,0,1,1,56,1,1,Fiber optic,1,1,1,1,1,1,Two year,0,Mailed check,115.85,6567.9,0,117.28,6,0.05480026,Low
9084-OAYKL,0,0,0,0,45,1,1,Fiber optic,0,0,1,1,1,1,Month-to-month,1,Bank transfer (automatic),103.65,4747.85,0,105.51,4,0.73332345,High
6122-LJADA,1,0,0,0,67,1,1,No,0,0,0,0,0,0,Two year,1,Mailed check,26.1,1759.55,0,26.26,0,0.041813448,Low
2400-XIWIO,0,0,1,0,3,0,0,DSL,1,0,0,1,0,0,Month-to-month,0,Mailed check,35.1,101.1,0,33.7,2,0.6572229,High
7524-VRLPL,0,1,0,0,65,1,0,Fiber optic,0,1,1,0,1,1,Month-to-month,1,Bank transfer (automatic),99.1,6496.15,0,99.94,4,0.61971897,High
7569-NMZYQ,0,0,1,0,63,1,1,DSL,0,1,0,1,0,1,Two year,0,Mailed check,67.25,4234.15,0,67.21,3,0.04905931,Low
5201-USSQZ,1,0,1,1,11,1,1,No,0,0,0,0,0,0,Two year,0,Mailed check,25.0,300.7,0,27.34,0,0.041035574,Low
2105-PHWON,0,0,0,1,1,1,0,DSL,0,0,0,1,0,1,Month-to-month,1,Mailed check,59.55,59.55,0,59.55,2,0.636453,High
1494-EJZDW,0,0,0,0,55,1,1,DSL,0,0,1,0,1,1,Two year,1,Bank transfer (automatic),77.8,4323.35,0,78.61,3,0.11396157,Low
4884-TVUQF,0,0,1,1,25,1,1,DSL,0,0,0,1,0,0,One year,1,Mailed check,55.1,1466.1,0,58.64,1,0.048609346,Low
8003-EWNDZ,1,0,1,0,72,1,1,No,0,0,0,0,0,0,Two year,1,Credit card (automatic),24.15,1776.45,0,24.67,0,0.026521863,Low
1897-RCFUM,1,0,0,1,65,0,0,DSL,0,1,0,1,1,0,Two year,0,Mailed check,45.25,2933.95,0,45.14,3,0.025157414,Low
9256-JTBNZ,0,0,1,1,7,1,0,No,0,0,0,0,0,0,Month-to-month,0,Mailed check,20.25,144.35,0,20.62,0,0.12486709,Low
2211-RMNHO,1,0,1,0,72,1,1,DSL,1,1,0,1,0,0,Two year,0,Bank transfer (automatic),64.75,4804.75,0,66.73,3,0.027621593,Low
2432-TFSMK,0,0,1,0,21,1,0,DSL,0,0,0,0,1,0,Month-to-month,0,Bank transfer (automatic),54.6,1125.2,0,53.58,1,0.420502,Medium
4929-ROART,1,0,0,0,2,1,0,No,0,0,0,0,0,0,Month-to-month,1,Bank transfer (automatic),20.7,39.85,0,19.92,0,0.44827417,Medium
1834-ABKHQ,0,1,0,0,4,1,0,Fiber optic,0,0,1,0,1,1,Month-to-month,1,Electronic check,94.75,422.4,0,105.6,3,0.9220731,High
1741-WTPON,0,0,1,0,72,1,1,Fiber optic,1,1,1,1,1,1,Two year,0,Credit card (automatic),115.8,8332.15,0,115.72,6,0.10210318,Low
3932-IJWDZ,1,0,0,0,6,1,0,DSL,1,0,0,0,0,0,Month-to-month,1,Electronic check,49.45,314.6,0,52.43,1,0.5726417,Medium
1240-HCBOH,0,0,0,0,52,1,0,Fiber optic,0,0,1,0,0,1,Month-to-month,1,Credit card (automatic),83.8,4331.4,0,83.3,2,0.55529165,Medium
3594-KADLU,0,1,1,0,69,1,1,Fiber optic,0,1,1,0,0,1,Month-to-month,1,Bank transfer (automatic),95.35,6382.0,0,92.49,3,0.5597231,Medium
8065-BVEPF,1,1,0,0,8,1,0,Fiber optic,0,0,1,0,0,0,Month-to-month,1,Bank transfer (automatic),74.05,600.15,0,75.02,1,0.77155113,High
3796-ENZGF,1,1,0,0,63,1,1,Fiber optic,0,0,1,0,0,1,Month-to-month,1,Bank transfer (automatic),89.6,5538.8,0,87.92,2,0.4529175,Medium
1734-ZMNTZ,0,0,0,0,60,1,1,Fiber optic,1,1,1,1,1,1,One year,1,Credit card (automatic),116.6,7049.5,0,117.49,6,0.41632223,Medium
2853-CWQFQ,1,0,1,0,12,1,0,DSL,1,0,0,1,0,0,Month-to-month,0,Bank transfer (automatic),54.2,690.5,0,57.54,2,0.39471805,Medium
0813-TAXXS,1,0,0,0,13,1,0,No,0,0,0,0,0,0,Month-to-month,1,Mailed check,19.3,279.3,0,21.48,0,0.28559342,Low
2519-TWKFS,0,0,0,0,22,1,1,DSL,1,1,1,0,0,0,Month-to-month,0,Mailed check,65.05,1427.55,0,64.89,3,0.21020831,Low
0626-QXNGV,1,0,1,1,72,1,1,No,0,0,0,0,0,0,Two year,1,Bank transfer (automatic),24.05,1709.15,0,23.74,0,0.0074016056,Low
6723-CEGQI,1,0,0,0,2,1,0,No,0,0,0,0,0,0,Month-to-month,0,Bank transfer (automatic),18.75,53.15,0,26.58,0,0.38446724,Medium
4732-RRJZC,1,0,1,1,40,1,0,No,0,0,0,0,0,0,Two year,0,Bank transfer (automatic),20.15,777.35,0,19.43,0,0.016549358,Low
9499-XPZXM,0,0,1,1,44,1,0,No,0,0,0,0,0,0,One year,0,Bank transfer (automatic),20.0,860.85,0,19.56,0,0.018654954,Low
4338-EYCER,0,1,1,0,71,1,0,DSL,1,1,0,1,1,0,One year,1,Bank transfer (automatic),71.0,5012.1,0,70.59,4,0.09431044,Low
3007-FDPEA,0,1,0,0,26,1,1,Fiber optic,0,0,0,0,1,1,Month-to-month,1,Electronic check,93.6,2404.1,0,92.47,2,0.8044081,High
6350-XFYGW,1,0,0,0,1,0,0,DSL,0,0,0,0,0,0,Month-to-month,0,Mailed check,24.4,24.4,0,24.4,0,0.74933875,High
8513-OLYGY,0,0,0,0,3,1,1,DSL,0,0,0,1,1,0,Month-to-month,1,Mailed check,65.25,209.9,0,69.97,2,0.69472045,High
0311-QYWSS,0,0,0,0,13,1,0,DSL,0,0,0,1,0,0,Month-to-month,1,Mailed check,50.55,610.75,0,46.98,1,0.4384522,Medium
8705-DWKTI,1,0,0,0,1,1,0,Fiber optic,0,0,0,0,0,0,Month-to-month,1,Mailed check,70.7,70.7,0,70.7,0,0.89567363,High
8755-IWJHN,0,0,1,1,4,1,0,DSL,0,0,0,0,0,0,Month-to-month,0,Mailed check,45.25,155.35,0,38.84,0,0.4124844,Medium
4480-QQRHC,0,0,0,0,2,1,0,Fiber optic,0,0,0,0,0,0,Month-to-month,1,Electronic check,70.3,144.0,0,72.0,0,0.88501036,High
0929-PECLO,0,0,1,0,72,1,1,Fiber optic,1,1,0,1,1,1,Two year,1,Credit card (automatic),108.95,7875.0,0,109.38,5,0.1345228,Low
3680-CTHUH,1,0,1,1,37,1,1,No,0,0,0,0,0,0,Month-to-month,0,Mailed check,26.45,911.6,0,24.64,0,0.075928174,Low
1202-KKGFU,1,0,0,0,23,1,0,No,0,0,0,0,0,0,One year,1,Credit card (automatic),19.65,478.1,0,20.79,0,0.09211111,Low
6112-KTHFQ,1,0,1,1,42,1,0,No,0,0,0,0,0,0,One year,1,Electronic check,19.05,761.85,0,18.14,0,0.033650134,Low
1852-XEMDW,1,0,0,0,32,1,1,DSL,1,0,0,0,1,1,One year,0,Mailed check,74.75,2282.95,0,71.34,3,0.15256356,Low
1820-DJFPH,1,0,1,1,22,1,1,Fiber optic,0,0,0,0,0,0,Month-to-month,1,Bank transfer (automatic),75.8,1615.1,0,73.41,0,0.18484247,Low
9426-SXNHE,0,0,1,0,42,0,0,DSL,0,0,0,0,0,0,Month-to-month,1,Credit card (automatic),25.1,1097.15,0,26.12,0,0.4462769,Medium
9068-FHQHD,1,0,0,0,8,1,0,DSL,0,0,0,0,0,0,Month-to-month,0,Mailed check,44.45,369.3,0,46.16,0,0.38911653,Medium
1269-FOYWN,1,0,1,1,65,1,1,Fiber optic,1,0,1,0,1,1,Two year,1,Credit card (automatic),104.3,6725.3,0,103.47,4,0.037551947,Low
9470-YFUYI,1,0,1,1,70,1,1,DSL,1,1,1,1,1,1,Two year,1,Bank transfer (automatic),89.0,6293.2,0,89.9,6,0.0117636,Low
7402-EYFXX,0,0,0,1,22,1,0,No,0,0,0,0,0,0,Month-to-month,0,Credit card (automatic),20.15,432.5,0,19.66,0,0.07034202,Low
9895-VFOXH,1,0,1,1,67,0,0,DSL,1,1,0,0,0,0,Two year,0,Bank transfer (automatic),36.15,2434.45,0,36.34,2,0.025865756,Low
1230-QAJDW,1,0,0,0,25,1,0,No,0,0,0,0,0,0,Month-to-month,1,Credit card (automatic),19.2,532.1,0,21.28,0,0.21982785,Low
5701-ZIKJE,1,0,1,0,20,1,0,No,0,0,0,0,0,0,Month-to-month,0,Bank transfer (automatic),19.25,375.25,0,18.76,0,0.18239717,Low
5032-MIYKT,1,0,0,1,2,1,0,DSL,1,0,0,0,0,1,Month-to-month,1,Credit card (automatic),61.2,125.95,0,62.98,2,0.53683996,Medium
7396-VJUZB,0,0,0,0,51,1,0,No,0,0,0,0,0,0,Two year,0,Mailed check,20.45,1042.65,0,20.44,0,0.03663177,Low
9717-QEBGU,1,0,1,1,46,0,0,DSL,1,1,0,0,0,0,Month-to-month,0,Bank transfer (automatic),35.05,1620.25,0,35.22,2,0.11502892,Low
5172-RKOCB,0,0,0,1,13,1,0,DSL,0,0,0,0,0,0,Month-to-month,0,Mailed check,44.0,659.35,0,50.72,0,0.18912235,Low
6509-TSGWN,0,0,1,1,26,1,0,DSL,0,0,1,0,0,0,One year,0,Mailed check,50.35,1285.8,0,49.45,1,0.030125383,Low
3178-CIFOT,0,0,0,1,19,1,0,No,0,0,0,0,0,0,Month-to-month,1,Electronic check,20.0,377.55,0,19.87,0,0.16747929,Low
4530-NDRKU,1,0,1,0,72,1,1,DSL,1,1,0,1,1,1,Two year,1,Bank transfer (automatic),86.4,6058.95,0,84.15,5,0.03074158,Low
5985-TBABQ,0,1,0,0,18,1,1,DSL,1,1,0,0,0,0,Month-to-month,1,Credit card (automatic),58.4,964.9,0,53.61,2,0.4333983,Medium
9800-ONTFE,0,0,0,0,24,1,1,Fiber optic,0,0,0,0,1,1,Month-to-month,1,Electronic check,94.1,2322.85,0,96.79,2,0.817926,High
6743-HHQPF,1,0,1,0,46,1,1,Fiber optic,0,1,1,1,1,1,Two year,1,Credit card (automatic),108.9,4854.3,0,105.53,5,0.42607915,Medium
8455-HIRAQ,1,1,0,0,72,1,1,Fiber optic,1,1,1,1,0,1,Two year,1,Bank transfer (automatic),107.4,7748.75,0,107.62,5,0.116900206,Low
6616-AALSR,1,1,1,0,70,1,1,Fiber optic,1,0,0,0,0,1,Month-to-month,1,Electronic check,90.85,6470.1,0,92.43,2,0.56568015,Medium
9415-ZNBSX,1,0,0,0,2,1,0,No,0,0,0,0,0,0,Month-to-month,0,Electronic check,19.9,57.4,0,28.7,0,0.46415523,Medium
4018-KJYUY,0,0,1,0,31,1,0,DSL,0,0,1,1,0,1,Month-to-month,1,Credit card (automatic),66.4,2019.8,0,65.15,3,0.31083077,Medium
3884-UEBXB,1,0,1,1,16,1,0,Fiber optic,1,0,1,0,1,1,Month-to-month,0,Bank transfer (automatic),100.7,1522.7,0,95.17,4,0.36057916,Medium
8780-RSYYU,0,0,0,1,52,1,1,No,0,0,0,0,0,0,Two year,0,Credit card (automatic),25.6,1334.5,0,25.66,0,0.01797806,Low
5537-UXXVS,0,0,1,1,13,1,0,No,0,0,0,0,0,0,Month-to-month,1,Mailed check,19.85,252.0,0,19.38,0,0.13338718,Low
1791-PQHBB,1,0,0,0,35,1,0,No,0,0,0,0,0,0,One year,0,Mailed check,20.75,700.45,0,20.01,0,0.057952598,Low
8701-DGLVH,1,0,0,0,59,1,0,Fiber optic,0,0,1,0,1,1,Two year,0,Electronic check,95.8,5655.45,0,95.86,3,0.2864969,Low
8741-LQOBK,0,0,1,0,72,1,0,Fiber optic,0,0,1,0,1,1,Month-to-month,1,Electronic check,94.65,6747.35,0,93.71,3,0.49840093,Medium
8082-GHXOP,1,0,1,0,49,1,1,Fiber optic,1,1,1,1,0,1,Two year,0,Credit card (automatic),106.65,5174.35,0,105.6,5,0.33241543,Medium
0980-FEXWF,1,0,0,0,2,1,0,DSL,0,0,0,0,0,0,Month-to-month,1,Mailed check,45.85,105.6,0,52.8,0,0.74811345,High
3011-WQKSZ,0,1,0,0,21,1,1,Fiber optic,0,1,1,0,1,1,Month-to-month,1,Electronic check,104.35,2271.85,0,108.18,4,0.87109613,High
8218-FFJDS,0,1,0,0,54,0,0,DSL,0,1,1,0,1,1,One year,1,Electronic check,55.45,2966.95,0,54.94,4,0.46706793,Medium
1986-PHGZF,0,0,0,0,1,1,1,DSL,1,1,0,0,0,0,Month-to-month,0,Electronic check,61.15,61.15,0,61.15,2,0.7017268,High
9360-OMDZZ,0,0,0,0,6,1,0,Fiber optic,1,1,0,0,0,0,Month-to-month,1,Electronic check,78.95,494.95,0,82.49,2,0.75904274,High
0345-XMMUG,0,0,0,1,49,1,1,Fiber optic,1,1,1,0,1,1,One year,1,Credit card (automatic),109.2,5290.45,0,107.97,5,0.14270163,Low
8024-XNAFQ,1,0,1,1,56,1,0,DSL,1,1,1,0,0,0,Two year,1,Credit card (automatic),61.3,3346.8,0,59.76,3,0.017222395,Low
2988-GBIVW,1,1,0,0,56,1,1,Fiber optic,1,1,0,0,0,1,Month-to-month,1,Electronic check,96.85,5219.65,0,93.21,3,0.6178342,High
2832-SCUCO,1,0,1,1,6,0,0,DSL,0,1,1,1,0,0,Two year,0,Mailed check,40.55,217.5,0,36.25,3,0.10904894,Low
7036-ZZKBD,0,0,0,0,32,1,0,No,0,0,0,0,0,0,One year,0,Mailed check,19.8,607.7,0,18.99,0,0.05018647,Low
0265-PSUAE,0,0,1,1,50,1,1,Fiber optic,1,1,1,0,1,1,One year,1,Electronic check,108.25,5431.4,0,108.63,5,0.1150029,Low
0463-TXOAK,0,0,1,1,58,1,1,Fiber optic,0,0,1,1,1,1,One year,1,Bank transfer (automatic),105.05,6004.85,0,103.53,4,0.09274129,Low
0594-UFTUL,1,0,1,1,65,1,1,DSL,1,1,1,1,1,1,Two year,1,Mailed check,90.45,5957.9,0,91.66,6,0.00981984,Low
9509-MPYOD,1,0,0,0,64,1,1,DSL,1,1,1,1,1,1,Two year,1,Credit card (automatic),86.4,5442.05,0,85.03,6,0.040226907,Low
9128-CPXKI,1,0,1,0,66,1,1,DSL,1,1,1,0,0,0,Two year,0,Bank transfer (automatic),66.9,4370.25,0,66.22,3,0.054824598,Low
0129-KPTWJ,0,0,1,0,38,1,1,Fiber optic,1,0,1,1,1,1,One year,1,Electronic check,110.7,4428.6,0,116.54,5,0.68979657,High
5855-EIBDE,1,0,1,0,20,1,0,No,0,0,0,0,0,0,One year,1,Mailed check,20.0,416.45,0,20.82,0,0.103575304,Low
5365-LLFYV,0,1,0,0,64,1,1,Fiber optic,0,0,1,1,1,1,One year,0,Electronic check,102.1,6688.1,0,104.5,4,0.44510484,Medium
5956-YHHRX,1,0,0,0,60,1,0,DSL,0,1,1,1,1,0,One year,1,Credit card (automatic),70.15,4224.7,0,70.41,4,0.120667756,Low
6008-NAIXK,1,0,1,1,50,1,1,DSL,1,1,1,1,0,1,One year,1,Bank transfer (automatic),80.05,4042.2,0,80.84,5,0.033359934,Low
1928-BXYIV,1,0,1,0,72,0,0,DSL,1,1,1,0,0,1,Two year,1,Electronic check,49.2,3580.95,0,49.74,4,0.07189165,Low
5760-FXFVO,0,0,1,0,60,1,0,No,0,0,0,0,0,0,Two year,1,Bank transfer (automatic),20.5,1198.8,0,19.98,0,0.04172696,Low
0961-ZWLVI,0,0,0,0,46,0,0,DSL,1,0,1,1,0,0,Two year,0,Mailed check,38.25,1755.35,0,38.16,3,0.05671603,Low
5181-OABFK,1,0,1,1,69,0,0,DSL,0,1,1,0,1,1,Two year,1,Credit card (automatic),54.95,3772.5,0,54.67,4,0.022070576,Low
4007-NHVHI,0,1,0,0,31,1,1,Fiber optic,0,0,1,1,1,0,Month-to-month,1,Bank transfer (automatic),96.6,2877.95,0,92.84,3,0.671337,High
7816-VGHTO,0,0,1,1,19,1,0,No,0,0,0,0,0,0,One year,0,Mailed check,19.9,357.7,0,18.83,0,0.021933492,Low
5871-DGTXZ,1,0,1,1,71,1,0,No,0,0,0,0,0,0,Two year,0,Credit card (automatic),19.9,1397.3,0,19.68,0,0.0066582942,Low
7550-WIQVA,0,0,1,0,12,1,0,Fiber optic,1,1,1,0,0,0,Month-to-month,1,Electronic check,84.6,959.9,0,79.99,3,0.76154834,High
7544-ZVIKX,0,0,0,0,44,1,1,DSL,0,1,1,1,1,1,One year,1,Bank transfer (automatic),85.25,3704.15,0,84.19,5,0.22046876,Low
0016-QLJIS,1,0,1,1,56,1,1,DSL,1,1,1,1,1,0,Two year,0,Credit card (automatic),81.25,4620.4,0,82.51,5,0.013802652,Low
7508-DQAKK,1,0,1,0,72,1,1,Fiber optic,1,1,1,1,1,1,Two year,1,Bank transfer (automatic),115.5,8312.75,0,115.45,6,0.08739398,Low
5176-OLSKT,1,0,0,0,11,1,1,Fiber optic,1,0,0,0,0,0,Month-to-month,1,Bank transfer (automatic),79.0,929.3,0,84.48,1,0.75722665,High
9356-AXGMP,1,1,1,0,15,1,0,Fiber optic,0,1,0,0,1,1,Month-to-month,1,Electronic check,94.65,1285.05,0,85.67,3,0.85985,High
3556-BVQGL,0,0,0,0,72,1,0,No,0,0,0,0,0,0,Two year,1,Mailed check,20.8,1521.2,0,21.13,0,0.018522127,Low
8979-CAMGB,0,0,1,0,56,1,1,DSL,0,1,1,0,0,0,Two year,0,Credit card (automatic),59.5,3389.25,0,60.52,2,0.07482342,Low
7581-EBBOU,0,1,0,0,64,1,0,No,0,0,0,0,0,0,Two year,1,Bank transfer (automatic),20.05,1198.05,0,18.72,0,0.027609857,Low
5073-RZGBK,1,0,1,0,34,1,1,Fiber optic,0,0,1,0,1,1,Month-to-month,1,Electronic check,100.45,3414.65,0,100.43,3,0.8145571,High
2192-CKRLV,0,0,0,0,35,1,0,No,0,0,0,0,0,0,One year,0,Bank transfer (automatic),20.6,754.0,0,21.54,0,0.06112201,Low
3154-HMWUU,0,0,0,0,22,1,0,No,0,0,0,0,0,0,One year,0,Credit card (automatic),20.3,467.15,0,21.23,0,0.05285996,Low
6119-SPUDB,0,0,0,0,9,0,0,DSL,1,1,1,0,0,0,One year,0,Mailed check,39.55,373.0,0,41.44,3,0.19212435,Low
6522-OIQSX,0,0,0,0,23,1,0,No,0,0,0,0,0,0,One year,0,Mailed check,20.45,481.1,0,20.92,0,0.052799243,Low
7813-ZGGAW,0,0,1,0,68,1,1,No,0,0,0,0,0,0,Two year,0,Bank transfer (automatic),25.25,1728.2,0,25.41,0,0.044966247,Low
8748-HFWBO,0,0,1,0,33,1,0,Fiber optic,0,0,0,0,1,1,Month-to-month,0,Electronic check,91.25,2964.05,0,89.82,2,0.73327845,High
1052-QJIBV,0,0,0,0,31,1,0,DSL,1,1,1,1,1,0,Month-to-month,1,Bank transfer (automatic),72.45,2156.25,0,69.56,5,0.2854885,Low
1319-YLZJG,1,0,0,0,56,1,0,No,0,0,0,0,0,0,Two year,0,Bank transfer (automatic),19.7,1051.9,0,18.78,0,0.03360602,Low
0723-FDLAY,0,0,1,1,66,1,0,DSL,1,1,1,1,1,0,One year,1,Electronic check,75.1,5013.0,0,75.95,5,0.030067772,Low
3050-RLLXC,0,0,1,1,72,1,1,No,0,0,0,0,0,0,Two year,0,Bank transfer (automatic),25.0,1738.9,0,24.15,0,0.007227979,Low
9298-WGMRW,0,1,0,0,34,1,0,Fiber optic,0,0,0,0,0,0,Month-to-month,0,Credit card (automatic),69.15,2275.1,0,66.91,0,0.47615677,Medium
3088-LHEFH,1,0,1,1,58,1,0,Fiber optic,0,1,1,0,1,0,Month-to-month,1,Electronic check,91.55,5511.65,0,95.03,3,0.09522203,Low
6583-KQJLK,0,0,0,0,37,0,0,DSL,0,0,0,0,1,0,Two year,0,Credit card (automatic),35.8,1316.9,0,35.59,1,0.118479416,Low
8544-JNBOX,1,0,0,0,71,1,1,Fiber optic,1,1,1,1,1,1,Two year,1,Credit card (automatic),113.15,7993.3,0,112.58,6,0.13115169,Low
6681-ZSEXG,0,0,1,1,1,1,0,No,0,0,0,0,0,0,One year,0,Credit card (automatic),19.85,19.85,0,19.85,0,0.22308029,Low
6139-ZZRBQ,0,1,1,1,71,1,0,No,0,0,0,0,0,0,Two year,0,Credit card (automatic),19.8,1388.45,0,19.56,0,0.008130621,Low
6116-RFVHN,0,0,1,1,35,1,0,No,0,0,0,0,0,0,One year,0,Electronic check,19.9,666.0,0,19.03,0,0.021631509,Low
8884-FEEWR,1,0,1,1,6,1,0,No,0,0,0,0,0,0,One year,0,Mailed check,19.7,94.45,0,15.74,0,0.04657541,Low
3125-RAHBV,1,0,1,1,69,1,0,DSL,0,1,1,1,0,0,One year,0,Bank transfer (automatic),59.1,4134.7,0,59.92,3,0.023091936,Low
0373-AIVNJ,1,0,1,0,53,1,1,Fiber optic,0,0,0,1,0,1,One year,1,Electronic check,91.15,4862.5,0,91.75,2,0.43377298,Medium
1682-VCOIO,1,0,1,0,5,1,0,Fiber optic,0,0,0,0,0,0,Month-to-month,1,Electronic check,68.95,351.5,0,70.3,0,0.85918254,High
2072-ZVJJX,1,0,0,1,2,1,0,DSL,0,1,0,0,0,0,Month-to-month,0,Mailed check,51.55,106.2,0,53.1,1,0.4906739,Medium
8849-AYPTR,0,0,0,1,62,1,1,No,0,0,0,0,0,0,Two year,1,Mailed check,24.4,1413.0,0,22.79,0,0.011762174,Low
9518-IMLHK,1,0,1,0,19,1,0,Fiber optic,0,0,1,0,1,1,Month-to-month,1,Electronic check,96.8,1743.05,0,91.74,3,0.8412908,High
3646-ITDGM,0,0,0,0,9,1,0,Fiber optic,0,0,0,0,0,0,Month-to-month,0,Mailed check,70.05,657.5,0,73.06,0,0.6310988,High
3569-VLDHH,0,0,0,0,53,1,0,No,0,0,0,0,0,0,Two year,0,Credit card (automatic),19.5,1050.5,0,19.82,0,0.04466399,Low
8224-KDLKN,0,0,0,0,5,1,0,Fiber optic,0,0,0,0,0,1,Month-to-month,0,Mailed check,78.75,426.35,0,85.27,1,0.7568819,High
7594-LZNWR,1,1,1,1,71,1,1,DSL,1,1,0,0,1,0,One year,0,Electronic check,69.2,4982.5,0,70.18,3,0.024291864,Low
4001-TSBTV,1,0,0,0,1,1,0,No,0,0,0,0,0,0,Month-to-month,1,Mailed check,19.55,19.55,0,19.55,0,0.6723583,High
8727-XDPUD,0,0,0,0,72,1,1,Fiber optic,0,1,1,0,1,1,Two year,1,Electronic check,103.65,7634.8,0,106.04,4,0.36095932,Medium
1043-UXOVO,1,0,1,0,4,1,0,DSL,1,1,0,0,0,0,Month-to-month,0,Mailed check,54.7,235.05,0,58.76,2,0.49236983,Medium
1064-FBXNK,0,0,0,0,59,1,1,DSL,0,0,1,0,0,0,Two year,0,Credit card (automatic),54.15,3116.15,0,52.82,1,0.071899936,Low
3996-ZNWYK,1,1,1,0,31,1,1,Fiber optic,0,0,0,0,0,1,Month-to-month,1,Electronic check,84.85,2633.4,0,84.95,1,0.8129497,High
2878-DHMIN,0,0,1,0,3,1,0,No,0,0,0,0,0,0,Month-to-month,0,Bank transfer (automatic),20.0,49.65,0,16.55,0,0.29423067,Low
7762-ONLJY,0,0,1,0,49,1,0,Fiber optic,0,0,1,1,1,1,One year,1,Credit card (automatic),99.25,4920.8,0,100.42,4,0.4549074,Medium
5795-BKOYE,0,0,0,0,2,1,0,No,0,0,0,0,0,0,Month-to-month,0,Mailed check,19.35,46.35,0,23.18,0,0.37126318,Medium
7402-PWYJJ,1,0,1,0,55,1,0,Fiber optic,1,0,0,0,1,1,One year,1,Electronic check,94.75,5276.1,0,95.93,3,0.520216,Medium
0018-NYROU,0,0,1,1,72,1,1,Fiber optic,1,1,1,1,1,1,Two year,1,Credit card (automatic),114.05,8289.2,0,115.13,6,0.014680281,Low
7501-VTYLJ,1,1,0,0,36,1,1,Fiber optic,0,0,0,0,0,0,Month-to-month,1,Bank transfer (automatic),74.9,2659.45,0,73.87,0,0.6729347,High
7608-RGIRO,1,0,1,1,10,1,0,No,0,0,0,0,0,0,Month-to-month,1,Bank transfer (automatic),19.8,196.75,0,19.68,0,0.1638727,Low
0480-BIXDE,1,0,1,1,72,1,1,DSL,1,1,1,1,0,1,Two year,0,Bank transfer (automatic),80.85,5824.75,0,80.9,5,0.00760826,Low
5895-QSXOD,1,0,0,0,28,1,0,DSL,0,1,0,1,0,0,Month-to-month,0,Bank transfer (automatic),54.65,1517.5,0,54.2,2,0.23966339,Low
9814-AOUDH,0,0,1,0,38,1,1,Fiber optic,1,0,0,0,1,0,Month-to-month,0,Bank transfer (automatic),91.7,3479.05,0,91.55,2,0.52962905,Medium
6175-IRFIT,1,0,0,0,61,1,1,Fiber optic,1,1,1,1,1,1,One year,1,Electronic check,118.6,7365.7,0,120.75,6,0.4793258,Medium
8760-ZRHKE,0,0,1,1,52,1,1,No,0,0,0,0,0,0,Two year,0,Mailed check,24.55,1331.05,0,25.6,0,0.013479177,Low
1622-HSHSF,0,0,0,0,67,1,0,No,0,0,0,0,0,0,One year,1,Mailed check,19.45,1195.95,0,17.85,0,0.07385358,Low
6749-UTDVX,1,0,0,1,34,1,1,Fiber optic,1,1,1,1,1,1,Two year,1,Credit card (automatic),116.15,3946.9,0,116.09,6,0.10386542,Low
5542-DHSXL,1,0,0,0,54,1,0,DSL,1,0,1,1,1,1,Two year,0,Electronic check,80.6,4299.95,0,79.63,5,0.09019309,Low
9102-OXKFY,1,0,1,0,1,1,0,No,0,0,0,0,0,0,Month-to-month,1,Bank transfer (automatic),20.3,20.3,0,20.3,0,0.7012112,High
5216-WASFJ,1,0,0,1,46,1,0,Fiber optic,0,1,1,0,1,1,Month-to-month,1,Electronic check,99.8,4391.25,0,95.46,4,0.2400346,Low
7808-DVWEP,1,0,1,1,55,1,1,DSL,1,1,0,1,1,0,One year,1,Credit card (automatic),75.0,4213.9,0,76.62,4,0.024438865,Low
2284-VFLKH,1,0,0,0,1,1,0,No,0,0,0,0,0,0,Month-to-month,0,Mailed check,19.9,19.9,0,19.9,0,0.61506176,High
0366-NQSHS,0,1,1,0,64,1,0,Fiber optic,1,0,1,0,0,0,One year,0,Credit card (automatic),80.3,5017.7,0,78.4,2,0.15513834,Low
3807-BPOMJ,1,0,1,0,58,1,1,DSL,1,0,1,1,1,1,Two year,1,Electronic check,84.3,4916.4,0,84.77,5,0.10123914,Low
3892-NXAZG,0,0,1,0,56,0,0,DSL,0,0,1,1,1,1,One year,1,Bank transfer (automatic),54.05,2959.8,0,52.85,4,0.36722773,Medium
4948-WBBKL,0,0,1,1,72,1,0,Fiber optic,1,0,1,1,1,1,Two year,1,Credit card (automatic),104.9,7559.55,0,104.99,5,0.020022318,Low
4182-BGSIQ,0,1,1,0,72,1,1,Fiber optic,0,1,0,0,1,1,One year,1,Credit card (automatic),97.25,7133.1,0,99.07,3,0.28885883,Low
0988-AADSA,0,0,0,0,22,1,1,Fiber optic,0,0,0,0,0,1,Month-to-month,0,Electronic check,83.05,1799.3,0,81.79,1,0.6597392,High
9972-NKTFD,1,0,0,0,39,0,0,DSL,0,1,1,1,0,0,Month-to-month,0,Bank transfer (automatic),41.1,1597.05,0,40.95,3,0.28849855,Low
3717-LNXKW,1,0,0,0,12,1,0,DSL,0,0,0,0,0,0,Month-to-month,1,Bank transfer (automatic),45.0,524.35,0,43.7,0,0.49379203,Medium
5734-EJKXG,0,0,1,0,54,1,0,DSL,1,1,0,0,1,1,Two year,1,Bank transfer (automatic),74.55,4191.45,0,77.62,4,0.098950475,Low
2207-RYYRL,1,0,0,0,18,0,0,DSL,1,1,0,1,0,0,One year,1,Mailed check,40.2,711.95,0,39.55,3,0.18284741,Low
6729-FZWSY,0,0,1,0,32,1,0,DSL,1,1,0,1,0,1,One year,0,Mailed check,70.5,2201.75,0,68.8,4,0.1471975,Low
9695-IDRZR,1,0,0,0,41,1,0,No,0,0,0,0,0,0,One year,1,Mailed check,19.75,806.95,0,19.68,0,0.11304293,Low
8144-DGHXP,0,0,1,1,67,1,1,No,0,0,0,0,0,0,Two year,0,Bank transfer (automatic),24.65,1620.45,0,24.19,0,0.011462528,Low
7814-LEEVE,0,0,1,0,65,1,1,Fiber optic,1,0,1,0,1,1,Month-to-month,1,Electronic check,104.25,6812.95,0,104.81,4,0.76504093,High
8631-WUXGY,1,0,0,0,25,1,1,DSL,1,1,1,1,1,0,Month-to-month,1,Bank transfer (automatic),78.35,1837.9,0,73.52,5,0.30953655,Medium
5906-DVAPM,1,0,1,0,67,1,1,Fiber optic,0,1,1,1,1,1,One year,1,Credit card (automatic),109.7,7344.45,0,109.62,5,0.5050424,Medium
6654-QGBZZ,1,1,0,0,43,0,0,DSL,1,1,0,0,0,0,Month-to-month,1,Credit card (automatic),33.45,1500.25,0,34.89,2,0.4433421,Medium
8348-JLBUG,1,0,0,0,24,1,0,Fiber optic,1,0,0,0,1,1,Month-to-month,1,Electronic check,94.6,2283.15,0,95.13,3,0.7545567,High
5641-DMBFJ,0,0,1,1,69,1,0,No,0,0,0,0,0,0,Two year,0,Bank transfer (automatic),20.2,1376.5,0,19.95,0,0.009169467,Low
9200-NLNPD,1,0,0,1,37,1,0,No,0,0,0,0,0,0,One year,0,Bank transfer (automatic),20.3,755.4,0,20.42,0,0.024329862,Low
2664-XJZNO,0,0,1,1,20,0,0,DSL,1,0,1,1,0,0,Two year,1,Credit card (automatic),39.4,825.4,0,41.27,3,0.049318124,Low
3339-EAQNV,0,0,0,0,7,1,0,Fiber optic,0,0,0,0,0,0,Month-to-month,0,Bank transfer (automatic),69.15,488.65,0,69.81,0,0.6610963,High
0921-OHLVP,0,0,0,0,41,0,0,DSL,0,0,1,0,1,1,One year,1,Electronic check,51.35,2075.1,0,50.61,3,0.45462856,Medium
8350-NYMVI,1,0,0,0,54,1,0,Fiber optic,1,1,0,0,1,1,One year,1,Credit card (automatic),100.05,5299.65,0,98.14,4,0.41323265,Medium
1600-DILPE,0,1,0,0,69,1,0,No,0,0,0,0,0,0,Two year,0,Credit card (automatic),20.3,1356.3,0,19.66,0,0.026616199,Low
0536-ESJEP,1,0,0,0,53,1,0,Fiber optic,0,1,1,1,0,1,One year,1,Credit card (automatic),94.45,5042.75,0,95.15,4,0.28934202,Low
4654-GGUII,0,0,1,1,18,0,0,DSL,0,1,1,0,1,0,One year,0,Credit card (automatic),46.4,812.4,0,45.13,3,0.08062366,Low
6478-HRRCZ,0,0,1,0,64,1,0,Fiber optic,1,1,0,1,1,1,Two year,1,Credit card (automatic),104.05,6605.55,0,103.21,5,0.18630719,Low
8510-BBWMU,1,0,0,0,20,0,0,DSL,0,0,0,0,0,0,Month-to-month,0,Credit card (automatic),24.9,505.95,0,25.3,0,0.33184183,Medium
6857-TKDJV,0,0,1,1,57,1,0,DSL,1,1,0,1,0,0,One year,0,Mailed check,59.6,3509.4,0,61.57,3,0.023888597,Low
2360-RDGRO,0,1,1,0,63,1,1,Fiber optic,1,1,1,0,1,1,Two year,0,Credit card (automatic),108.5,6991.9,0,110.98,5,0.33068013,Medium
0584-BJQGZ,0,0,1,1,13,0,0,DSL,1,1,0,1,0,0,Two year,0,Mailed check,40.55,590.35,0,45.41,3,0.05673927,Low
1360-XFJMR,1,1,1,0,48,1,0,DSL,0,1,0,0,0,1,One year,1,Bank transfer (automatic),58.95,2789.7,0,58.12,2,0.3303133,Medium
5730-RIITO,0,0,1,1,57,1,0,No,0,0,0,0,0,0,Two year,0,Mailed check,20.75,1123.15,0,19.7,0,0.012844979,Low
9058-MJLZC,0,0,1,0,71,1,1,Fiber optic,0,1,1,1,1,1,One year,1,Bank transfer (automatic),113.15,7953.25,0,112.02,5,0.45734784,Medium
0902-XKXPN,1,0,1,1,7,1,1,DSL,0,0,0,0,0,0,Month-to-month,0,Electronic check,48.8,349.8,0,49.97,0,0.37443155,Medium
5177-RVZNU,1,0,0,0,16,1,1,DSL,0,0,0,0,0,1,Month-to-month,1,Bank transfer (automatic),63.05,1067.05,0,66.69,1,0.5526916,Medium
0056-EPFBG,0,0,1,0,34,1,1,Fiber optic,0,0,1,0,1,1,Month-to-month,0,Electronic check,100.85,3527.3,0,103.74,3,0.7776661,High
8993-IZEUX,0,0,0,0,16,1,1,Fiber optic,0,1,0,0,0,0,Month-to-month,1,Mailed check,80.55,1248.9,0,78.06,1,0.72987586,High
8190-ZTQFB,0,0,0,1,48,1,1,DSL,1,1,1,0,0,0,One year,1,Bank transfer (automatic),64.4,3035.35,0,63.24,3,0.061916865,Low
0931-MHTEM,0,0,1,1,58,1,0,DSL,0,1,0,1,1,1,One year,1,Credit card (automatic),75.2,4300.8,0,74.15,4,0.029394971,Low
7515-LODFU,1,0,1,0,72,1,1,DSL,1,0,1,1,1,1,Two year,1,Bank transfer (automatic),84.9,6065.3,0,84.24,5,0.034289755,Low
0440-UEDAI,1,0,0,0,7,1,0,No,0,0,0,0,0,0,Month-to-month,0,Mailed check,19.3,144.95,0,20.71,0,0.27495086,Low
1337-BOZWO,1,0,0,0,30,1,0,DSL,1,1,1,1,1,0,One year,0,Credit card (automatic),74.65,2308.6,0,76.95,5,0.14222758,Low
0868-VJRDR,0,0,1,0,31,1,1,DSL,0,0,0,0,1,0,Month-to-month,1,Credit card (automatic),59.05,1882.8,0,60.74,1,0.43176752,Medium
6344-SFJVH,1,1,0,0,46,1,1,DSL,0,0,1,1,0,1,One year,1,Credit card (automatic),69.1,3255.35,0,70.77,3,0.25488365,Low
3950-VPYJB,0,0,1,0,50,1,0,No,0,0,0,0,0,0,Two year,0,Mailed check,20.55,1067.65,0,21.35,0,0.047585562,Low
8041-TMEID,0,0,1,0,28,1,0,Fiber optic,0,0,0,1,0,0,Month-to-month,0,Bank transfer (automatic),76.55,2065.4,0,73.76,1,0.50926375,Medium
7321-ZNSLA,1,0,0,0,66,0,0,DSL,1,1,1,1,1,1,Two year,1,Bank transfer (automatic),62.5,4136.4,0,62.67,6,0.04395155,Low
6941-KXRRV,1,0,1,1,41,1,0,Fiber optic,0,0,1,0,1,1,Month-to-month,1,Bank transfer (automatic),94.9,3848.0,0,93.85,3,0.1242495,Low
8727-JQFHV,0,1,1,0,72,1,1,Fiber optic,0,1,1,1,1,1,Two year,1,Bank transfer (automatic),111.65,8022.85,0,111.43,5,0.13719231,Low
9475-NNDGC,1,0,0,0,7,1,0,No,0,0,0,0,0,0,One year,0,Mailed check,19.9,173.15,0,24.74,0,0.08726665,Low
1355-KUSBG,1,0,1,1,38,1,0,No,0,0,0,0,0,0,Month-to-month,0,Mailed check,20.45,781.25,0,20.56,0,0.052644003,Low
3688-FTHLT,0,0,0,0,44,1,0,Fiber optic,1,1,1,0,1,1,One year,1,Electronic check,106.05,4510.8,0,102.52,5,0.61520636,High
0899-LIIBW,0,0,1,1,47,1,1,Fiber optic,1,1,1,1,1,1,One year,1,Bank transfer (automatic),113.45,5317.8,0,113.14,6,0.08953482,Low
1384-RCUXW,0,0,1,1,53,1,0,Fiber optic,0,1,0,1,1,0,Month-to-month,1,Electronic check,92.55,4779.45,0,90.18,3,0.091595754,Low
5825-XJOCM,0,0,1,0,4,1,1,DSL,0,0,1,0,1,0,Month-to-month,0,Electronic check,65.6,250.1,0,62.52,2,0.734465,High
6848-YLDFR,0,1,0,0,20,1,1,Fiber optic,0,0,0,0,1,0,Month-to-month,1,Electronic check,84.35,1745.2,0,87.26,1,0.78616947,High
8125-QPFJD,0,1,1,0,57,1,1,DSL,0,1,1,0,1,0,One year,1,Credit card (automatic),71.1,4140.1,0,72.63,3,0.23718572,Low
2320-YKQBO,1,1,1,0,44,1,0,Fiber optic,1,1,0,1,0,0,Month-to-month,1,Electronic check,85.15,3670.5,0,83.42,3,0.51743025,Medium
4973-RLZVI,0,0,0,0,24,1,0,DSL,0,0,1,0,0,0,Month-to-month,1,Mailed check,49.7,1167.8,0,48.66,1,0.36585796,Medium
7869-ZYDST,0,0,1,1,15,0,0,DSL,1,0,0,0,0,0,Month-to-month,1,Bank transfer (automatic),30.2,469.65,0,31.31,1,0.25433752,Low
4501-UYKBC,1,0,0,0,24,1,0,DSL,1,0,0,1,0,0,Month-to-month,0,Credit card (automatic),56.35,1381.2,0,57.55,2,0.23315164,Low
1215-EXRMO,1,0,0,0,33,1,1,Fiber optic,0,1,1,0,1,1,Month-to-month,0,Electronic check,107.55,3645.5,0,110.47,4,0.698168,High
2305-MRGLV,1,0,1,1,58,1,0,No,0,0,0,0,0,0,Two year,1,Mailed check,19.85,1158.85,0,19.98,0,0.015240096,Low
8404-VIOMB,1,0,1,1,72,1,1,Fiber optic,1,1,0,0,1,0,Two year,1,Bank transfer (automatic),95.9,6954.15,0,96.59,3,0.011780647,Low
2359-KLTEK,1,0,1,0,71,1,1,No,0,0,0,0,0,0,Two year,0,Mailed check,23.85,1672.1,0,23.55,0,0.022993812,Low
5304-EFJLP,0,0,1,0,51,1,0,DSL,1,1,1,1,1,1,Two year,1,Credit card (automatic),83.85,4307.1,0,84.45,6,0.057966933,Low
2673-ZALNP,0,1,1,0,72,1,0,Fiber optic,1,1,0,1,0,0,Two year,1,Credit card (automatic),84.8,6141.65,0,85.3,3,0.043505196,Low
9184-GALIL,0,0,0,1,14,1,0,DSL,1,1,1,1,0,1,Two year,0,Bank transfer (automatic),76.1,1054.8,0,75.34,5,0.061095104,Low
4393-RYCRE,1,0,1,1,72,1,1,DSL,1,1,0,1,1,0,Two year,0,Mailed check,74.55,5430.65,0,75.43,4,0.007767413,Low
9746-MDMBK,1,0,1,1,22,0,0,DSL,0,1,0,0,1,0,Month-to-month,0,Electronic check,39.2,849.9,0,38.63,2,0.24752429,Low
3162-ZJZFU,1,0,0,0,2,1,1,Fiber optic,0,1,0,0,0,0,Month-to-month,0,Electronic check,79.55,151.75,0,75.88,1,0.8399895,High
8404-GFGCZ,1,0,0,0,15,1,0,No,0,0,0,0,0,0,Month-to-month,0,Mailed check,19.6,299.4,0,19.96,0,0.2157479,Low
8875-AKBYH,0,0,1,1,51,1,0,No,0,0,0,0,0,0,Two year,0,Credit card (automatic),19.55,1086.75,0,21.31,0,0.015117361,Low
0533-UCAAU,0,0,1,0,70,0,0,DSL,1,0,1,1,0,0,Two year,1,Credit card (automatic),39.15,2692.75,0,38.47,3,0.07558034,Low
1394-SUIUH,1,0,1,1,71,1,0,No,0,0,0,0,0,0,Two year,0,Bank transfer (automatic),20.1,1389.6,0,19.57,0,0.006588111,Low
3521-MNKLV,1,0,1,1,39,1,1,Fiber optic,0,0,0,1,1,1,Month-to-month,1,Credit card (automatic),99.95,3767.4,0,96.6,3,0.13622652,Low
2533-TIBIX,1,0,1,1,61,1,1,DSL,1,1,0,0,0,0,Month-to-month,0,Electronic check,59.8,3641.5,0,59.7,2,0.057276927,Low
5092-STPKP,1,0,0,0,52,1,0,DSL,1,0,0,0,0,0,Month-to-month,1,Bank transfer (automatic),49.75,2535.55,0,48.76,1,0.33570227,Medium
0114-PEGZZ,0,0,1,0,64,1,1,Fiber optic,1,0,1,1,1,1,One year,1,Mailed check,108.5,6880.85,0,107.51,5,0.5038038,Medium
3359-DSRKA,0,0,1,0,62,1,0,DSL,0,1,1,1,0,0,Two year,1,Credit card (automatic),60.15,3753.2,0,60.54,3,0.05063968,Low
8639-NHQEI,0,0,1,0,30,1,0,No,0,0,0,0,0,0,Two year,0,Mailed check,19.05,637.55,0,21.25,0,0.05500847,Low
7161-DFHUF,0,1,1,0,63,1,0,DSL,1,1,1,1,1,1,One year,1,Bank transfer (automatic),84.0,5329.55,0,84.6,6,0.13515048,Low
3720-DBRWL,1,0,0,0,1,1,0,DSL,0,0,0,0,0,0,Month-to-month,1,Credit card (automatic),44.55,44.55,0,44.55,0,0.79903686,High
8565-WUXZU,0,0,1,0,15,1,1,Fiber optic,0,0,1,1,1,1,Month-to-month,1,Electronic check,103.45,1539.8,0,102.65,4,0.8855113,High
4994-OBRSZ,0,0,1,1,27,1,0,Fiber optic,1,1,0,0,0,0,One year,1,Credit card (automatic),80.65,2209.75,0,81.84,2,0.042505376,Low
0562-FGDCR,1,0,0,1,4,0,0,DSL,1,1,1,0,1,1,Month-to-month,1,Mailed check,57.2,223.75,0,55.94,5,0.50514966,Medium
2436-QBZFP,1,0,1,0,72,1,1,Fiber optic,1,1,1,0,1,1,Two year,1,Electronic check,110.75,7751.7,0,107.66,5,0.16318789,Low
3420-YJLQT,0,1,1,0,45,1,1,No,0,0,0,0,0,0,One year,0,Credit card (automatic),24.7,1174.35,0,26.1,0,0.11033944,Low
6040-CGACY,1,1,0,0,45,1,1,Fiber optic,1,1,0,1,1,0,Month-to-month,1,Electronic check,97.05,4385.05,0,97.45,4,0.6445358,High
6582-PLFUU,1,0,0,0,36,1,0,DSL,1,1,1,1,1,0,One year,1,Mailed check,76.35,2606.35,0,72.4,5,0.15785536,Low
8242-PDSGJ,0,0,0,0,1,1,0,No,0,0,0,0,0,0,Month-to-month,0,Mailed check,18.9,18.9,0,18.9,0,0.50017333,Medium
0264-CNITK,0,1,0,0,16,1,1,Fiber optic,0,0,0,0,0,0,Month-to-month,1,Bank transfer (automatic),74.45,1261.35,0,78.83,0,0.77238715,High
0089-IIQKO,1,0,1,0,71,1,0,DSL,1,1,1,1,1,1,Two year,1,Credit card (automatic),84.4,5969.3,0,84.07,6,0.032068484,Low
7839-NUIAA,0,0,1,1,10,1,1,No,0,0,0,0,0,0,Month-to-month,1,Mailed check,24.4,253.9,0,25.39,0,0.15745857,Low
6075-QMNRR,0,0,1,1,20,1,0,No,0,0,0,0,0,0,Two year,0,Mailed check,20.05,400.0,0,20.0,0,0.01994561,Low
5966-EMAZU,1,0,0,0,4,1,0,DSL,0,0,0,0,1,0,Month-to-month,0,Credit card (automatic),55.5,227.35,0,56.84,1,0.58082676,Medium
0440-EKDCF,0,1,1,0,29,1,1,Fiber optic,0,0,0,0,0,1,Month-to-month,1,Electronic check,84.3,2357.75,0,81.3,1,0.805433,High
4774-HHGGS,0,0,0,0,2,1,0,Fiber optic,1,1,0,0,1,1,Month-to-month,0,Electronic check,100.2,198.5,0,99.25,4,0.8370209,High
2055-BFOCC,1,0,0,0,29,1,0,No,0,0,0,0,0,0,Two year,0,Mailed check,19.4,554.25,0,19.11,0,0.044333298,Low
8180-AKMJV,0,0,0,0,13,1,0,No,0,0,0,0,0,0,Month-to-month,1,Electronic check,20.4,251.65,0,19.36,0,0.37507024,Medium
4298-OYIFC,1,0,1,0,59,1,1,Fiber optic,1,1,0,0,1,0,Month-to-month,1,Electronic check,94.75,5597.65,0,94.88,3,0.6192069,High
5566-SOEZD,0,0,1,0,18,1,0,DSL,0,0,0,0,0,0,Month-to-month,1,Bank transfer (automatic),44.35,768.05,0,42.67,0,0.4553011,Medium
9842-EFSYY,1,0,1,1,17,1,0,DSL,1,1,0,0,1,1,Month-to-month,0,Mailed check,74.55,1215.8,0,71.52,4,0.14494942,Low
2272-WUSPA,0,0,1,0,47,1,0,DSL,0,1,1,0,1,1,Two year,0,Electronic check,73.6,3522.65,0,74.95,4,0.13089214,Low
4584-LBNMK,0,0,1,1,19,1,1,DSL,0,0,0,0,0,0,Month-to-month,0,Credit card (automatic),50.1,910.45,0,47.92,0,0.13176624,Low
3898-GUYTS,1,1,1,1,68,0,0,DSL,0,1,1,0,1,1,Two year,1,Electronic check,53.0,3656.25,0,53.77,4,0.030088738,Low
0930-EHUZA,1,0,1,0,2,1,0,No,0,0,0,0,0,0,Month-to-month,0,Bank transfer (automatic),19.85,52.0,0,26.0,0,0.4491389,Medium
9975-SKRNR,0,0,0,0,7,0,0,DSL,0,0,0,0,0,0,One year,1,Credit card (automatic),24.35,150.85,0,21.55,0,0.36912188,Medium
3703-KBKZP,1,0,0,0,18,1,0,No,0,0,0,0,0,0,Month-to-month,1,Mailed check,19.55,389.25,0,21.62,0,0.22309706,Low
4973-MGTON,1,0,1,0,71,1,1,No,0,0,0,0,0,0,Two year,0,Credit card (automatic),25.05,1873.7,0,26.39,0,0.028768893,Low
3682-YEUWS,0,1,1,0,13,1,1,Fiber optic,1,1,0,0,0,1,Month-to-month,0,Credit card (automatic),93.8,1261.0,0,97.0,3,0.73291653,High
1223-UNPKS,0,0,1,0,72,1,1,Fiber optic,0,1,1,0,1,1,Two year,1,Bank transfer (automatic),103.75,7346.2,0,102.03,4,0.1788025,Low
3446-QDSZF,0,0,1,1,66,0,0,DSL,0,1,1,0,1,1,Two year,1,Credit card (automatic),56.75,3708.4,0,56.19,4,0.02323509,Low
5117-IFGPS,0,0,1,1,24,1,0,No,0,0,0,0,0,0,One year,1,Credit card (automatic),20.8,469.65,0,19.57,0,0.023784777,Low
7379-FNIUJ,1,0,1,1,56,1,1,No,0,0,0,0,0,0,Two year,1,Mailed check,24.45,1385.85,0,24.75,0,0.013434264,Low
1627-AFWVJ,1,1,1,0,22,1,1,No,0,0,0,0,0,0,One year,0,Bank transfer (automatic),25.6,548.8,0,24.95,0,0.12639685,Low
4486-EFAEB,1,0,0,0,42,1,0,DSL,1,1,1,0,0,0,Month-to-month,0,Bank transfer (automatic),59.65,2536.55,0,60.39,3,0.26599896,Low
0060-FUALY,1,0,1,1,72,1,1,DSL,1,0,1,1,1,1,Two year,1,Bank transfer (automatic),83.3,6042.7,0,83.93,5,0.007458109,Low
6954-OOYZZ,1,0,0,0,12,1,1,Fiber optic,0,0,0,1,0,0,Month-to-month,1,Credit card (automatic),79.55,958.25,0,79.85,1,0.760356,High
7088-FBAWU,0,0,1,0,71,1,1,No,0,0,0,0,0,0,Two year,0,Bank transfer (automatic),24.45,1730.65,0,24.38,0,0.02719643,Low
8313-AFGBW,1,0,1,0,26,1,0,No,0,0,0,0,0,0,One year,0,Mailed check,19.2,459.6,0,17.68,0,0.06728211,Low
3097-IDVPU,1,0,0,1,7,0,0,DSL,1,0,0,0,0,0,Month-to-month,0,Mailed check,29.8,201.95,0,28.85,1,0.2989458,Low
2197-OMWGI,1,0,1,1,6,1,0,DSL,0,0,0,0,0,0,Month-to-month,0,Mailed check,45.5,285.2,0,47.53,0,0.24965334,Low
2303-PJYHN,0,0,1,0,51,0,0,DSL,0,1,0,0,0,0,Month-to-month,1,Credit card (automatic),30.05,1529.45,0,29.99,1,0.41277742,Medium
9795-VOWON,0,0,1,1,72,0,0,DSL,1,1,1,1,1,1,Two year,1,Bank transfer (automatic),65.65,4664.5,0,64.78,6,0.009176644,Low
1237-WIYYZ,1,0,0,0,47,1,1,DSL,1,1,0,1,0,1,Two year,0,Mailed check,74.05,3496.3,0,74.39,4,0.053819783,Low
1987-AUELQ,0,1,0,0,62,1,1,Fiber optic,0,1,1,1,1,1,One year,1,Bank transfer (automatic),110.75,7053.35,0,113.76,5,0.51665974,Medium
7852-LECYP,1,0,1,1,16,1,0,No,0,0,0,0,0,0,Two year,0,Mailed check,19.7,301.55,0,18.85,0,0.025634738,Low
4822-LPTYJ,0,0,0,0,6,1,0,DSL,0,0,0,1,0,0,Month-to-month,1,Credit card (automatic),49.5,312.7,0,52.12,1,0.47634932,Medium
8165-CBKXO,1,0,1,1,69,0,0,DSL,1,0,1,0,0,1,Two year,1,Credit card (automatic),43.95,2960.1,0,42.9,3,0.027228974,Low
6527-PZFPV,1,0,1,0,64,1,1,Fiber optic,0,1,1,1,1,1,Month-to-month,1,Electronic check,111.15,6953.4,0,108.65,5,0.63169646,High
9593-CVZKR,0,0,0,0,25,1,0,No,0,0,0,0,0,0,Month-to-month,0,Mailed check,20.6,541.5,0,21.66,0,0.14196815,Low
8595-SIZNC,1,0,0,0,6,1,0,No,0,0,0,0,0,0,Two year,0,Credit card (automatic),19.65,116.85,0,19.47,0,0.07944695,Low
5236-XMZJY,0,0,1,0,66,1,1,Fiber optic,1,1,1,1,1,1,One year,0,Bank transfer (automatic),115.8,7942.15,0,120.34,6,0.5103946,Medium
4827-DPADN,1,0,0,0,61,1,1,DSL,0,1,1,1,1,1,Two year,0,Credit card (automatic),88.65,5321.25,0,87.23,5,0.047861736,Low
2694-CIUMO,1,1,1,0,43,1,1,Fiber optic,1,1,0,0,1,0,Month-to-month,1,Electronic check,94.5,4156.8,0,96.67,3,0.72039646,High
5846-ABOBJ,1,0,0,0,12,1,0,No,0,0,0,0,0,0,Month-to-month,0,Mailed check,20.1,223.6,0,18.63,0,0.15767376,Low
1439-LCGVL,0,1,0,0,23,0,0,DSL,0,0,0,0,0,1,Month-to-month,1,Bank transfer (automatic),34.65,768.45,0,33.41,1,0.6001439,High
0909-SDHNU,0,1,1,0,71,0,0,DSL,0,1,1,0,1,1,Month-to-month,1,Bank transfer (automatic),52.3,3765.05,0,53.03,4,0.35359463,Medium
4647-XXZAM,1,0,0,0,34,1,1,DSL,0,0,0,1,1,0,Month-to-month,0,Mailed check,65.0,2157.5,0,63.46,2,0.27537292,Low
7740-KKCXF,1,0,1,0,41,0,0,DSL,0,1,0,1,0,0,One year,0,Mailed check,35.45,1391.65,0,33.94,2,0.2053662,Low
5360-XGYAZ,1,0,1,1,72,1,0,No,0,0,0,0,0,0,Two year,0,Credit card (automatic),19.7,1379.8,0,19.16,0,0.007501718,Low
3557-HTYWR,0,1,0,0,14,1,1,Fiber optic,0,0,0,0,1,1,Month-to-month,1,Electronic check,95.6,1273.3,0,90.95,2,0.8934889,High
8920-NAVAY,1,0,0,0,41,1,0,No,0,0,0,0,0,0,Two year,1,Mailed check,19.85,810.45,0,19.77,0,0.0581352,Low
1699-TLDLZ,1,0,1,1,23,1,1,Fiber optic,1,0,0,0,0,0,One year,0,Credit card (automatic),81.85,1810.85,0,78.73,1,0.039562237,Low
5600-PDUJF,0,0,1,1,71,1,0,Fiber optic,1,1,1,1,1,1,Two year,0,Credit card (automatic),109.3,7782.85,0,109.62,6,0.028204938,Low
0567-XRHCU,0,0,1,0,72,1,1,No,0,0,0,0,0,0,Two year,0,Mailed check,25.4,1797.1,0,24.96,0,0.022147043,Low
2067-QYTCF,0,0,1,1,6,1,0,Fiber optic,0,0,0,0,0,0,Month-to-month,1,Electronic check,69.8,377.85,0,62.98,0,0.49140605,Medium
7407-SUJIZ,0,0,1,1,23,1,0,No,0,0,0,0,0,0,One year,1,Credit card (automatic),20.0,445.3,0,19.36,0,0.024145445,Low
9150-KPBJQ,1,0,0,0,72,1,0,Fiber optic,1,1,1,1,1,1,Two year,1,Electronic check,109.9,7624.2,0,105.89,6,0.15577795,Low
0052-DCKON,1,0,1,0,7,1,0,DSL,1,0,0,0,0,0,Month-to-month,1,Bank transfer (automatic),50.3,355.1,0,50.73,1,0.51199025,Medium
3654-ARMGP,0,0,1,1,9,1,0,Fiber optic,0,1,0,1,1,1,Month-to-month,1,Electronic check,101.5,906.85,0,100.76,4,0.556627,Medium
9699-UBQFS,1,0,0,0,12,1,1,Fiber optic,0,1,0,0,0,1,Month-to-month,1,Electronic check,89.15,1057.55,0,88.13,2,0.8612312,High
9367-TCUYN,1,0,0,0,1,1,0,No,0,0,0,0,0,0,Month-to-month,1,Mailed check,19.4,19.4,0,19.4,0,0.67880505,High
1261-FWTTE,1,1,1,1,48,0,0,DSL,0,1,0,0,0,0,One year,0,Bank transfer (automatic),29.9,1388.75,0,28.93,1,0.05264022,Low
3528-HFRIQ,0,0,0,0,20,1,0,Fiber optic,0,0,0,0,1,0,Month-to-month,0,Electronic check,78.8,1641.3,0,82.06,1,0.6578889,High
0708-SJDIS,1,0,0,0,10,1,0,No,0,0,0,0,0,0,One year,1,Mailed check,19.3,185.2,0,18.52,0,0.11525911,Low
2073-QBVBI,0,0,1,1,20,1,1,Fiber optic,0,1,0,1,1,0,Month-to-month,0,Mailed check,96.8,1826.7,0,91.34,3,0.19564939,Low
6928-ONTRW,0,0,1,0,20,1,0,No,0,0,0,0,0,0,One year,0,Mailed check,20.65,417.5,0,20.88,0,0.07389746,Low
3320-VEOYC,0,0,1,1,19,1,0,No,0,0,0,0,0,0,One year,0,Mailed check,19.8,344.5,0,18.13,0,0.02545428,Low
5231-FIQPA,0,0,1,0,22,1,0,Fiber optic,1,1,0,1,1,1,Month-to-month,1,Electronic check,104.6,2180.55,0,99.12,5,0.74625915,High
6617-WLBQC,1,0,0,0,35,1,1,Fiber optic,0,0,0,1,0,0,Month-to-month,0,Credit card (automatic),80.05,2835.9,0,81.03,1,0.5154077,Medium
2599-CIPQE,1,0,0,0,1,1,0,DSL,0,0,0,0,0,0,Month-to-month,0,Mailed check,45.15,45.15,0,45.15,0,0.74661726,High
8774-GSBUN,0,0,0,0,39,1,1,Fiber optic,0,0,0,0,0,0,Month-to-month,1,Credit card (automatic),73.15,2730.85,0,70.02,0,0.65004206,High
7326-RIGQZ,1,1,1,0,54,1,0,Fiber optic,0,0,1,1,1,1,One year,1,Electronic check,99.1,5437.1,0,100.69,4,0.55576414,Medium
1401-FTHFQ,0,0,0,0,56,1,1,Fiber optic,1,0,0,1,1,1,Month-to-month,1,Mailed check,105.35,5794.45,0,103.47,4,0.60521,High
0254-FNMCI,0,0,0,1,18,1,0,DSL,0,0,0,0,0,0,Month-to-month,1,Credit card (automatic),45.65,747.2,0,41.51,0,0.18180482,Low
1848-LBZHY,1,0,1,1,16,1,1,Fiber optic,0,1,0,0,0,0,Month-to-month,1,Credit card (automatic),79.95,1267.95,0,79.25,1,0.30574542,Medium
8118-TJAFG,1,0,0,0,68,1,0,DSL,1,0,1,0,0,0,One year,1,Credit card (automatic),54.45,3674.95,0,54.04,2,0.10638858,Low
5429-LWCMV,1,1,1,0,53,1,1,No,0,0,0,0,0,0,Two year,0,Credit card (automatic),25.1,1275.6,0,24.07,0,0.057342477,Low
7298-IZWLY,1,0,1,1,72,1,1,DSL,1,0,1,1,1,1,Two year,0,Credit card (automatic),84.7,5893.9,0,81.86,5,0.00870226,Low
9758-MFWGD,0,0,0,0,9,1,1,Fiber optic,0,0,0,0,0,0,Month-to-month,1,Electronic check,75.85,724.65,0,80.52,0,0.8514553,High
3955-JBZZM,1,0,0,0,30,1,0,DSL,1,0,0,0,0,0,Month-to-month,1,Mailed check,48.8,1536.75,0,51.22,1,0.28218225,Low
4815-TUMEQ,1,0,0,0,18,0,0,DSL,0,0,1,1,0,0,Month-to-month,1,Electronic check,35.2,607.3,0,33.74,2,0.5809049,Medium
9909-IDLEK,1,1,1,1,55,1,1,DSL,1,0,1,1,1,0,One year,0,Electronic check,76.25,4154.55,0,75.54,4,0.03197671,Low
4092-OFQZS,0,1,0,0,33,1,1,No,0,0,0,0,0,0,One year,1,Bank transfer (automatic),24.9,847.8,0,25.69,0,0.13961764,Low
1561-BWHIN,0,0,1,0,44,0,0,DSL,0,1,1,0,1,1,Two year,0,Bank transfer (automatic),54.3,2390.45,0,54.33,4,0.17382702,Low
9927-DSWDF,1,0,1,1,30,1,0,DSL,1,0,0,1,0,1,Month-to-month,0,Bank transfer (automatic),66.3,1923.5,0,64.12,3,0.08004383,Low
9500-LTVBP,1,0,1,0,71,1,0,No,0,0,0,0,0,0,Two year,1,Bank transfer (automatic),20.9,1493.2,0,21.03,0,0.027182247,Low
7252-NTGSS,0,0,1,0,1,1,0,Fiber optic,0,0,1,0,0,0,Month-to-month,0,Credit card (automatic),75.35,75.35,0,75.35,1,0.8647189,High
8149-AIQCG,0,1,1,0,23,1,1,Fiber optic,0,1,1,0,1,1,Month-to-month,1,Electronic check,104.45,2184.85,0,94.99,4,0.85222644,High
1360-JYXKQ,1,0,0,1,22,0,0,DSL,0,0,1,0,1,1,One year,1,Credit card (automatic),49.45,1031.4,0,46.88,3,0.14142528,Low
0899-WZRSD,1,0,0,1,49,1,0,No,0,0,0,0,0,0,One year,0,Credit card (automatic),19.45,921.3,0,18.8,0,0.02093921,Low
3255-GRXMG,1,0,1,1,42,1,0,Fiber optic,0,0,1,0,1,1,Month-to-month,1,Electronic check,92.15,3875.4,0,92.27,3,0.12259275,Low
4828-FAZPK,1,0,1,1,7,1,0,No,0,0,0,0,0,0,Two year,0,Mailed check,19.85,144.15,0,20.59,0,0.04256173,Low
6094-ZIVKX,1,0,1,1,67,1,1,Fiber optic,1,0,1,1,0,1,One year,1,Bank transfer (automatic),100.25,6689.0,0,99.84,4,0.046346962,Low
6925-BAYGL,0,0,0,0,15,1,1,Fiber optic,0,1,0,1,0,1,Month-to-month,0,Electronic check,95.7,1451.1,0,96.74,3,0.698302,High
3262-EIDHV,0,0,1,0,67,1,1,Fiber optic,0,1,1,0,0,1,Two year,1,Electronic check,93.15,6368.2,0,95.05,3,0.23756257,Low
7354-OIJLX,0,0,1,1,53,1,0,DSL,1,1,0,1,1,0,Two year,1,Mailed check,69.7,3729.6,0,70.37,4,0.013047584,Low
1376-HHBDV,0,0,1,1,21,1,0,No,0,0,0,0,0,0,One year,0,Mailed check,19.8,350.1,0,16.67,0,0.022650603,Low
6133-OZILE,1,0,1,1,40,1,0,DSL,1,1,0,1,0,1,Month-to-month,1,Mailed check,71.35,2847.2,0,71.18,4,0.105524056,Low
4135-FRWKJ,1,0,1,1,22,1,0,No,0,0,0,0,0,0,One year,0,Bank transfer (automatic),20.75,452.35,0,20.56,0,0.024733258,Low
6551-ZCOTS,0,0,0,0,39,0,0,DSL,0,0,0,1,0,1,Month-to-month,1,Electronic check,40.6,1494.5,0,38.32,2,0.5419603,Medium
7191-ADRGF,1,0,1,0,2,1,0,No,0,0,0,0,0,0,Month-to-month,0,Mailed check,20.35,41.85,0,20.92,0,0.38576895,Medium
5018-LXQQG,1,0,1,1,57,1,0,No,0,0,0,0,0,0,Two year,0,Bank transfer (automatic),19.75,1272.05,0,22.32,0,0.0134990625,Low
6892-BOGQE,0,0,1,1,8,1,0,DSL,0,0,0,0,1,0,Month-to-month,1,Electronic check,54.4,475.1,0,59.39,1,0.380738,Medium
1746-TGTWV,1,0,1,1,7,1,0,No,0,0,0,0,0,0,Month-to-month,0,Mailed check,20.45,150.75,0,21.54,0,0.12752162,Low
5995-SNNEW,0,0,0,0,49,1,1,DSL,0,0,0,1,1,0,Two year,1,Bank transfer (automatic),66.15,3199.0,0,65.29,2,0.10944823,Low
8050-WYBND,1,0,0,0,65,1,1,Fiber optic,1,1,0,1,0,0,One year,1,Electronic check,89.85,5844.65,0,89.92,3,0.2364537,Low
2821-WARNZ,1,0,0,0,55,1,0,DSL,0,0,0,0,0,0,One year,0,Bank transfer (automatic),45.05,2462.6,0,44.77,0,0.12759537,Low
4879-GZLFH,0,0,1,1,71,1,1,DSL,1,1,1,1,1,1,Two year,0,Bank transfer (automatic),86.85,6263.8,0,88.22,6,0.00909905,Low
8314-HTWVE,0,0,0,0,35,1,1,Fiber optic,1,1,1,1,0,0,Month-to-month,1,Mailed check,96.75,3403.4,0,97.24,4,0.42003483,Medium
9402-ROUMJ,0,0,0,0,17,1,1,Fiber optic,1,1,1,1,1,0,Month-to-month,1,Bank transfer (automatic),106.65,1672.1,0,98.36,5,0.7025533,High
2507-QZPQS,1,0,1,0,72,1,1,Fiber optic,1,0,1,1,1,1,Two year,1,Credit card (automatic),110.15,7881.2,0,109.46,5,0.102221034,Low
7159-NOKYQ,1,0,1,1,28,1,0,Fiber optic,1,0,0,0,0,1,One year,1,Bank transfer (automatic),82.85,2320.8,0,82.89,2,0.058605574,Low
5707-ZMDJP,1,0,1,0,18,1,0,No,0,0,0,0,0,0,Two year,0,Mailed check,20.1,370.5,0,20.58,0,0.048060216,Low
8779-YIQQA,1,0,0,0,52,1,0,DSL,0,0,1,0,0,1,Month-to-month,1,Electronic check,59.45,3043.7,0,58.53,2,0.51989424,Medium
7136-IHZJA,1,0,1,0,47,1,0,DSL,0,1,0,0,1,0,Month-to-month,1,Bank transfer (automatic),58.6,2723.4,0,57.94,2,0.4654501,Medium
8966-OIQHG,1,0,0,0,23,1,0,DSL,0,0,1,0,0,0,Month-to-month,0,Credit card (automatic),49.7,1081.25,0,47.01,1,0.32363483,Medium
7074-STDCN,0,0,1,1,66,1,0,DSL,1,1,1,1,0,0,Two year,0,Mailed check,65.85,4097.05,0,62.08,4,0.01096166,Low
8739-QOTTN,1,0,0,0,8,1,1,Fiber optic,0,0,0,0,0,0,Month-to-month,1,Electronic check,73.5,632.2,0,79.03,0,0.84610415,High
1399-OUPJN,1,0,1,1,71,1,1,Fiber optic,1,1,1,1,1,1,Two year,0,Credit card (automatic),113.65,8166.8,0,115.03,6,0.018017491,Low
0277-BKSQP,1,1,0,0,50,1,1,Fiber optic,1,1,0,0,0,0,Month-to-month,1,Electronic check,83.4,4113.7,0,82.27,2,0.5907845,Medium
5774-XZTQC,0,0,1,0,46,1,0,DSL,1,1,1,1,0,0,Two year,0,Mailed check,65.65,3047.15,0,66.24,4,0.061187074,Low
2676-SSLTO,1,0,0,0,66,0,0,DSL,1,0,1,1,1,1,Two year,1,Bank transfer (automatic),61.35,4193.4,0,63.54,5,0.055896297,Low
6266-QHOJZ,1,0,1,0,42,1,1,Fiber optic,0,0,1,1,0,0,Month-to-month,1,Credit card (automatic),85.9,3729.75,0,88.8,2,0.5297356,Medium
7269-JISCY,1,0,0,0,5,1,0,Fiber optic,0,0,0,1,0,0,Month-to-month,1,Mailed check,75.65,399.45,0,79.89,1,0.74934745,High
0363-SVHYR,0,0,0,0,29,1,1,DSL,0,1,1,0,0,1,One year,0,Credit card (automatic),70.9,1964.6,0,67.74,3,0.1636596,Low
8547-NSBBO,1,0,1,1,27,1,0,DSL,0,1,0,0,0,0,Month-to-month,0,Mailed check,49.85,1336.15,0,49.49,1,0.07811579,Low
6591-QGOYB,1,0,1,1,25,1,0,No,0,0,0,0,0,0,Two year,0,Mailed check,20.1,486.05,0,19.44,0,0.017005656,Low
9070-BCKQP,0,0,1,0,57,1,1,Fiber optic,1,1,1,1,1,0,Month-to-month,1,Electronic check,103.05,5925.75,0,103.96,5,0.6649108,High
6421-SZVEM,1,1,1,0,47,1,1,Fiber optic,0,0,1,0,1,1,Month-to-month,0,Electronic check,99.7,4747.2,0,101.0,3,0.7952678,High
1328-EUZHC,1,0,0,0,13,1,0,Fiber optic,0,0,0,0,1,0,Month-to-month,1,Mailed check,81.9,1028.9,0,79.15,1,0.75535345,High
8878-RYUKI,0,0,1,1,71,1,1,DSL,1,0,0,0,1,0,One year,1,Electronic check,66.2,4692.55,0,66.09,2,0.025951445,Low
9633-DENPU,1,0,0,0,1,1,0,No,0,0,0,0,0,0,Month-to-month,0,Electronic check,19.75,19.75,0,19.75,0,0.6979531,High
7811-JIVPF,0,1,0,0,2,1,1,Fiber optic,0,0,0,0,0,0,Month-to-month,1,Mailed check,72.6,154.3,0,77.15,0,0.87693375,High
7113-HIPFI,0,1,0,0,55,1,1,Fiber optic,1,1,1,1,1,1,Month-to-month,1,Electronic check,116.5,6382.55,0,116.05,6,0.6631149,High
8541-QVFKM,0,1,0,0,71,1,1,Fiber optic,0,1,0,1,1,1,Two year,1,Electronic check,106.8,7623.2,0,107.37,4,0.42364293,Medium
9258-CNWAC,0,0,1,1,50,1,1,No,0,0,0,0,0,0,Two year,0,Mailed check,24.95,1261.45,0,25.23,0,0.014484515,Low
5371-VYLSX,0,0,0,0,1,1,0,Fiber optic,0,0,0,0,1,1,Month-to-month,1,Electronic check,89.25,89.25,0,89.25,2,0.9431709,High
6374-AFWOX,0,0,0,0,5,1,0,No,0,0,0,0,0,0,Month-to-month,1,Mailed check,19.25,86.05,0,17.21,0,0.32230708,Medium
5317-FLPJF,1,0,0,0,66,1,1,Fiber optic,1,1,1,1,1,0,One year,1,Bank transfer (automatic),104.55,6779.05,0,102.71,5,0.3527014,Medium
7621-VPNET,1,0,1,1,49,1,0,DSL,1,1,1,1,1,1,One year,1,Mailed check,87.2,4345.0,0,88.67,6,0.03130697,Low
6034-YMTOB,1,1,1,0,3,0,0,DSL,0,1,0,0,0,0,Month-to-month,1,Electronic check,30.75,82.85,0,27.62,1,0.8750118,High
4903-CNOZC,0,0,1,1,66,1,1,No,0,0,0,0,0,0,One year,1,Credit card (automatic),25.7,1714.55,0,25.98,0,0.021068498,Low
4353-HYOJD,0,0,0,1,11,1,1,Fiber optic,0,0,0,0,0,1,Month-to-month,0,Electronic check,86.2,893.2,0,81.2,1,0.5377412,Medium
7267-FRMJW,0,0,0,0,28,0,0,DSL,0,0,0,1,0,0,Month-to-month,1,Credit card (automatic),30.1,810.85,0,28.96,1,0.38225818,Medium
4188-FRABG,0,0,1,0,65,1,1,Fiber optic,1,1,1,0,1,0,Two year,1,Electronic check,99.35,6347.55,0,97.65,4,0.26633778,Low
4128-ETESU,1,0,0,0,62,1,0,No,0,0,0,0,0,0,Two year,1,Credit card (automatic),19.2,1123.65,0,18.12,0,0.031675335,Low
0620-DLSLK,1,0,1,0,2,1,0,No,0,0,0,0,0,0,Month-to-month,0,Bank transfer (automatic),20.1,43.15,0,21.58,0,0.3963998,Medium
3850-OKINF,1,0,0,0,2,1,0,No,0,0,0,0,0,0,Month-to-month,0,Credit card (automatic),20.35,35.1,0,17.55,0,0.29745722,Low
1156-ZFYDO,1,0,1,1,55,1,1,No,0,0,0,0,0,0,Two year,1,Credit card (automatic),25.65,1388.0,0,25.24,0,0.013896562,Low
3295-YVUSR,0,1,1,0,41,1,0,Fiber optic,0,1,0,0,1,1,Month-to-month,1,Electronic check,94.55,3851.45,0,93.94,3,0.74952567,High
8016-NCFVO,1,0,0,0,30,1,0,Fiber optic,0,0,0,1,1,1,One year,1,Bank transfer (automatic),94.4,2638.1,0,87.94,3,0.42546454,Medium
4119-ZYPZY,0,0,0,0,17,1,0,DSL,1,1,0,0,0,0,One year,0,Mailed check,56.1,946.95,0,55.7,2,0.12714075,Low
5549-ZGHFB,1,0,1,1,16,1,0,DSL,1,1,0,1,0,1,Two year,0,Bank transfer (automatic),68.25,1114.85,0,69.68,4,0.042212207,Low
7577-SWIFR,0,0,0,0,72,1,1,No,0,0,0,0,0,0,Two year,0,Bank transfer (automatic),24.75,1777.6,0,24.69,0,0.021386866,Low
0303-WMMRN,0,0,0,0,9,1,1,Fiber optic,0,0,0,0,0,0,Month-to-month,1,Electronic check,76.25,684.85,0,76.09,0,0.84265643,High
6408-OTUBZ,1,0,0,0,1,1,0,Fiber optic,0,1,0,0,0,0,Month-to-month,0,Electronic check,74.35,74.35,0,74.35,1,0.87114316,High
5204-HMGYF,0,0,0,1,23,1,0,DSL,0,1,0,1,0,0,Month-to-month,0,Electronic check,54.15,1312.45,0,57.06,2,0.13611141,Low
1078-TDCRN,0,0,0,1,8,1,0,No,0,0,0,0,0,0,Month-to-month,0,Bank transfer (automatic),19.45,159.2,0,19.9,0,0.16351673,Low
3727-OVPRY,0,0,1,1,19,0,0,DSL,1,1,0,0,0,0,Month-to-month,1,Mailed check,34.95,610.2,0,32.12,2,0.18282638,Low
3797-FKOGQ,1,0,0,0,7,1,1,DSL,1,0,0,0,0,0,Month-to-month,1,Electronic check,53.65,404.35,0,57.76,1,0.59818584,Medium
7622-NXQZR,0,0,0,0,61,1,1,Fiber optic,1,0,1,0,1,1,One year,0,Electronic check,104.0,6363.45,0,104.32,4,0.4796989,Medium
6196-HBOBZ,1,0,1,0,57,1,0,DSL,1,1,0,1,1,0,Two year,1,Credit card (automatic),70.35,4124.65,0,72.36,4,0.056975476,Low
3970-XGJDU,0,0,0,1,15,1,0,DSL,1,0,1,0,0,1,One year,0,Mailed check,64.85,950.75,0,63.38,3,0.08305198,Low
7017-VFULY,1,0,0,0,1,1,0,No,0,0,0,0,0,0,Month-to-month,0,Mailed check,19.65,19.65,0,19.65,0,0.5932324,Medium
5562-YJQGT,1,0,1,0,12,1,0,DSL,0,0,0,0,0,0,Month-to-month,0,Bank transfer (automatic),45.9,505.95,0,42.16,0,0.47026184,Medium
8807-OPMBM,0,0,0,0,54,1,0,No,0,0,0,0,0,0,Two year,0,Mailed check,20.0,1149.65,0,21.29,0,0.03413853,Low
5439-WIKXB,0,0,1,1,4,1,0,DSL,0,0,0,0,0,0,Month-to-month,0,Electronic check,44.8,169.65,0,42.41,0,0.5015273,Medium
8294-UIMBA,1,0,1,0,20,1,0,No,0,0,0,0,0,0,One year,0,Mailed check,20.35,393.15,0,19.66,0,0.07671934,Low
8109-YUOHE,1,0,0,1,26,0,0,DSL,1,0,0,1,0,1,Month-to-month,0,Mailed check,45.8,1147.0,0,44.12,3,0.14270128,Low
5840-NVDCG,1,0,1,0,53,1,1,Fiber optic,0,1,1,1,1,1,One year,1,Bank transfer (automatic),108.95,5718.2,0,107.89,5,0.6084787,High
8092-NLTGF,1,0,0,0,68,0,0,DSL,1,1,1,1,1,1,Two year,0,Credit card (automatic),64.35,4539.6,0,66.76,6,0.05093849,Low
5928-QLDHB,0,0,1,1,72,1,1,DSL,1,1,1,1,1,1,Two year,1,Credit card (automatic),90.8,6397.6,0,88.86,6,0.007216515,Low
9840-EFJQB,0,0,0,0,12,1,1,No,0,0,0,0,0,0,One year,0,Credit card (automatic),24.95,280.4,0,23.37,0,0.10357966,Low
0696-UKTOX,1,0,1,0,68,1,1,Fiber optic,1,1,0,0,0,0,Two year,1,Bank transfer (automatic),84.7,5711.05,0,83.99,2,0.099867165,Low
4801-KFYKL,1,0,0,1,50,1,0,DSL,1,0,1,1,1,0,One year,1,Credit card (automatic),70.8,3478.15,0,69.56,4,0.03735311,Low
3472-OAOOR,1,1,0,0,41,1,1,Fiber optic,0,1,1,0,1,1,Month-to-month,1,Electronic check,104.4,4133.95,0,100.83,4,0.80535185,High
6135-OZQVA,0,1,1,0,30,1,1,Fiber optic,0,0,0,1,1,1,Month-to-month,1,Electronic check,101.5,2917.65,0,97.26,3,0.8038215,High
2252-JHJGE,0,0,0,0,1,1,1,DSL,0,1,0,0,0,0,Month-to-month,0,Electronic check,54.3,54.3,0,54.3,1,0.7771584,High
4188-PCPIG,0,1,1,1,29,1,1,Fiber optic,0,0,1,0,1,1,Month-to-month,1,Electronic check,103.95,2964.8,0,102.23,3,0.34034106,Medium
7105-BENQF,1,0,1,1,23,1,1,DSL,1,1,1,1,1,1,Two year,1,Credit card (automatic),91.1,2198.3,0,95.58,6,0.023649504,Low
7721-DVEKZ,0,0,0,1,60,1,0,No,0,0,0,0,0,0,Two year,0,Mailed check,19.95,1189.9,0,19.83,0,0.011313722,Low
3566-VVORZ,1,0,1,0,72,1,1,No,0,0,0,0,0,0,Two year,0,Credit card (automatic),26.45,1914.5,0,26.59,0,0.02686554,Low
9507-HSMMZ,0,0,0,0,72,1,0,DSL,1,1,1,1,1,0,Two year,1,Bank transfer (automatic),75.1,5336.35,0,74.12,5,0.02545672,Low
2480-SQIOB,1,1,0,0,66,1,1,Fiber optic,0,1,1,0,1,1,One year,0,Bank transfer (automatic),108.1,7238.6,0,109.68,4,0.4114507,Medium
7813-TKCVO,1,0,1,0,72,1,1,Fiber optic,0,1,1,1,1,1,Two year,1,Electronic check,110.15,7998.8,0,111.09,5,0.141254,Low
0128-MKWSG,1,0,0,0,51,1,1,Fiber optic,0,1,1,1,1,1,One year,1,Electronic check,111.5,5703.25,0,111.83,5,0.6049802,High
4350-ZTLPI,1,0,1,1,70,1,1,Fiber optic,0,1,1,0,1,1,One year,1,Electronic check,106.5,7397.0,0,105.67,4,0.093002886,Low
0361-HJRDX,0,0,0,0,9,1,0,No,0,0,0,0,0,0,One year,1,Electronic check,19.9,164.6,0,18.29,0,0.15700758,Low
5727-MYATE,0,0,1,1,59,1,1,Fiber optic,1,1,0,1,1,1,Two year,1,Mailed check,111.1,6555.2,0,111.11,5,0.050663892,Low
3823-KYNQY,0,0,0,1,3,1,0,DSL,0,0,0,1,1,1,Month-to-month,0,Mailed check,70.7,225.65,0,75.22,3,0.45151743,Medium
7570-WELNY,0,1,1,0,38,0,0,DSL,0,0,0,0,0,0,Month-to-month,1,Electronic check,24.85,955.75,0,25.15,0,0.6465984,High
3021-VLNRJ,1,0,0,0,37,1,1,Fiber optic,1,1,1,0,0,0,Month-to-month,0,Bank transfer (automatic),91.2,3382.3,0,91.41,3,0.36233047,Medium
2080-CAZNM,0,0,0,0,37,1,0,DSL,1,1,1,1,0,0,Two year,0,Bank transfer (automatic),65.6,2313.8,0,62.54,4,0.053961035,Low
1028-FFNJK,1,0,1,1,14,1,0,DSL,1,1,0,1,0,0,Month-to-month,0,Bank transfer (automatic),59.45,780.85,0,55.78,3,0.16047494,Low
6907-FLBER,0,0,1,0,72,1,1,Fiber optic,1,1,0,1,1,1,Two year,1,Credit card (automatic),109.95,7852.4,0,109.06,5,0.144204,Low
3001-UNBTL,0,0,1,1,72,0,0,DSL,1,1,1,0,0,0,Two year,0,Credit card (automatic),38.5,2763.0,0,38.38,3,0.016467735,Low
5982-PSMKW,1,1,1,0,17,1,1,Fiber optic,0,0,0,0,1,1,Month-to-month,1,Electronic check,92.55,1614.7,0,94.98,2,0.861873,High
3507-GASNP,1,0,0,0,10,1,1,No,0,0,0,0,0,0,Month-to-month,1,Mailed check,24.5,270.15,0,27.01,0,0.33231595,Medium
7096-ZNBZI,0,0,0,0,1,1,0,No,0,0,0,0,0,0,Month-to-month,0,Mailed check,20.6,20.6,0,20.6,0,0.54515857,Medium
1676-MQAOA,1,0,0,0,29,1,0,DSL,1,0,1,1,0,0,One year,0,Credit card (automatic),58.0,1734.5,0,59.81,3,0.09590813,Low
0786-IVLAW,1,1,1,1,65,1,1,Fiber optic,0,1,1,0,1,1,One year,1,Electronic check,107.45,7047.5,0,108.42,4,0.07465274,Low
7566-DSRLQ,1,0,0,0,8,1,1,DSL,1,1,1,0,0,0,Month-to-month,1,Bank transfer (automatic),65.5,573.15,0,71.64,3,0.43283516,Medium
7245-JMTTQ,0,0,1,0,61,1,1,No,0,0,0,0,0,0,Two year,0,Bank transfer (automatic),25.45,1538.6,0,25.22,0,0.037686974,Low
6050-IJRHS,1,1,0,0,45,1,1,Fiber optic,0,0,1,0,1,1,One year,1,Bank transfer (automatic),100.15,4459.8,0,99.11,3,0.5524667,Medium
6202-JVYEU,0,0,1,1,72,1,1,Fiber optic,0,1,1,0,1,1,One year,1,Credit card (automatic),104.45,7459.0,0,103.6,4,0.041455943,Low
8591-TKMZH,0,0,1,1,12,1,0,No,0,0,0,0,0,0,Month-to-month,1,Electronic check,21.15,306.05,0,25.5,0,0.17938685,Low
0734-OXWBT,0,0,0,0,7,1,1,Fiber optic,0,0,0,0,1,1,Month-to-month,0,Electronic check,96.2,639.7,0,91.39,2,0.87199414,High
4282-ACRXS,0,0,0,0,9,1,0,DSL,0,0,0,0,0,0,Month-to-month,1,Mailed check,44.4,348.15,0,38.68,0,0.48153293,Medium
0365-TRTPY,0,0,1,1,58,1,1,Fiber optic,0,0,1,1,0,1,Two year,0,Bank transfer (automatic),94.35,5563.65,0,95.92,3,0.033030108,Low
7349-ALMUX,0,0,1,1,2,1,0,No,0,0,0,0,0,0,Month-to-month,0,Mailed check,20.3,40.25,0,20.12,0,0.25280556,Low
6502-KUGLL,1,0,1,0,40,1,1,Fiber optic,1,0,1,0,1,1,One year,0,Bank transfer (automatic),105.75,4228.55,0,105.71,4,0.5289518,Medium
1841-YSJGV,0,0,0,0,9,1,1,Fiber optic,1,0,0,0,0,0,Month-to-month,1,Electronic check,81.15,784.45,0,87.16,1,0.8123249,High
3511-BFTJW,0,0,0,0,41,1,0,Fiber optic,0,1,0,1,1,0,One year,1,Electronic check,89.55,3729.75,0,90.97,3,0.3560707,Medium
7668-XCFYV,1,0,0,0,26,1,0,DSL,0,1,1,0,0,0,Month-to-month,1,Credit card (automatic),54.75,1406.9,0,54.11,2,0.33048192,Medium
5018-HEKFO,1,0,1,0,33,1,0,DSL,0,1,0,1,0,0,One year,1,Credit card (automatic),53.75,1857.3,0,56.28,2,0.18060075,Low
3976-NLDEZ,0,0,1,1,68,1,0,Fiber optic,0,1,1,1,1,1,One year,0,Credit card (automatic),105.75,7322.5,0,107.68,5,0.08683501,Low
2282-YGNOR,1,1,1,0,65,1,0,Fiber optic,0,1,1,1,1,1,Two year,1,Credit card (automatic),105.85,6725.5,0,103.47,5,0.21769218,Low
5336-UFNZP,0,0,0,0,55,1,0,DSL,0,1,0,1,0,1,One year,1,Electronic check,64.2,3627.3,0,65.95,3,0.2080624,Low
6854-EXGSF,0,0,0,0,19,1,0,Fiber optic,0,0,0,1,0,1,One year,1,Credit card (automatic),87.7,1725.95,0,90.84,2,0.35553584,Medium
1241-EZFMJ,1,0,0,0,45,1,1,Fiber optic,0,0,1,0,0,1,Month-to-month,1,Credit card (automatic),89.3,4192.15,0,93.16,2,0.611716,High
9233-PSYHO,1,0,1,1,70,1,0,No,0,0,0,0,0,0,Two year,1,Credit card (automatic),20.15,1411.2,0,20.16,0,0.009566093,Low
5376-PCKNB,1,0,1,0,12,1,0,No,0,0,0,0,0,0,Two year,1,Electronic check,20.05,264.55,0,22.05,0,0.11851032,Low
8044-BGWPI,0,0,0,1,72,0,0,DSL,1,1,1,1,1,1,Two year,0,Credit card (automatic),67.2,4671.7,0,64.88,6,0.013639773,Low
4060-LDNLU,0,0,0,0,12,1,1,Fiber optic,0,0,0,0,1,1,Month-to-month,0,Electronic check,94.55,1173.55,0,97.8,2,0.842509,High
3589-PPVKW,0,1,1,0,71,1,1,Fiber optic,1,1,1,0,1,1,Month-to-month,1,Electronic check,107.5,7713.55,0,108.64,5,0.65351,High
5887-IKKYO,0,1,0,0,35,1,0,DSL,0,0,1,1,1,1,One year,1,Electronic check,73.0,2471.25,0,70.61,4,0.32829842,Medium
1755-RMCXH,0,0,1,1,70,1,1,Fiber optic,1,1,1,1,1,1,Two year,0,Credit card (automatic),114.75,7842.3,0,112.03,6,0.040096845,Low
3858-XHYJO,1,0,0,0,31,1,1,Fiber optic,0,0,0,0,0,0,Month-to-month,1,Electronic check,76.05,2227.8,0,71.86,0,0.72276634,High
4299-SIMNS,0,1,1,0,30,1,1,Fiber optic,0,0,0,0,0,0,Month-to-month,0,Mailed check,77.9,2351.45,0,78.38,0,0.60481006,High
7025-IWFHT,1,0,0,0,33,1,1,Fiber optic,1,0,0,0,0,1,Month-to-month,1,Electronic check,90.65,2989.6,0,90.59,2,0.7026123,High
6261-LHRTG,0,1,1,0,54,1,1,Fiber optic,0,1,1,1,1,1,Two year,1,Electronic check,110.45,6077.75,0,112.55,5,0.51693463,Medium
7841-FCRQD,1,0,0,0,59,1,1,DSL,1,0,0,1,0,1,One year,0,Bank transfer (automatic),68.7,4070.95,0,69.0,3,0.10015712,Low
2056-EVGZL,0,1,0,0,55,0,0,DSL,1,1,0,0,1,0,Month-to-month,1,Electronic check,44.85,2479.05,0,45.07,3,0.5650754,Medium
8777-MBMTS,0,1,1,0,69,0,0,DSL,0,0,1,0,0,0,One year,1,Credit card (automatic),29.8,2134.3,0,30.93,1,0.22369547,Low
7753-USQYQ,1,0,0,0,66,1,1,Fiber optic,0,1,0,0,1,0,One year,1,Bank transfer (automatic),88.9,6000.1,0,90.91,2,0.27566528,Low
7661-CPURM,0,0,1,1,37,1,0,DSL,1,0,1,1,0,0,One year,1,Mailed check,58.75,2203.1,0,59.54,3,0.04533357,Low
6233-HXJMX,0,1,1,0,9,1,0,No,0,0,0,0,0,0,One year,0,Credit card (automatic),19.85,183.15,0,20.35,0,0.12143864,Low
5902-WBLSE,0,0,1,1,69,1,1,DSL,1,0,1,1,1,1,Two year,0,Bank transfer (automatic),86.9,6194.1,0,89.77,5,0.0150605645,Low
3239-TPHPZ,0,0,0,0,10,1,0,DSL,0,1,0,0,1,0,Month-to-month,1,Mailed check,59.65,638.95,0,63.9,2,0.48765868,Medium
5115-GZDEL,0,0,0,1,13,1,0,DSL,0,0,0,0,1,1,Month-to-month,0,Credit card (automatic),66.4,831.75,0,63.98,2,0.21533911,Low
3338-CVVEH,1,0,1,1,69,1,0,No,0,0,0,0,0,0,Two year,0,Bank transfer (automatic),20.15,1337.5,0,19.38,0,0.009456891,Low
2615-YVMYX,1,1,1,0,66,1,1,Fiber optic,0,1,1,1,1,1,One year,1,Credit card (automatic),108.1,7181.95,0,108.82,5,0.5185682,Medium
2851-STERV,0,0,1,1,46,1,0,DSL,1,0,1,1,0,0,One year,0,Mailed check,56.9,2560.1,0,55.65,3,0.035409644,Low
4393-GEADV,1,0,1,1,56,1,1,Fiber optic,1,0,1,1,1,1,Month-to-month,1,Mailed check,109.6,5953.0,0,106.3,5,0.1328214,Low
8486-AYEQH,0,0,1,1,70,1,1,No,0,0,0,0,0,0,Two year,0,Credit card (automatic),25.15,1790.15,0,25.57,0,0.010829773,Low
5419-JKZNQ,1,0,1,1,33,1,1,DSL,0,0,1,1,1,1,One year,1,Electronic check,79.15,2531.4,0,76.71,4,0.07452919,Low
2495-KZNFB,1,0,1,1,72,1,1,DSL,1,1,0,1,0,0,Two year,0,Credit card (automatic),66.75,4760.3,0,66.12,3,0.008731419,Low
1409-PHXTF,1,0,0,1,19,1,0,DSL,0,0,0,1,0,0,Month-to-month,0,Mailed check,48.8,953.65,0,50.19,1,0.14315072,Low
4560-WQAQW,1,0,1,0,71,1,0,DSL,0,1,1,1,1,1,Two year,1,Credit card (automatic),80.7,5705.05,0,80.35,5,0.040857274,Low
9591-YVTEB,0,0,0,0,1,1,0,No,0,0,0,0,0,0,Month-to-month,0,Credit card (automatic),20.55,20.55,0,20.55,0,0.52564,Medium
9309-BZGNT,1,0,0,0,61,1,1,Fiber optic,1,1,1,1,1,1,One year,1,Mailed check,115.1,6993.65,0,114.65,6,0.37302107,Medium
4274-DRSQT,1,0,1,1,71,0,0,DSL,1,1,0,1,1,1,Two year,0,Bank transfer (automatic),59.7,4122.65,0,58.07,5,0.01380582,Low
2027-DNKIV,1,0,1,0,68,1,1,Fiber optic,0,1,1,0,0,0,One year,0,Credit card (automatic),86.45,5762.95,0,84.75,2,0.23193386,Low
8075-GXIUB,0,0,0,0,46,0,0,DSL,0,0,1,1,0,0,One year,0,Credit card (automatic),33.7,1537.85,0,33.43,2,0.13427213,Low
2885-HIJDH,0,0,0,0,33,1,1,Fiber optic,1,0,0,0,0,0,One year,0,Bank transfer (automatic),80.1,2603.3,0,78.89,1,0.21385998,Low
5424-RLQLC,1,0,1,1,53,1,1,Fiber optic,1,1,1,1,0,1,Two year,1,Bank transfer (automatic),104.05,5566.4,0,105.03,5,0.041387472,Low
6507-DTJZV,1,1,1,0,50,1,1,Fiber optic,1,1,1,0,1,1,Month-to-month,0,Bank transfer (automatic),108.75,5431.9,0,108.64,5,0.6778159,High
7673-BQGKU,1,0,0,0,57,0,0,DSL,1,0,1,1,0,0,One year,1,Credit card (automatic),41.1,2258.25,0,39.62,3,0.16130544,Low
6723-WSNTY,1,0,1,1,54,1,0,No,0,0,0,0,0,0,Two year,1,Bank transfer (automatic),20.35,1092.35,0,20.23,0,0.01526722,Low
2725-IWWBA,1,1,1,0,60,1,1,Fiber optic,0,1,1,0,1,1,Month-to-month,1,Electronic check,105.9,6401.25,0,106.69,4,0.772632,High
1061-PNTHC,1,0,1,1,10,1,0,DSL,0,1,0,1,0,1,Month-to-month,1,Electronic check,65.5,616.9,0,61.69,3,0.24727114,Low
0394-YONDK,0,0,0,1,43,0,0,DSL,1,1,1,0,0,0,Month-to-month,1,Electronic check,40.45,1912.85,0,44.48,3,0.20318407,Low
6574-MCOEH,0,1,1,0,13,1,0,Fiber optic,0,0,0,0,0,0,Month-to-month,0,Bank transfer (automatic),70.45,849.1,0,65.32,0,0.7241504,High
7399-QHBJS,1,0,1,0,43,1,0,DSL,1,0,1,1,1,1,Two year,1,Electronic check,78.8,3460.3,0,80.47,5,0.101973265,Low
0997-YTLNY,0,0,1,1,1,1,0,Fiber optic,0,0,0,0,1,1,Month-to-month,1,Electronic check,90.1,90.1,0,90.1,2,0.77696425,High
9479-HYNYL,1,0,0,0,69,1,0,DSL,1,0,1,1,1,1,Two year,1,Credit card (automatic),82.45,5555.3,0,80.51,5,0.05193804,Low
9708-KFDBY,1,0,1,0,61,1,0,No,0,0,0,0,0,0,Two year,0,Credit card (automatic),20.25,1278.8,0,20.96,0,0.026065998,Low
3642-GKTCT,0,0,1,0,43,1,1,DSL,1,1,0,1,0,0,Month-to-month,0,Bank transfer (automatic),66.25,2907.35,0,67.61,3,0.27981314,Low
0774-RMNUW,0,0,1,0,56,1,0,Fiber optic,0,0,0,0,1,1,Month-to-month,0,Mailed check,89.7,4952.95,0,88.45,2,0.5567278,Medium
1334-PDUKM,1,0,1,0,70,0,0,DSL,1,1,1,1,1,1,Two year,0,Bank transfer (automatic),64.55,4504.9,0,64.36,6,0.06462634,Low
0756-MPZRL,0,0,1,1,49,1,1,Fiber optic,0,1,1,0,1,0,One year,1,Electronic check,93.65,4520.15,0,92.25,3,0.05389778,Low
2242-MFOTG,1,0,1,1,32,1,0,DSL,1,1,1,1,0,1,Two year,0,Mailed check,73.6,2316.85,0,72.4,5,0.024858091,Low
2927-CVULT,1,1,1,0,72,1,1,Fiber optic,1,0,1,1,1,1,Two year,1,Mailed check,109.75,8075.35,0,112.16,5,0.105463445,Low
2144-BFDSO,0,0,0,1,37,1,0,DSL,1,1,0,1,0,0,Two year,0,Credit card (automatic),61.45,2302.35,0,62.23,3,0.035592224,Low
8745-PVESG,1,0,1,0,69,1,0,Fiber optic,1,1,0,1,1,1,One year,1,Credit card (automatic),106.4,7251.9,0,105.1,5,0.45098713,Medium
7647-GYYKX,1,0,1,0,26,1,0,DSL,0,1,1,1,1,1,Month-to-month,0,Bank transfer (automatic),81.9,2078.55,0,79.94,5,0.3601068,Medium
5647-FXOTP,1,0,1,1,58,1,1,Fiber optic,0,1,1,0,1,1,One year,1,Credit card (automatic),105.2,6225.4,0,107.33,4,0.085573606,Low
9700-ISPUP,0,0,0,0,24,1,1,DSL,0,0,0,1,0,0,One year,0,Bank transfer (automatic),54.6,1242.25,0,51.76,1,0.13537611,Low
9839-ETQOE,0,0,1,1,5,1,0,No,0,0,0,0,0,0,One year,0,Electronic check,20.55,99.45,0,19.89,0,0.09461323,Low
6078-VESFR,1,0,1,1,30,1,0,No,0,0,0,0,0,0,Two year,0,Mailed check,19.7,599.25,0,19.98,0,0.019303685,Low
9027-TMATR,1,0,1,0,55,1,1,DSL,1,1,0,1,0,0,One year,1,Credit card (automatic),66.05,3462.1,0,62.95,3,0.12508777,Low
1941-HOSAM,0,0,1,1,44,0,0,DSL,1,1,1,1,0,1,Two year,1,Credit card (automatic),54.05,2375.2,0,53.98,5,0.03160469,Low
9110-HSGTV,1,0,0,0,47,1,0,DSL,1,1,0,1,0,0,One year,1,Mailed check,58.9,2813.05,0,59.85,3,0.16064598,Low
0704-VCUMB,1,0,1,0,64,1,0,Fiber optic,1,0,0,1,1,1,One year,1,Mailed check,96.9,6314.35,0,98.66,4,0.322854,Medium
6171-ZTVYB,0,0,0,0,1,1,0,No,0,0,0,0,0,0,Month-to-month,0,Mailed check,19.1,19.1,0,19.1,0,0.55662227,Medium
1935-IMVBB,0,0,0,0,20,1,0,DSL,0,0,0,1,0,0,Month-to-month,0,Mailed check,50.0,1003.05,0,50.15,1,0.27910444,Low
2535-PBCGC,1,0,1,0,37,0,0,DSL,1,0,0,1,1,0,Two year,0,Electronic check,45.4,1593.1,0,43.06,3,0.16551457,Low
1470-PSXNM,0,0,1,1,30,1,1,Fiber optic,0,0,0,0,1,0,Month-to-month,0,Electronic check,85.45,2509.95,0,83.66,1,0.19610657,Low
2498-XLDZR,1,0,0,0,38,1,1,DSL,1,1,1,0,1,1,One year,0,Bank transfer (automatic),84.1,3187.65,0,83.89,5,0.21733393,Low
9866-OCCKE,1,0,1,0,52,0,0,DSL,1,1,1,1,1,1,Two year,0,Credit card (automatic),66.25,3330.1,0,64.04,6,0.07073357,Low
5338-YHWYT,0,0,0,1,71,1,0,DSL,1,1,1,1,1,0,Two year,1,Credit card (automatic),76.9,5522.7,0,77.78,5,0.011854109,Low
7718-UPSKJ,0,0,0,0,66,1,1,DSL,1,1,1,0,0,1,Two year,1,Credit card (automatic),74.6,4798.4,0,72.7,4,0.0754647,Low
8731-WBBMB,0,0,1,0,72,1,1,Fiber optic,1,1,1,1,1,1,Two year,1,Credit card (automatic),116.95,8594.4,0,119.37,6,0.10263968,Low
1448-CYWKC,0,0,0,1,25,0,0,DSL,1,0,0,0,1,0,One year,1,Credit card (automatic),40.65,970.55,0,38.82,2,0.09905464,Low
7901-IIDQV,0,0,1,1,69,1,1,Fiber optic,1,1,1,1,1,1,Two year,1,Bank transfer (automatic),114.35,7665.8,0,111.1,6,0.047759384,Low
2690-DVRVK,0,0,1,1,53,1,1,DSL,1,1,0,0,0,1,Two year,0,Bank transfer (automatic),69.7,3686.05,0,69.55,3,0.018401984,Low
1270-XKUCC,0,0,0,0,26,1,0,Fiber optic,0,0,1,1,1,1,Month-to-month,1,Electronic check,98.65,2537.0,0,97.58,4,0.7460412,High
0334-ZFJSR,0,0,0,0,21,1,0,DSL,0,0,1,0,0,1,Month-to-month,0,Mailed check,61.65,1393.6,0,66.36,2,0.28706956,Low
5583-EJXRD,1,0,0,1,1,1,0,Fiber optic,0,0,0,0,1,1,Month-to-month,1,Electronic check,89.35,89.35,0,89.35,2,0.84123546,High
4565-EVZMJ,0,0,0,0,48,1,1,Fiber optic,1,0,0,1,0,1,Month-to-month,1,Electronic check,95.4,4445.3,0,92.61,3,0.57640827,Medium
3327-YBAKM,1,0,1,0,26,0,0,DSL,1,0,1,0,0,0,One year,0,Credit card (automatic),35.4,978.6,0,37.64,2,0.20294383,Low
9441-QHEVC,0,0,1,0,60,1,0,No,0,0,0,0,0,0,Two year,0,Mailed check,19.95,1258.15,0,20.97,0,0.027431557,Low
6705-LNMDD,0,0,0,0,18,1,0,No,0,0,0,0,0,0,Month-to-month,0,Mailed check,19.25,331.35,0,18.41,0,0.13827355,Low
2580-ASVVY,1,0,0,1,4,1,0,No,0,0,0,0,0,0,One year,1,Mailed check,20.4,84.75,0,21.19,0,0.09241238,Low
3370-GQEAL,0,0,1,1,65,1,1,No,0,0,0,0,0,0,Two year,0,Credit card (automatic),24.75,1715.1,0,26.39,0,0.011019504,Low
5032-USPKF,0,0,1,1,70,1,1,No,0,0,0,0,0,0,Two year,0,Mailed check,25.35,1715.15,0,24.5,0,0.010719567,Low
4254-QPEDE,0,0,0,1,62,1,0,No,0,0,0,0,0,0,Two year,0,Bank transfer (automatic),20.0,1250.1,0,20.16,0,0.010763228,Low
6283-GITPX,1,0,1,1,66,1,0,DSL,1,0,0,0,1,0,Two year,1,Electronic check,59.75,3996.8,0,60.56,2,0.021234302,Low
0771-CHWSK,1,0,1,1,65,1,1,DSL,1,1,0,1,1,1,Two year,1,Bank transfer (automatic),82.5,5215.1,0,80.23,5,0.011561942,Low
9788-HNGUT,1,0,0,0,34,1,0,No,0,0,0,0,0,0,Month-to-month,0,Mailed check,20.35,673.2,0,19.8,0,0.1477001,Low
9495-REDIY,0,0,1,1,16,1,1,Fiber optic,0,0,1,0,1,0,Month-to-month,1,Bank transfer (automatic),90.8,1442.2,0,90.14,2,0.3049524,Medium
5375-XLDOF,1,1,0,0,50,1,1,Fiber optic,0,0,1,1,1,1,Month-to-month,1,Electronic check,104.95,5222.35,0,104.45,4,0.7474568,High
1172-VIYBP,0,0,1,0,71,1,0,Fiber optic,0,1,1,1,1,1,Two year,1,Electronic check,105.25,7291.75,0,102.7,5,0.21373731,Low
6559-PDZLR,0,0,0,0,18,1,1,No,0,0,0,0,0,0,One year,0,Mailed check,23.75,424.5,0,23.58,0,0.07442768,Low
8992-OBVDG,0,0,0,0,4,1,0,DSL,0,0,0,1,1,0,Month-to-month,1,Electronic check,61.3,249.4,0,62.35,2,0.6890365,High
4273-MBHYA,1,0,1,1,58,1,1,DSL,1,0,1,1,1,0,Two year,0,Mailed check,75.8,4415.75,0,76.13,4,0.014297173,Low
4724-WXVWF,1,0,1,0,56,1,1,Fiber optic,1,0,0,0,1,1,One year,1,Electronic check,98.0,5270.6,0,94.12,3,0.5396466,Medium
5701-GUXDC,0,0,1,1,56,0,0,DSL,1,1,0,1,1,0,One year,1,Mailed check,52.0,2884.9,0,51.52,4,0.052197468,Low
1460-UZPRJ,1,0,0,0,4,1,1,DSL,0,0,0,1,1,0,Month-to-month,1,Mailed check,64.4,253.0,0,63.25,2,0.6143959,High
6082-GLJIX,0,0,0,0,10,1,0,DSL,0,0,0,0,0,0,Month-to-month,1,Credit card (automatic),45.8,436.2,0,43.62,0,0.4885279,Medium
2495-TTHBQ,0,0,0,0,4,0,0,DSL,0,0,0,1,0,0,Month-to-month,0,Electronic check,30.5,118.4,0,29.6,1,0.69711393,High
0485-ZBSLN,1,0,1,0,51,1,0,Fiber optic,0,0,0,0,0,0,Month-to-month,0,Mailed check,69.15,3649.6,0,71.56,0,0.41992086,Medium
3810-PJUHR,1,0,0,0,6,0,0,DSL,0,0,0,1,1,1,One year,1,Mailed check,49.25,255.6,0,42.6,3,0.38621974,Medium
0847-HGRML,0,0,1,1,63,0,0,DSL,0,1,1,1,0,0,Two year,0,Bank transfer (automatic),39.35,2395.05,0,38.02,3,0.019029645,Low
8232-CTLKO,1,0,1,0,48,1,1,Fiber optic,0,1,0,1,1,1,Month-to-month,1,Credit card (automatic),105.1,5083.55,0,105.91,4,0.7301695,High
9227-YBAXE,1,0,0,1,35,1,0,No,0,0,0,0,0,0,One year,1,Credit card (automatic),20.1,644.5,0,18.41,0,0.022323584,Low
9860-LISIZ,0,0,0,0,2,1,0,No,0,0,0,0,0,0,Month-to-month,0,Mailed check,19.75,39.3,0,19.65,0,0.4173128,Medium
0112-QAWRZ,1,0,0,0,50,1,0,No,0,0,0,0,0,0,One year,0,Bank transfer (automatic),19.75,989.05,0,19.78,0,0.08170959,Low
2786-GCDPI,1,0,0,0,33,1,0,Fiber optic,0,0,0,0,0,0,Month-to-month,1,Bank transfer (automatic),70.4,2406.1,0,72.91,0,0.57126033,Medium
4043-MKDTV,0,0,0,0,31,1,0,No,0,0,0,0,0,0,Two year,0,Mailed check,20.45,638.55,0,20.6,0,0.03425266,Low
9229-RQABD,1,0,1,1,9,1,0,No,0,0,0,0,0,0,Two year,0,Mailed check,20.35,191.1,0,21.23,0,0.030710476,Low
8313-KTIHG,1,0,1,1,54,1,1,DSL,0,1,1,1,1,1,Month-to-month,1,Electronic check,86.2,4524.05,0,83.78,5,0.08959529,Low
5320-BRKGK,1,0,0,0,46,1,0,Fiber optic,1,1,1,0,1,0,One year,1,Credit card (automatic),95.65,4664.2,0,101.4,4,0.327043,Medium
6284-KMNUF,0,0,0,1,34,1,1,Fiber optic,1,1,0,0,1,1,One year,1,Electronic check,103.8,3470.8,0,102.08,4,0.1535933,Low
6229-UOLQL,0,0,1,1,71,1,1,Fiber optic,1,0,0,0,1,1,Two year,1,Electronic check,97.2,6910.3,0,97.33,3,0.030087909,Low
3137-LUPIX,1,0,1,1,63,1,0,DSL,1,1,1,1,0,0,Two year,0,Mailed check,63.55,4014.2,0,63.72,4,0.009374333,Low
6143-JQKEA,1,0,0,0,51,1,1,No,0,0,0,0,0,0,Two year,0,Bank transfer (automatic),24.95,1288.0,0,25.25,0,0.045644213,Low
8676-OOQEJ,1,0,1,0,64,1,0,Fiber optic,1,0,1,0,1,1,Two year,1,Bank transfer (automatic),99.0,6375.8,0,99.62,4,0.2089218,Low
9701-CDXHR,0,1,1,0,61,1,1,Fiber optic,0,1,0,1,0,0,One year,1,Bank transfer (automatic),85.55,5251.75,0,86.09,2,0.2250028,Low
8124-NZVGJ,1,0,0,0,15,1,0,Fiber optic,0,0,1,0,1,1,Month-to-month,1,Credit card (automatic),94.0,1505.45,0,100.36,3,0.7932448,High
2162-FRZAA,1,0,0,0,18,1,1,DSL,0,0,0,0,0,0,Month-to-month,1,Electronic check,50.3,913.3,0,50.74,0,0.5727106,Medium
5118-MUEYH,1,0,1,1,57,1,0,Fiber optic,0,1,0,0,1,1,One year,1,Electronic check,95.0,5535.8,0,97.12,3,0.065476835,Low
5627-TVBPP,0,0,1,1,14,1,0,DSL,1,1,0,0,0,1,Two year,1,Bank transfer (automatic),61.4,815.55,0,58.25,3,0.05036504,Low
3936-QQFLL,0,1,0,0,18,1,1,Fiber optic,0,1,0,0,0,0,Month-to-month,1,Credit card (automatic),80.55,1411.65,0,78.43,1,0.6631058,High
2589-AYCRP,1,1,1,0,72,1,1,Fiber optic,1,0,0,0,0,0,Two year,0,Bank transfer (automatic),78.5,5602.25,0,77.81,1,0.05240298,Low
4067-HLYQI,0,0,1,0,70,1,1,Fiber optic,1,1,1,1,1,1,Two year,0,Credit card (automatic),114.3,8244.3,0,117.78,6,0.22242963,Low
5124-EOGYE,1,0,0,0,38,1,0,No,0,0,0,0,0,0,Two year,0,Mailed check,20.05,741.5,0,19.51,0,0.04044879,Low
5057-RKGLH,0,0,1,1,68,1,0,DSL,1,1,1,1,0,0,Two year,0,Credit card (automatic),62.65,4375.8,0,64.35,4,0.013162079,Low
0292-WEGCH,0,1,1,0,65,1,1,Fiber optic,1,1,0,0,1,0,Two year,1,Credit card (automatic),92.7,5968.4,0,91.82,3,0.14846282,Low
8910-ICHIU,1,0,0,0,30,1,1,Fiber optic,0,0,1,0,1,1,Month-to-month,0,Electronic check,100.45,3096.9,0,103.23,3,0.75226265,High
4097-YODCF,0,0,1,0,51,1,1,DSL,0,0,0,1,1,1,Two year,1,Bank transfer (automatic),75.2,3901.25,0,76.5,3,0.11117798,Low
9715-WZCLW,1,0,0,0,31,1,1,Fiber optic,1,0,1,0,0,0,Month-to-month,1,Credit card (automatic),84.75,2613.4,0,84.3,2,0.58360934,Medium
9786-YWNHU,1,0,1,1,72,1,1,DSL,1,1,1,1,0,1,Two year,1,Bank transfer (automatic),79.5,5661.7,0,78.63,5,0.006778664,Low
6407-GSJNL,1,0,0,0,37,1,0,No,0,0,0,0,0,0,One year,1,Electronic check,19.8,695.05,0,18.79,0,0.14594288,Low
4049-ZPALD,0,0,0,0,55,1,0,Fiber optic,1,1,0,0,1,1,One year,1,Mailed check,100.9,5552.05,0,100.95,4,0.44097355,Medium
3733-UOCWF,0,0,0,1,33,1,1,Fiber optic,1,0,1,0,0,1,Month-to-month,1,Bank transfer (automatic),95.3,3275.15,0,99.25,3,0.23804882,Low
6833-JMZYP,1,0,1,1,46,1,0,Fiber optic,0,0,1,1,0,1,One year,0,Bank transfer (automatic),90.95,4236.6,0,92.1,3,0.03282492,Low
1310-QRITU,1,0,0,1,1,1,0,DSL,1,0,0,1,0,0,Month-to-month,0,Electronic check,54.5,54.5,0,54.5,2,0.58987296,Medium
8961-QDZZJ,1,0,1,1,19,1,0,DSL,0,0,1,0,0,0,Month-to-month,1,Bank transfer (automatic),49.6,962.9,0,50.68,1,0.14016217,Low
9715-SBVSU,1,0,0,1,61,1,1,No,0,0,0,0,0,0,Two year,1,Credit card (automatic),25.0,1498.35,0,24.56,0,0.013033654,Low
8490-BXHEO,0,0,0,0,26,1,0,DSL,0,0,0,0,0,0,Month-to-month,0,Electronic check,45.45,1233.15,0,47.43,0,0.3941101,Medium
7173-TETGO,0,0,1,0,45,1,1,Fiber optic,0,1,1,0,1,1,Month-to-month,1,Bank transfer (automatic),107.75,4882.8,0,108.51,4,0.78794503,High
7929-SKFGK,0,0,1,1,62,1,1,Fiber optic,0,0,1,0,1,0,Two year,1,Credit card (automatic),89.1,5411.65,0,87.28,2,0.014683592,Low
2300-RQGOI,1,0,0,0,3,1,0,DSL,0,0,0,0,0,0,Month-to-month,0,Mailed check,44.75,148.05,0,49.35,0,0.63163835,High
3563-SVYLG,1,0,1,1,41,1,1,Fiber optic,1,1,1,0,0,1,One year,1,Bank transfer (automatic),101.6,3930.55,0,95.87,4,0.07233743,Low
6435-VWCCY,0,0,1,1,67,1,0,Fiber optic,0,1,1,1,1,1,Two year,0,Bank transfer (automatic),103.15,6895.5,0,102.92,5,0.036825713,Low
4998-IKFSE,1,0,1,0,71,1,1,Fiber optic,1,1,0,0,1,0,One year,0,Mailed check,95.65,6856.95,0,96.58,3,0.1512363,Low
8630-QSGXK,1,0,1,1,37,1,0,DSL,1,1,0,0,1,1,One year,0,Bank transfer (automatic),75.1,2658.8,0,71.86,4,0.053395472,Low
2455-USLMV,0,0,1,0,60,1,0,DSL,1,1,0,1,0,0,Two year,1,Mailed check,61.35,3766.2,0,62.77,3,0.037428834,Low
9488-FVZCC,1,0,0,0,6,1,0,No,0,0,0,0,0,0,Month-to-month,0,Credit card (automatic),19.7,129.55,0,21.59,0,0.25825298,Low
5995-WWKKG,1,0,1,1,11,1,0,DSL,1,0,0,0,0,0,Month-to-month,0,Bank transfer (automatic),51.0,581.7,0,52.88,1,0.17718728,Low
7879-CGSFV,1,0,1,1,10,1,0,Fiber optic,0,0,0,0,1,1,Month-to-month,1,Electronic check,88.85,929.45,0,92.94,2,0.5098567,Medium
9921-EZKBY,0,0,1,0,34,1,0,No,0,0,0,0,0,0,Two year,0,Credit card (automatic),20.05,679.0,0,19.97,0,0.04183292,Low
7432-FFVAR,1,0,0,0,62,1,0,DSL,1,0,0,1,0,1,Two year,1,Mailed check,65.1,3846.75,0,62.04,3,0.036856584,Low
7246-ZGQDF,0,0,1,0,64,1,1,DSL,0,1,0,1,0,1,One year,1,Mailed check,70.15,4480.7,0,70.01,3,0.18137148,Low
4456-RHSNB,0,0,0,0,25,1,0,No,0,0,0,0,0,0,Two year,1,Mailed check,20.75,499.4,0,19.98,0,0.04752293,Low
2481-SBOYW,1,0,0,0,26,1,0,DSL,0,1,1,0,0,0,One year,1,Mailed check,56.05,1553.2,0,59.74,2,0.15303127,Low
7109-MFBYV,0,0,0,1,10,1,0,No,0,0,0,0,0,0,One year,1,Bank transfer (automatic),19.95,219.5,0,21.95,0,0.06397489,Low
1833-TCXKK,1,0,0,0,53,1,1,Fiber optic,1,1,1,0,1,0,One year,0,Mailed check,98.6,5311.85,0,100.22,4,0.24927,Low
1832-PEUTS,0,0,0,0,33,1,0,Fiber optic,0,1,1,0,0,0,Month-to-month,1,Credit card (automatic),79.0,2576.8,0,78.08,2,0.5814075,Medium
8660-BUETV,1,1,1,0,71,1,0,Fiber optic,0,1,1,0,0,1,Two year,0,Credit card (automatic),89.45,6435.25,0,90.64,3,0.07807877,Low
0580-PIQHM,1,0,0,0,29,1,1,Fiber optic,0,0,0,0,0,0,Month-to-month,1,Electronic check,74.2,1993.25,0,68.73,0,0.7089411,High
5696-CEIQJ,0,0,1,1,24,1,1,DSL,1,0,0,1,1,1,Month-to-month,0,Bank transfer (automatic),81.0,1923.85,0,80.16,4,0.10114849,Low
1696-HXOWK,0,0,1,1,20,1,0,DSL,0,0,1,0,0,0,Month-to-month,1,Electronic check,49.6,939.8,0,46.99,1,0.2128848,Low
3026-ATZYV,1,0,0,0,1,1,1,Fiber optic,0,0,0,0,1,0,Month-to-month,1,Electronic check,84.6,84.6,0,84.6,1,0.94652414,High
4012-YCFAI,1,0,1,1,72,1,1,DSL,1,0,1,1,1,1,Two year,1,Bank transfer (automatic),84.2,5986.55,0,83.15,5,0.007458109,Low
9970-QBCDA,0,0,1,0,52,1,0,Fiber optic,1,1,1,1,1,1,Two year,1,Electronic check,106.3,5487.0,0,105.52,6,0.39331332,Medium
9496-IVVRP,1,0,0,0,9,1,0,Fiber optic,0,0,0,0,0,0,Month-to-month,0,Electronic check,69.05,651.5,0,72.39,0,0.7013669,High
2657-VPXTA,1,0,0,0,1,1,0,DSL,0,0,0,0,0,0,Month-to-month,1,Mailed check,45.4,45.4,0,45.4,0,0.81670445,High
6551-VLJMV,0,0,1,1,69,1,1,Fiber optic,0,0,0,1,1,1,Two year,1,Electronic check,99.35,6856.45,0,99.37,3,0.041534442,Low
1221-GHZEP,0,0,0,0,1,1,0,DSL,1,0,0,0,0,0,Month-to-month,1,Mailed check,50.75,50.75,0,50.75,1,0.7416404,High
9289-LBQVU,0,0,0,0,54,1,1,DSL,1,0,1,1,1,1,Two year,0,Bank transfer (automatic),87.1,4735.2,0,87.69,5,0.07322476,Low
3458-IDMFK,0,0,0,1,33,1,0,No,0,0,0,0,0,0,One year,1,Mailed check,20.15,682.15,0,20.67,0,0.026965434,Low
6933-FHBZC,0,1,1,0,45,1,1,Fiber optic,0,1,1,1,1,0,One year,1,Bank transfer (automatic),98.7,4525.8,0,100.57,4,0.45398206,Medium
0221-NAUXK,1,0,0,1,11,0,0,DSL,0,0,0,0,0,0,Month-to-month,0,Electronic check,25.2,321.05,0,29.19,0,0.38064364,Medium
9770-KXGQU,0,0,0,0,6,1,0,DSL,1,1,0,0,0,0,Month-to-month,1,Bank transfer (automatic),55.7,335.65,0,55.94,2,0.43247944,Medium
6538-POCHL,0,0,0,0,21,1,0,DSL,1,0,1,0,1,0,Month-to-month,0,Bank transfer (automatic),65.35,1424.4,0,67.83,3,0.26232445,Low
6726-NNFWD,1,0,1,1,65,1,1,No,0,0,0,0,0,0,Two year,1,Bank transfer (automatic),25.3,1748.55,0,26.9,0,0.013565161,Low
3002-WQZWT,0,0,1,1,43,1,1,No,0,0,0,0,0,0,Two year,0,Mailed check,24.25,1077.95,0,25.07,0,0.018342646,Low
4277-UDIEF,0,0,1,1,60,1,0,DSL,1,1,1,0,0,0,Two year,0,Bank transfer (automatic),60.5,3694.45,0,61.57,3,0.011418537,Low
1208-NBVFH,0,0,0,0,17,0,0,DSL,0,0,0,0,0,0,Month-to-month,0,Credit card (automatic),25.1,382.8,0,22.52,0,0.36366794,Medium
4912-PIGUY,0,0,1,1,35,1,0,No,0,0,0,0,0,0,One year,0,Bank transfer (automatic),20.05,746.75,0,21.34,0,0.018226653,Low
2725-TTRIQ,1,0,1,1,12,0,0,DSL,0,0,0,1,0,0,One year,0,Credit card (automatic),30.25,368.85,0,30.74,1,0.092988305,Low
3374-TTZTK,1,0,0,0,28,1,0,DSL,1,1,0,1,0,0,One year,1,Electronic check,59.9,1654.7,0,59.1,3,0.18723099,Low
8990-ZXLSU,0,0,1,0,70,1,1,No,0,0,0,0,0,0,Two year,0,Bank transfer (automatic),25.15,1940.85,0,27.73,0,0.042740047,Low
2275-RBYQS,0,0,0,0,18,1,0,Fiber optic,0,1,1,0,1,1,Month-to-month,0,Credit card (automatic),101.3,1794.65,0,99.7,4,0.64477223,High
4419-UJMUS,0,0,1,0,70,1,1,DSL,1,0,0,1,1,1,Two year,1,Credit card (automatic),76.95,5289.8,0,75.57,4,0.07574283,Low
7794-JASDG,1,0,1,1,9,1,1,DSL,0,1,0,0,0,0,Month-to-month,1,Mailed check,55.3,501.2,0,55.69,1,0.268494,Low
7609-YBPXG,1,1,0,0,67,1,0,Fiber optic,1,1,0,1,1,0,Two year,1,Bank transfer (automatic),92.45,6140.85,0,91.65,4,0.09617506,Low
5519-TEEUH,1,0,0,0,1,1,0,DSL,1,0,0,0,0,0,Month-to-month,1,Bank transfer (automatic),48.45,48.45,0,48.45,1,0.78008187,High
7856-GANIL,1,0,1,1,18,1,0,No,0,0,0,0,0,0,Two year,0,Mailed check,19.35,309.25,0,17.18,0,0.022016576,Low
0804-XBFBV,0,1,1,1,71,1,0,Fiber optic,1,1,1,0,0,0,One year,1,Bank transfer (automatic),86.7,6179.35,0,87.03,3,0.018342586,Low
2676-OXPPQ,0,0,1,0,1,1,0,DSL,1,0,1,0,0,0,Month-to-month,0,Mailed check,55.7,55.7,0,55.7,2,0.71969813,High
3703-TTEPD,1,0,0,0,55,1,1,Fiber optic,1,0,1,0,0,0,One year,1,Credit card (automatic),84.25,4589.85,0,83.45,2,0.23076066,Low
2799-TSLAG,0,0,0,0,59,1,0,DSL,0,0,1,1,1,0,Month-to-month,1,Electronic check,64.65,3735.45,0,63.31,3,0.33671224,Medium
2208-NKVVH,1,0,1,0,7,1,0,Fiber optic,0,0,0,0,0,0,Month-to-month,1,Bank transfer (automatic),69.2,477.55,0,68.22,0,0.7621064,High
7139-JZFVG,0,0,1,1,45,1,0,DSL,1,0,0,1,0,0,Two year,0,Bank transfer (automatic),54.65,2553.7,0,56.75,2,0.026959835,Low
4987-GQWPO,1,0,1,1,54,1,1,No,0,0,0,0,0,0,One year,1,Bank transfer (automatic),24.75,1342.15,0,24.85,0,0.027386444,Low
1757-TCATG,0,0,1,1,51,1,1,No,0,0,0,0,0,0,One year,1,Mailed check,23.95,1216.35,0,23.85,0,0.025352623,Low
4776-XSKYQ,1,1,1,0,72,1,1,Fiber optic,0,1,1,0,1,1,One year,0,Credit card (automatic),105.0,7578.05,0,105.25,4,0.30878675,Medium
8048-DSDFQ,0,0,1,0,44,1,0,DSL,1,1,0,1,0,0,One year,1,Bank transfer (automatic),59.85,2603.95,0,59.18,3,0.20366433,Low
5753-QQWPW,0,0,0,0,2,1,0,No,0,0,0,0,0,0,Month-to-month,0,Mailed check,20.05,42.7,0,21.35,0,0.32956946,Medium
6010-DDPPW,1,0,0,0,66,1,1,Fiber optic,0,0,1,0,1,0,One year,1,Bank transfer (automatic),92.15,6056.9,0,91.77,2,0.27998027,Low
6693-FRIRW,0,0,1,1,68,0,0,DSL,1,1,0,0,1,0,One year,0,Mailed check,44.8,2983.65,0,43.88,3,0.04031434,Low
6586-MYGKD,1,0,0,0,31,1,0,No,0,0,0,0,0,0,Two year,0,Credit card (automatic),20.9,689.35,0,22.24,0,0.040126275,Low
3173-NVMPX,1,1,0,0,21,1,1,Fiber optic,0,0,0,0,1,1,Month-to-month,1,Bank transfer (automatic),95.4,2025.1,0,96.43,2,0.7716916,High
0248-PGHBZ,0,0,0,1,21,1,1,Fiber optic,1,0,0,0,0,0,Month-to-month,0,Electronic check,80.35,1747.2,0,83.2,1,0.24988596,Low
0623-GDISB,1,0,1,1,55,1,1,DSL,1,0,1,1,1,1,Two year,1,Bank transfer (automatic),85.1,4657.95,0,84.69,5,0.016184654,Low
2892-GESUL,0,1,1,0,71,1,1,Fiber optic,1,1,1,1,1,1,Two year,1,Bank transfer (automatic),115.05,8016.6,0,112.91,6,0.15774864,Low
7472-EQOAV,0,0,1,1,22,1,0,No,0,0,0,0,0,0,One year,0,Mailed check,19.95,433.5,0,19.7,0,0.023891166,Low
2043-WVTQJ,1,0,1,0,67,1,1,DSL,0,1,1,1,1,1,Two year,0,Bank transfer (automatic),86.15,5883.85,0,87.82,5,0.07249988,Low
8034-RYTVV,1,1,0,0,14,1,0,Fiber optic,1,1,0,0,0,0,Month-to-month,0,Electronic check,78.85,1043.8,0,74.56,2,0.68910104,High
3863-QSTYI,0,1,1,0,21,1,0,Fiber optic,0,0,1,0,1,0,Month-to-month,0,Bank transfer (automatic),86.55,1857.25,0,88.44,2,0.6267048,High
5044-LRQAQ,0,0,0,0,4,0,0,DSL,1,1,0,1,0,0,Month-to-month,0,Mailed check,42.4,146.4,0,36.6,3,0.48006293,Medium
1716-LSAMB,0,0,1,0,70,1,1,No,0,0,0,0,0,0,Two year,0,Bank transfer (automatic),24.25,1724.15,0,24.63,0,0.038959358,Low
1333-PBMXB,0,1,0,0,21,1,0,No,0,0,0,0,0,0,One year,0,Bank transfer (automatic),20.5,429.55,0,20.45,0,0.06851631,Low
6546-OPBBH,0,0,0,0,20,1,0,No,0,0,0,0,0,0,Month-to-month,1,Credit card (automatic),19.6,356.15,0,17.81,0,0.16264288,Low
5985-BEHZK,0,0,1,1,22,1,0,No,0,0,0,0,0,0,One year,0,Bank transfer (automatic),20.25,488.25,0,22.19,0,0.023052106,Low
9127-QRZMH,1,0,0,0,63,1,0,No,0,0,0,0,0,0,Two year,1,Mailed check,20.6,1298.7,0,20.61,0,0.025634876,Low
5919-VCZYM,1,0,1,1,70,1,0,No,0,0,0,0,0,0,Two year,0,Bank transfer (automatic),19.8,1378.75,0,19.7,0,0.011264145,Low
9644-KVCNC,1,0,0,0,5,1,0,Fiber optic,0,0,0,0,1,0,Month-to-month,0,Electronic check,80.2,384.25,0,76.85,1,0.8110766,High
2137-DQMEV,1,0,1,1,72,1,1,Fiber optic,1,1,1,1,1,1,Two year,1,Credit card (automatic),116.4,8543.25,0,118.66,6,0.011908158,Low
8174-LNWMW,1,0,0,0,13,0,0,DSL,0,1,0,0,0,0,Month-to-month,1,Electronic check,31.65,389.95,0,30.0,1,0.68623215,High
9279-CJEOJ,0,0,1,0,61,1,0,Fiber optic,0,1,1,1,0,1,Month-to-month,0,Credit card (automatic),94.15,5731.85,0,93.96,4,0.34078398,Medium
7964-VEXDG,0,0,0,0,1,1,0,No,0,0,0,0,0,0,Month-to-month,0,Electronic check,20.65,20.65,0,20.65,0,0.6307516,High
2404-JIBFC,1,1,1,0,56,1,1,Fiber optic,0,0,0,1,0,0,Month-to-month,1,Bank transfer (automatic),76.85,4275.75,0,76.35,1,0.5178446,Medium
8029-XYPWT,1,0,0,0,4,1,0,No,0,0,0,0,0,0,Month-to-month,0,Mailed check,20.15,84.5,0,21.12,0,0.28113955,Low
4632-PAOYU,0,0,0,0,35,1,1,DSL,1,0,0,0,0,0,Two year,0,Mailed check,55.25,1924.1,0,54.97,1,0.060913205,Low
2990-OGYTD,0,0,1,0,72,1,1,DSL,0,1,1,0,1,1,Two year,0,Bank transfer (automatic),82.15,5784.3,0,80.34,4,0.04802963,Low
6646-JPPHA,1,1,0,0,49,1,1,Fiber optic,1,1,1,1,0,1,One year,0,Bank transfer (automatic),103.0,5166.2,0,105.43,5,0.41069338,Medium
7658-UYUQS,1,0,1,0,44,1,1,Fiber optic,1,1,1,1,0,0,Month-to-month,1,Credit card (automatic),95.1,4060.55,0,92.29,4,0.43965423,Medium
7880-XSOJX,1,0,1,1,37,1,1,Fiber optic,0,1,1,0,0,1,Month-to-month,1,Electronic check,95.15,3532.85,0,95.48,3,0.15372902,Low
4589-IUAJB,0,0,1,0,61,1,1,DSL,0,1,1,0,1,1,One year,1,Electronic check,79.8,4914.8,0,80.57,4,0.2951202,Low
8746-BFOAJ,0,0,1,0,70,1,1,DSL,1,0,1,1,0,1,Two year,1,Credit card (automatic),74.8,5315.8,0,75.94,4,0.064751945,Low
8457-XIGKN,1,0,0,0,41,1,0,No,0,0,0,0,0,0,Month-to-month,0,Electronic check,20.45,775.6,0,18.92,0,0.1977605,Low
6072-NUQCB,0,0,1,1,70,1,1,DSL,1,1,1,1,0,1,One year,0,Bank transfer (automatic),78.35,5445.95,0,77.8,5,0.033683814,Low
8838-GPHZP,0,0,0,0,51,1,0,No,0,0,0,0,0,0,One year,0,Electronic check,19.1,1007.8,0,19.76,0,0.12904926,Low
8750-QWZAJ,1,0,1,1,42,1,0,No,0,0,0,0,0,0,Two year,0,Mailed check,20.0,833.55,0,19.85,0,0.014709548,Low
6918-UMQCG,0,0,0,0,48,1,0,No,0,0,0,0,0,0,One year,0,Bank transfer (automatic),19.95,1004.5,0,20.93,0,0.06829104,Low
0675-NCDYU,1,0,0,0,48,1,1,No,0,0,0,0,0,0,Two year,0,Credit card (automatic),24.0,1183.05,0,24.65,0,0.046319593,Low
6339-DKLMK,1,0,0,0,27,1,0,No,0,0,0,0,0,0,One year,0,Mailed check,19.15,501.35,0,18.57,0,0.050459012,Low
1346-PJWTK,1,1,0,0,46,1,0,Fiber optic,0,1,1,0,1,0,One year,1,Bank transfer (automatic),91.3,4126.35,0,89.7,3,0.34046394,Medium
5088-QZLRL,0,0,1,1,25,1,0,No,0,0,0,0,0,0,Month-to-month,1,Mailed check,19.15,477.6,0,19.1,0,0.07854797,Low
8023-QHAIO,0,0,0,0,13,1,0,No,0,0,0,0,0,0,Two year,0,Mailed check,19.75,265.75,0,20.44,0,0.06251605,Low
4397-FRLTA,0,0,1,0,31,1,0,DSL,1,1,1,1,0,1,One year,1,Credit card (automatic),75.5,2424.45,0,78.21,5,0.18715207,Low
3057-VJJQE,1,0,1,1,23,1,1,Fiber optic,0,0,0,0,1,0,Month-to-month,1,Electronic check,83.75,1849.95,0,80.43,1,0.22530599,Low
2302-OUZXB,1,0,0,0,2,1,0,No,0,0,0,0,0,0,Month-to-month,0,Mailed check,19.4,61.05,0,30.52,0,0.39349693,Medium
8133-ANHHJ,1,0,0,0,65,1,1,No,0,0,0,0,0,0,Two year,0,Bank transfer (automatic),26.5,1698.55,0,26.13,0,0.03693925,Low
2270-CHBFN,1,0,1,1,55,1,0,No,0,0,0,0,0,0,One year,0,Credit card (automatic),19.15,998.1,0,18.15,0,0.016160095,Low
5982-FPVQN,1,0,1,1,35,0,0,DSL,0,0,0,1,1,0,One year,0,Mailed check,40.9,1383.6,0,39.53,2,0.048487455,Low
9107-UKCKY,0,0,0,0,6,1,0,DSL,1,0,1,1,1,1,Two year,1,Mailed check,80.25,493.4,0,82.23,5,0.12206174,Low
4654-ULTTN,0,0,0,0,17,1,0,Fiber optic,0,0,0,0,0,0,Month-to-month,1,Electronic check,70.8,1207.0,0,71.0,0,0.7499799,High
5546-BYZSM,0,0,1,1,10,1,0,DSL,0,0,1,0,1,0,Month-to-month,0,Mailed check,60.2,563.5,0,56.35,2,0.189773,Low
1492-KGETH,0,0,0,1,15,1,0,DSL,0,0,1,1,0,0,One year,0,Credit card (automatic),55.2,864.55,0,57.64,2,0.087680526,Low
4163-HFTUK,1,0,1,1,13,1,0,DSL,1,0,0,1,0,0,One year,0,Bank transfer (automatic),54.15,701.05,0,53.93,2,0.06793388,Low
8215-NGSPE,1,1,1,0,58,1,1,Fiber optic,0,0,0,1,1,1,Month-to-month,1,Bank transfer (automatic),100.4,5749.8,0,99.13,3,0.6572345,High
8859-YSTWS,1,0,0,0,45,1,0,DSL,1,1,0,1,0,0,One year,1,Credit card (automatic),62.55,2796.45,0,62.14,3,0.14665174,Low
7601-DHFWZ,1,0,1,1,72,1,1,DSL,1,1,1,1,0,0,Two year,1,Bank transfer (automatic),70.45,5165.7,0,71.75,4,0.0071445405,Low
1998-VHJHK,0,0,1,1,68,1,1,Fiber optic,1,1,0,0,0,0,One year,1,Bank transfer (automatic),85.5,5696.6,0,83.77,2,0.028965833,Low
1707-HABPF,1,0,1,1,38,1,0,DSL,1,1,0,0,0,0,Month-to-month,0,Electronic check,54.5,2076.05,0,54.63,2,0.112812676,Low
0487-VVUVK,0,0,0,0,2,1,0,No,0,0,0,0,0,0,Month-to-month,0,Mailed check,20.75,44.2,0,22.1,0,0.3424082,Medium
5063-IUOKK,0,0,0,0,11,1,0,No,0,0,0,0,0,0,Month-to-month,0,Mailed check,20.35,215.25,0,19.57,0,0.21254463,Low
4508-OEBEY,1,1,1,0,20,1,0,Fiber optic,0,0,0,0,1,1,One year,1,Bank transfer (automatic),91.0,1859.5,0,92.98,2,0.51503164,Medium
0027-KWYKW,0,0,1,0,72,1,1,Fiber optic,0,1,1,0,1,1,Two year,1,Bank transfer (automatic),104.8,7470.1,0,103.75,4,0.19380501,Low
2308-STERM,0,0,0,0,40,1,0,DSL,0,0,0,1,0,0,Month-to-month,1,Electronic check,51.1,2092.9,0,52.32,1,0.45667693,Medium
5982-XMDEX,0,1,1,0,62,1,1,Fiber optic,0,1,0,0,0,1,Month-to-month,1,Bank transfer (automatic),89.8,5629.55,0,90.8,2,0.4979546,Medium
6051-PTVNS,1,0,0,1,22,1,0,No,0,0,0,0,0,0,Month-to-month,1,Electronic check,20.55,469.85,0,21.36,0,0.13765416,Low
2877-VDUER,1,0,0,0,11,1,0,DSL,1,0,1,0,0,1,Month-to-month,0,Bank transfer (automatic),64.05,733.95,0,66.72,3,0.3409096,Medium
9152-AMKAK,0,1,1,0,7,1,1,Fiber optic,0,0,0,0,0,0,Month-to-month,1,Electronic check,74.85,485.25,0,69.32,0,0.8821211,High
9432-VOFYX,0,0,1,0,3,0,0,DSL,0,0,0,0,0,0,Month-to-month,0,Mailed check,25.0,78.25,0,26.08,0,0.7125389,High
8049-WJCLQ,0,0,0,0,58,1,0,No,0,0,0,0,0,0,Two year,0,Credit card (automatic),20.3,1131.5,0,19.51,0,0.03197894,Low
6586-PSJOX,0,0,0,1,6,1,1,No,0,0,0,0,0,0,Month-to-month,0,Mailed check,26.35,184.05,0,30.68,0,0.20533177,Low
9705-ZJBCG,1,0,1,0,22,1,0,DSL,0,1,1,0,0,0,Month-to-month,1,Mailed check,54.7,1178.75,0,53.58,2,0.4215839,Medium
6847-KJLTS,0,0,1,1,64,1,1,Fiber optic,0,0,1,0,0,1,One year,0,Credit card (automatic),90.25,5629.15,0,87.96,2,0.025305696,Low
9670-BPNXF,0,0,0,0,6,1,0,No,0,0,0,0,0,0,Month-to-month,0,Mailed check,20.65,109.3,0,18.22,0,0.1768672,Low
3913-FCUUW,0,0,0,1,39,1,1,No,0,0,0,0,0,0,One year,0,Bank transfer (automatic),25.45,958.45,0,24.58,0,0.036058683,Low
3301-VKTGC,1,0,0,0,20,1,0,No,0,0,0,0,0,0,One year,0,Mailed check,19.5,403.15,0,20.16,0,0.06678122,Low
9555-SAHUZ,0,0,1,0,64,1,1,DSL,1,0,0,0,1,0,One year,1,Credit card (automatic),66.15,4392.5,0,68.63,2,0.14964716,Low
0816-TSPHQ,1,0,1,0,46,1,0,DSL,0,1,0,0,1,1,Month-to-month,1,Credit card (automatic),69.1,3168.0,0,68.87,3,0.4773572,Medium
9932-WBWIK,1,1,1,1,28,0,0,DSL,0,1,0,0,0,1,One year,1,Electronic check,39.1,1096.6,0,39.16,2,0.13861208,Low
4619-EVPHY,1,0,1,0,33,1,0,No,0,0,0,0,0,0,Month-to-month,0,Mailed check,20.05,669.45,0,20.29,0,0.18508731,Low
5286-YHCVC,0,0,1,1,39,1,0,DSL,1,1,1,0,0,0,One year,0,Electronic check,59.8,2343.85,0,60.1,3,0.060092397,Low
9115-YQHGA,1,0,0,0,1,1,0,DSL,0,1,0,0,0,0,Month-to-month,1,Electronic check,48.6,48.6,0,48.6,1,0.8455652,High
4462-CYWMH,0,1,1,0,70,1,0,Fiber optic,1,1,1,0,1,1,Two year,0,Credit card (automatic),105.35,7511.9,0,107.31,5,0.3893208,Medium
8963-MQVYN,0,0,0,0,65,1,1,No,0,0,0,0,0,0,Two year,1,Bank transfer (automatic),25.1,1725.0,0,26.54,0,0.042738378,Low
2458-EOMRE,0,0,0,0,1,1,0,DSL,1,0,0,0,0,0,Month-to-month,0,Electronic check,49.75,49.75,0,49.75,1,0.7512086,High
9334-GWGOW,0,0,1,0,18,1,1,Fiber optic,0,0,0,0,1,1,Month-to-month,1,Electronic check,94.75,1691.9,0,93.99,2,0.8444219,High
6542-LWGXJ,0,0,1,0,24,1,1,Fiber optic,0,0,0,0,1,1,Month-to-month,1,Electronic check,93.0,2248.05,0,93.67,2,0.8252346,High
5567-GZKQY,0,0,0,0,63,1,1,DSL,1,0,1,1,0,1,Two year,1,Bank transfer (automatic),71.9,4479.2,0,71.1,4,0.047780395,Low
1222-LRYKO,1,0,0,1,44,1,1,DSL,0,1,0,0,1,1,One year,1,Mailed check,77.55,3471.1,0,78.89,3,0.054043066,Low
2087-QAREY,0,0,0,0,4,1,0,No,0,0,0,0,0,0,Month-to-month,1,Electronic check,19.85,63.0,0,15.75,0,0.42804846,Medium
4423-JWZJN,1,0,1,1,37,1,1,Fiber optic,0,0,0,0,1,1,Month-to-month,1,Electronic check,95.25,3314.15,0,89.57,2,0.26838046,Low
6490-FGZAT,0,0,0,0,34,0,0,DSL,0,0,0,0,0,0,Month-to-month,1,Bank transfer (automatic),25.05,852.7,0,25.08,0,0.40783277,Medium
7452-FOLON,0,0,1,0,35,0,0,DSL,1,0,1,0,1,1,One year,0,Credit card (automatic),53.15,1930.9,0,55.17,4,0.22835052,Low
2320-TZRRH,1,0,1,0,4,1,0,No,0,0,0,0,0,0,Month-to-month,0,Electronic check,20.15,91.4,0,22.85,0,0.42680168,Medium
4942-VZZOM,1,1,1,0,39,1,1,Fiber optic,0,0,0,1,1,1,Month-to-month,1,Electronic check,101.25,3949.15,0,101.26,3,0.7796283,High
7502-BNYGS,0,1,1,0,43,1,0,Fiber optic,0,1,1,0,1,1,One year,1,Bank transfer (automatic),100.55,4304.0,0,100.09,4,0.5798124,Medium
4291-HYEBC,1,0,1,0,61,1,1,No,0,0,0,0,0,0,Two year,0,Bank transfer (automatic),25.3,1554.9,0,25.49,0,0.03751841,Low
6147-CBCRA,1,0,1,0,49,1,1,DSL,1,1,1,0,0,1,One year,0,Electronic check,71.8,3472.05,0,70.86,4,0.22581342,Low
6047-SUHPR,0,0,0,0,4,1,0,No,0,0,0,0,0,0,One year,0,Mailed check,19.7,117.8,0,29.45,0,0.15030427,Low
9752-ZNQUT,1,0,1,1,64,0,0,DSL,0,1,1,1,0,1,Two year,0,Electronic check,49.85,3210.35,0,50.16,4,0.027068593,Low
1576-PFZIW,0,0,0,0,3,1,0,Fiber optic,0,0,0,0,0,0,Month-to-month,1,Mailed check,69.6,207.4,0,69.13,0,0.789607,High
5666-MBJPT,0,0,1,1,1,1,0,No,0,0,0,0,0,0,Month-to-month,0,Electronic check,19.75,19.75,0,19.75,0,0.5332271,Medium
7312-XSBAT,0,0,1,0,40,1,0,Fiber optic,0,1,1,0,0,0,One year,0,Electronic check,80.8,3132.75,0,78.32,2,0.3934156,Medium
3096-GKWEB,1,1,1,0,34,1,0,DSL,0,0,1,1,1,0,One year,0,Bank transfer (automatic),64.2,2106.3,0,61.95,3,0.16410312,Low
2371-JQHZZ,1,0,1,0,1,0,0,DSL,0,0,0,0,0,1,Month-to-month,0,Electronic check,35.0,35.0,0,35.0,1,0.88332367,High
0674-GCDXG,0,0,1,1,45,1,0,No,0,0,0,0,0,0,Two year,0,Electronic check,19.2,903.7,0,20.08,0,0.023937246,Low
1121-QSIVB,0,0,0,0,43,1,0,Fiber optic,1,1,1,1,0,0,One year,1,Credit card (automatic),90.65,3882.3,0,90.29,4,0.19149621,Low
4396-KLSEH,0,0,1,1,41,1,0,No,0,0,0,0,0,0,Two year,1,Mailed check,20.0,879.8,0,21.46,0,0.016253358,Low
2824-MYYBN,0,0,0,0,5,1,0,Fiber optic,0,1,0,0,0,0,Month-to-month,1,Electronic check,74.65,383.65,0,76.73,1,0.8372665,High
6345-HOVES,0,0,0,0,72,0,0,DSL,1,0,1,1,1,1,Two year,1,Credit card (automatic),61.2,4390.25,0,60.98,5,0.038664155,Low
8318-LCNBW,0,0,0,0,4,1,0,No,0,0,0,0,0,0,One year,0,Mailed check,19.95,68.2,0,17.05,0,0.09417315,Low
6469-QJKZW,0,0,1,1,9,1,0,DSL,0,1,0,1,0,0,Month-to-month,0,Mailed check,54.8,452.8,0,50.31,2,0.19288658,Low
0147-ESWWR,0,1,1,0,72,1,1,DSL,0,0,1,0,1,1,Two year,1,Credit card (automatic),73.45,5329.0,0,74.01,3,0.07118583,Low
1217-VASWC,1,0,1,0,33,1,0,DSL,0,0,0,1,0,0,One year,1,Mailed check,51.45,1758.9,0,53.3,1,0.18778834,Low
6370-ZVHDV,1,0,1,0,72,1,1,Fiber optic,1,0,0,0,0,0,Two year,0,Bank transfer (automatic),80.45,5737.6,0,79.69,1,0.04966218,Low
5915-DGNVC,0,0,0,0,15,1,0,Fiber optic,0,0,1,0,1,0,Month-to-month,0,Electronic check,85.3,1219.85,0,81.32,2,0.7571006,High
6260-XLACS,0,1,1,0,29,1,1,Fiber optic,0,0,0,1,0,0,Month-to-month,1,Electronic check,79.3,2414.55,0,83.26,1,0.7340678,High
3566-CAAYU,1,0,1,1,15,1,0,DSL,0,1,1,1,1,1,Month-to-month,0,Bank transfer (automatic),76.5,1155.6,0,77.04,5,0.17278059,Low
4983-CCWMC,0,1,0,0,72,1,1,No,0,0,0,0,0,0,Two year,0,Bank transfer (automatic),25.4,1809.35,0,25.13,0,0.024127768,Low
9103-CXVOK,1,0,1,0,19,1,1,Fiber optic,0,0,0,0,1,0,Month-to-month,1,Electronic check,86.85,1564.4,0,82.34,1,0.8067282,High
2896-TBNBE,0,0,0,0,1,1,0,No,0,0,0,0,0,0,Month-to-month,0,Mailed check,19.65,19.65,0,19.65,0,0.5992451,Medium
2522-WLNSF,1,0,0,0,2,1,0,DSL,0,0,0,0,0,0,Month-to-month,0,Electronic check,45.55,84.4,0,42.2,0,0.75884545,High
3841-CONLJ,1,1,1,1,11,1,1,Fiber optic,0,0,1,0,0,0,Month-to-month,1,Credit card (automatic),78.1,864.85,0,78.62,1,0.4365875,Medium
4475-NVTLU,1,0,0,0,12,1,0,No,0,0,0,0,0,0,One year,0,Mailed check,19.3,228.75,0,19.06,0,0.077183574,Low
9386-LDCZR,1,0,1,0,70,1,1,Fiber optic,0,1,1,1,1,1,Two year,1,Electronic check,110.5,7752.05,0,110.74,5,0.33065474,Medium
9585-KKMFD,1,0,0,0,23,1,0,No,0,0,0,0,0,0,Month-to-month,1,Bank transfer (automatic),20.3,470.6,0,20.46,0,0.19939926,Low
5399-ZIMKF,0,1,0,0,49,1,1,DSL,1,1,1,1,0,1,Two year,0,Credit card (automatic),81.35,4060.9,0,82.88,5,0.06981507,Low
0336-KXKFK,0,0,0,1,2,1,0,DSL,0,0,0,0,0,1,Month-to-month,1,Electronic check,55.3,108.65,0,54.32,1,0.70147073,High
5619-XZZKR,0,1,1,0,69,0,0,DSL,1,1,0,0,1,1,Two year,0,Credit card (automatic),56.55,3952.65,0,57.28,4,0.100365624,Low
3948-FVVRP,1,0,1,1,24,1,0,No,0,0,0,0,0,0,Two year,1,Mailed check,19.7,494.05,0,20.59,0,0.021009142,Low
5327-XOKKY,1,0,0,0,32,1,1,Fiber optic,0,1,1,0,1,1,One year,1,Credit card (automatic),104.05,3416.85,0,106.78,4,0.5663228,Medium
0983-TATYJ,1,0,0,0,27,1,0,DSL,1,1,0,0,0,0,Two year,0,Bank transfer (automatic),52.85,1498.65,0,55.51,2,0.056723643,Low
1813-JYWTO,0,0,0,0,58,1,1,Fiber optic,0,0,0,1,0,0,Month-to-month,0,Bank transfer (automatic),80.65,4807.35,0,82.89,1,0.39486095,Medium
6719-OXYBR,1,0,1,1,18,1,1,No,0,0,0,0,0,0,Two year,1,Credit card (automatic),24.65,471.35,0,26.19,0,0.028341558,Low
3312-ZWLGF,1,0,1,1,47,1,0,No,0,0,0,0,0,0,Two year,1,Bank transfer (automatic),21.3,1041.8,0,22.17,0,0.017715178,Low
6476-YHMGA,1,0,1,1,70,1,1,Fiber optic,0,1,1,1,1,1,Two year,1,Electronic check,110.2,7689.8,0,109.85,5,0.052300297,Low
0795-XCCTE,1,0,1,1,36,1,0,DSL,1,0,0,0,0,0,Month-to-month,0,Credit card (automatic),51.05,1815.0,0,50.42,1,0.082465015,Low
0168-XZKBB,0,0,0,0,67,1,0,No,0,0,0,0,0,0,Two year,1,Mailed check,19.8,1311.3,0,19.57,0,0.03688396,Low
3785-NRHYR,1,0,0,0,10,1,0,No,0,0,0,0,0,0,Month-to-month,1,Mailed check,19.9,199.45,0,19.94,0,0.27673408,Low
4537-DKTAL,0,1,0,0,19,1,0,Fiber optic,1,0,0,0,0,1,Month-to-month,1,Electronic check,87.3,1637.3,0,86.17,2,0.70919317,High
7072-MBHEV,1,0,1,1,71,1,0,No,0,0,0,0,0,0,Two year,0,Bank transfer (automatic),19.85,1326.35,0,18.68,0,0.006190986,Low
5602-BVFMK,0,0,1,1,72,1,1,DSL,1,1,1,1,1,1,Two year,1,Mailed check,89.4,6376.55,0,88.56,6,0.0064568487,Low
6297-NOOPG,1,0,1,1,48,1,0,No,0,0,0,0,0,0,Two year,0,Mailed check,20.0,935.9,0,19.5,0,0.014788938,Low
8204-TIFGJ,0,0,1,1,18,1,0,DSL,1,0,1,1,1,1,Month-to-month,0,Electronic check,83.25,1611.15,0,89.51,5,0.16178137,Low
8050-DVOJX,0,1,1,0,67,1,1,Fiber optic,0,1,0,1,1,1,Two year,0,Bank transfer (automatic),102.9,6989.7,0,104.32,4,0.28585556,Low
8903-XEBGX,0,0,1,1,69,0,0,DSL,1,0,1,1,0,0,Two year,0,Mailed check,39.1,2779.5,0,40.28,3,0.019243414,Low
8169-SAEJD,0,1,1,0,72,1,1,Fiber optic,1,1,1,1,1,1,Two year,1,Mailed check,114.5,8331.95,0,115.72,6,0.09899266,Low
1089-XZWHH,1,1,0,0,38,1,0,No,0,0,0,0,0,0,Two year,0,Mailed check,20.2,735.9,0,19.37,0,0.048385523,Low
2325-WINES,0,1,1,0,40,1,0,DSL,0,0,0,0,0,1,One year,0,Electronic check,55.8,2283.3,0,57.08,1,0.3214771,Medium
6064-ZATLR,1,0,1,1,61,1,1,No,0,0,0,0,0,0,Two year,1,Mailed check,24.2,1445.2,0,23.69,0,0.00981648,Low
7824-PANSQ,0,0,1,0,32,1,1,DSL,1,0,0,1,1,0,One year,1,Credit card (automatic),72.8,2333.05,0,72.91,3,0.20713447,Low
9648-BCHKM,1,0,0,0,21,1,1,Fiber optic,0,1,0,0,1,1,Month-to-month,1,Credit card (automatic),99.85,1992.55,0,94.88,3,0.76712143,High
2888-ADFAO,1,1,0,0,59,1,1,Fiber optic,0,0,1,0,1,1,One year,1,Electronic check,99.5,5890.0,0,99.83,3,0.56380033,Medium
8707-HOEDG,1,0,0,0,47,1,0,No,0,0,0,0,0,0,Two year,0,Credit card (automatic),20.25,1029.8,0,21.91,0,0.03890173,Low
4072-IPYLT,0,0,1,1,69,1,1,No,0,0,0,0,0,0,Two year,1,Bank transfer (automatic),26.0,1796.55,0,26.04,0,0.012343672,Low
7167-PCEYD,0,0,0,0,2,1,0,No,0,0,0,0,0,0,Month-to-month,1,Credit card (automatic),19.9,33.7,0,16.85,0,0.3828565,Medium
4936-YPJNK,1,0,1,1,22,1,0,No,0,0,0,0,0,0,Month-to-month,0,Bank transfer (automatic),19.05,454.05,0,20.64,0,0.078931086,Low
1580-BMCMR,0,1,1,0,15,1,1,Fiber optic,1,0,1,0,1,0,Month-to-month,1,Electronic check,96.5,1392.25,0,92.82,3,0.87536055,High
4817-KEQSP,1,0,0,0,53,1,0,No,0,0,0,0,0,0,Two year,0,Credit card (automatic),19.85,1049.6,0,19.8,0,0.04432673,Low
6408-WHTEF,1,1,1,0,28,1,1,No,0,0,0,0,0,0,Month-to-month,0,Mailed check,25.7,734.6,0,26.24,0,0.2826092,Low
9251-AWQGT,0,0,0,0,22,1,0,No,0,0,0,0,0,0,One year,0,Mailed check,20.3,475.1,0,21.6,0,0.052752737,Low
8749-CLJXC,0,1,1,0,16,1,0,Fiber optic,0,0,1,1,0,1,Month-to-month,1,Electronic check,91.55,1540.05,0,96.25,3,0.77394676,High
7989-VCQOH,1,0,1,1,48,0,0,DSL,1,1,0,1,0,0,Two year,0,Mailed check,39.4,1978.65,0,41.22,3,0.025642212,Low
4199-QHJNM,0,1,1,0,30,1,1,Fiber optic,1,1,1,1,1,0,Month-to-month,1,Bank transfer (automatic),105.7,3181.8,0,106.06,5,0.7045563,High
8882-TLVRW,1,0,0,0,3,1,0,Fiber optic,0,0,0,0,0,0,Month-to-month,1,Electronic check,70.25,229.7,0,76.57,0,0.8512326,High
5135-GRQJV,0,1,0,0,57,1,1,Fiber optic,1,0,0,1,0,1,Two year,0,Electronic check,93.75,5625.55,0,98.69,3,0.1916369,Low
2384-OVPSA,1,0,1,0,23,1,0,DSL,0,0,0,1,1,0,One year,0,Bank transfer (automatic),60.0,1347.15,0,58.57,2,0.16634597,Low
1371-WEPDS,1,0,1,0,65,1,0,DSL,0,0,0,1,1,0,Two year,1,Credit card (automatic),59.8,3808.2,0,58.59,2,0.07387003,Low
3580-GICBM,0,0,1,0,44,1,0,Fiber optic,0,0,0,0,1,1,One year,1,Bank transfer (automatic),90.65,3974.15,0,90.32,2,0.46599713,Medium
9730-DRTMJ,1,0,1,1,71,1,1,Fiber optic,1,1,1,0,1,1,Two year,1,Bank transfer (automatic),109.0,7661.8,0,107.91,5,0.038810223,Low
4686-UXDML,1,0,1,0,37,1,1,DSL,1,0,1,1,0,0,One year,0,Credit card (automatic),68.1,2479.25,0,67.01,3,0.13925698,Low
3349-ANQNH,1,0,0,0,12,1,0,No,0,0,0,0,0,0,Month-to-month,0,Mailed check,20.4,266.6,0,22.22,0,0.18044564,Low
0932-YIXYU,0,0,1,1,69,1,1,DSL,0,1,1,1,1,1,Two year,1,Bank transfer (automatic),81.95,5601.4,0,81.18,5,0.01348609,Low
7480-SPLEF,1,0,0,0,35,1,0,DSL,1,1,1,0,0,0,Month-to-month,0,Electronic check,60.55,1982.6,0,56.65,3,0.2749807,Low
7636-XUHWW,0,0,0,0,5,1,0,DSL,0,1,0,1,0,1,Month-to-month,1,Bank transfer (automatic),65.6,339.9,0,67.98,3,0.51777697,Medium
1431-CYWMH,0,0,1,1,58,1,1,Fiber optic,0,0,0,0,1,0,Two year,0,Bank transfer (automatic),82.5,4828.05,0,83.24,1,0.021656591,Low
5937-EORGB,0,0,1,0,72,1,1,DSL,1,1,1,1,0,1,Two year,1,Bank transfer (automatic),82.3,5980.55,0,83.06,5,0.02777513,Low
6349-JDHQP,0,0,1,0,72,1,1,DSL,1,1,1,1,0,0,Two year,0,Mailed check,68.15,4808.7,0,66.79,4,0.02418759,Low
5539-HIVAK,1,0,0,0,1,1,0,No,0,0,0,0,0,0,Month-to-month,0,Credit card (automatic),20.3,20.3,0,20.3,0,0.5580786,Medium
5847-MXBEO,0,0,1,1,53,1,0,No,0,0,0,0,0,0,One year,0,Credit card (automatic),20.2,1068.15,0,20.15,0,0.019137513,Low
4583-PARNH,1,0,0,0,27,1,0,Fiber optic,0,0,1,1,0,1,Month-to-month,1,Electronic check,89.2,2383.6,0,88.28,3,0.65203875,High
1116-FRYVH,1,0,1,0,18,1,0,Fiber optic,1,0,0,0,0,0,Month-to-month,0,Electronic check,74.8,1438.05,0,79.89,1,0.6505585,High
1421-HCERK,0,0,1,1,46,1,0,No,0,0,0,0,0,0,Two year,1,Mailed check,20.2,917.45,0,19.94,0,0.015260254,Low
9633-XQABV,1,0,1,0,72,1,1,DSL,1,0,1,1,1,1,Two year,1,Credit card (automatic),84.4,6096.45,0,84.67,5,0.034493674,Low
0716-BQNDX,1,0,1,0,4,0,0,DSL,0,0,0,0,0,0,Month-to-month,1,Electronic check,25.15,99.95,0,24.99,0,0.8256298,High
1183-CANVH,1,0,0,0,25,1,0,No,0,0,0,0,0,0,Two year,0,Credit card (automatic),19.8,475.2,0,19.01,0,0.031696826,Low
1972-XMUWV,1,0,1,1,40,0,0,DSL,0,1,0,0,1,1,Month-to-month,1,Electronic check,50.85,2036.55,0,50.91,3,0.20904292,Low
8679-LZBMD,0,0,1,0,63,1,1,Fiber optic,0,1,1,0,1,1,Month-to-month,1,Electronic check,102.4,6444.05,0,102.29,4,0.7523107,High
3407-JMJQQ,0,0,0,0,14,1,1,DSL,0,1,0,0,0,0,Month-to-month,1,Credit card (automatic),55.5,767.55,0,54.82,1,0.515885,Medium
6252-DFGTK,0,1,1,0,72,1,1,Fiber optic,0,1,1,1,1,1,Two year,1,Bank transfer (automatic),109.75,7932.5,0,110.17,5,0.15523925,Low
1539-LNKHM,0,0,0,0,39,1,1,Fiber optic,1,1,0,0,1,1,Month-to-month,1,Electronic check,106.4,4040.65,0,103.61,4,0.77053887,High
8645-KOMJQ,1,0,1,1,47,0,0,DSL,1,1,1,0,1,1,Two year,1,Credit card (automatic),60.0,2768.65,0,58.91,5,0.03538992,Low
0289-IVARM,0,0,1,0,19,1,1,Fiber optic,1,1,0,1,0,0,Month-to-month,1,Credit card (automatic),88.8,1672.35,0,88.02,3,0.54201883,Medium
9761-XUJWD,1,0,0,0,17,1,1,Fiber optic,0,0,1,0,0,0,Month-to-month,0,Bank transfer (automatic),80.05,1345.65,0,79.16,1,0.61135805,High
4057-FKCZK,0,1,1,0,34,1,1,Fiber optic,0,0,0,0,0,0,Month-to-month,1,Electronic check,75.55,2425.4,0,71.34,0,0.7808162,High
4291-TPNFG,1,0,0,0,42,1,0,DSL,0,1,0,0,0,0,Month-to-month,1,Electronic check,49.55,2077.95,0,49.47,1,0.4705324,Medium
6087-YPWHO,1,0,1,1,71,1,1,No,0,0,0,0,0,0,Two year,0,Credit card (automatic),23.9,1663.5,0,23.43,0,0.007408236,Low
3090-QFUVD,0,1,1,0,19,1,0,DSL,1,0,1,0,1,0,Month-to-month,0,Bank transfer (automatic),66.4,1286.05,0,67.69,3,0.35453126,Medium
1722-LDZJS,0,0,0,0,57,1,0,No,0,0,0,0,0,0,Two year,0,Credit card (automatic),18.8,1094.35,0,19.2,0,0.03877955,Low
1818-ESQMW,0,0,1,0,72,1,1,Fiber optic,0,1,1,1,1,1,Two year,1,Electronic check,108.4,7719.5,0,107.22,5,0.29437527,Low
7401-RUBNK,1,0,0,0,6,1,0,Fiber optic,0,1,0,0,0,1,Month-to-month,1,Mailed check,85.95,514.6,0,85.77,2,0.7842286,High
0506-YLVKJ,0,0,1,0,61,1,1,DSL,0,1,1,0,1,1,Two year,0,Bank transfer (automatic),80.9,4932.5,0,80.86,4,0.072498515,Low
8661-BOYNW,0,0,1,1,48,1,1,Fiber optic,1,1,1,1,1,1,Two year,0,Credit card (automatic),111.8,5443.65,0,113.41,6,0.061912324,Low
4815-GBTCD,0,0,0,0,16,1,0,No,0,0,0,0,0,0,Month-to-month,1,Credit card (automatic),20.6,330.25,0,20.64,0,0.22917202,Low
2805-AUFQN,1,0,0,0,3,1,0,DSL,0,0,0,0,0,0,Month-to-month,0,Electronic check,44.6,122.7,0,40.9,0,0.7137448,High
0980-PVMRC,0,0,0,0,65,1,1,Fiber optic,0,1,1,0,1,1,Two year,0,Credit card (automatic),105.1,6631.85,0,102.03,4,0.27897087,Low
7233-DRTRF,1,0,1,1,70,1,1,Fiber optic,1,1,1,1,1,1,Two year,1,Credit card (automatic),115.15,8250.0,0,117.86,6,0.025802897,Low
3873-NFTGI,0,0,1,0,60,1,0,DSL,1,0,0,0,1,0,One year,1,Mailed check,59.8,3561.15,0,59.35,2,0.13716422,Low
1162-ECVII,1,0,1,0,69,1,1,No,0,0,0,0,0,0,One year,1,Electronic check,26.3,1763.55,0,25.56,0,0.18720537,Low
7048-GXDAY,1,1,0,0,35,1,0,Fiber optic,0,0,0,0,0,0,Month-to-month,0,Electronic check,70.55,2419.0,0,69.11,0,0.6334903,High
8571-ZCMCX,1,0,0,0,22,1,0,No,0,0,0,0,0,0,Month-to-month,1,Mailed check,20.05,470.2,0,21.37,0,0.18429424,Low
1169-WCVAK,0,0,1,1,66,1,1,DSL,0,1,1,0,1,1,Two year,0,Bank transfer (automatic),79.85,5234.95,0,79.32,4,0.01685339,Low
7129-CAKJW,0,0,1,1,34,1,1,Fiber optic,0,0,1,0,0,1,Month-to-month,1,Credit card (automatic),90.05,3097.0,0,91.09,2,0.14723226,Low
8695-ARGXZ,1,0,1,1,72,1,1,No,0,0,0,0,0,0,Two year,0,Bank transfer (automatic),24.45,1709.1,0,23.74,0,0.0071228854,Low
3570-YUEKJ,0,0,1,1,31,0,0,DSL,1,0,1,1,1,1,One year,0,Electronic check,59.95,1848.8,0,59.64,5,0.087078854,Low
1555-HAPSU,0,0,0,1,30,1,1,No,0,0,0,0,0,0,One year,0,Bank transfer (automatic),25.35,723.3,0,24.11,0,0.031782474,Low
1697-NVVGY,0,1,1,0,19,0,0,DSL,0,1,1,0,0,0,Month-to-month,1,Credit card (automatic),34.3,577.15,0,30.38,2,0.57118195,Medium
8464-EETCQ,1,0,1,0,65,1,1,Fiber optic,1,0,1,0,1,1,Month-to-month,1,Electronic check,105.05,6914.95,0,106.38,4,0.7187765,High
2419-FSORS,1,0,1,1,30,1,0,No,0,0,0,0,0,0,Two year,0,Mailed check,19.3,602.9,0,20.1,0,0.02057371,Low
8132-YPVBX,0,0,0,0,6,1,0,No,0,0,0,0,0,0,One year,0,Mailed check,19.15,124.4,0,20.73,0,0.111703075,Low
6754-LZUKA,1,0,0,0,2,0,0,DSL,0,1,0,0,1,1,Month-to-month,0,Electronic check,51.4,96.8,0,48.4,3,0.79482245,High
8099-MZPUJ,0,0,1,1,53,1,1,DSL,1,0,0,1,0,1,Month-to-month,0,Electronic check,71.85,3827.9,0,72.22,3,0.077978946,Low
0787-LHDYT,0,1,1,0,7,1,1,Fiber optic,0,0,0,0,0,0,Month-to-month,1,Electronic check,75.4,533.05,0,76.15,0,0.8780563,High
0374-IOEGQ,1,0,1,1,61,1,0,DSL,1,0,0,0,0,0,One year,1,Bank transfer (automatic),49.7,2961.4,0,48.55,1,0.030096969,Low
3197-NNYNB,1,0,0,0,13,1,1,DSL,1,0,1,0,1,1,Month-to-month,1,Electronic check,78.75,995.35,0,76.57,4,0.6329403,High
3396-DKDEL,0,1,1,0,35,1,1,Fiber optic,0,0,1,0,0,0,One year,1,Bank transfer (automatic),81.6,2815.25,0,80.44,1,0.4276371,Medium
1752-OZXFY,1,0,1,0,2,1,0,Fiber optic,0,0,0,0,0,0,Month-to-month,1,Credit card (automatic),70.4,154.8,0,77.4,0,0.8446485,High
9066-QRSDU,1,0,0,0,3,1,1,Fiber optic,0,0,0,0,0,0,Month-to-month,0,Electronic check,76.1,257.6,0,85.87,0,0.8415452,High
9112-WSNPU,1,0,0,0,62,1,1,Fiber optic,0,0,0,0,1,1,One year,1,Bank transfer (automatic),94.0,5757.2,0,92.86,2,0.35028538,Medium
9867-NNXLC,0,0,1,1,72,1,1,Fiber optic,1,1,1,1,0,1,Two year,0,Credit card (automatic),103.95,7517.7,0,104.41,5,0.014043515,Low
5321-NTRKC,0,0,1,0,63,1,0,No,0,0,0,0,0,0,Two year,1,Bank transfer (automatic),19.95,1234.8,0,19.6,0,0.035837453,Low
3161-GETRM,1,1,0,0,35,1,1,Fiber optic,1,1,1,1,1,1,One year,1,Bank transfer (automatic),110.8,3836.3,0,109.61,6,0.47332358,Medium
0402-OAMEN,0,0,1,0,62,1,1,Fiber optic,1,1,0,0,0,1,One year,0,Electronic check,96.1,6001.45,0,96.8,3,0.3637983,Medium
6933-VLYFX,1,0,0,0,15,1,1,DSL,0,0,0,0,0,0,Month-to-month,1,Mailed check,48.8,720.1,0,48.01,0,0.52587366,Medium
6754-WKSHP,1,0,0,0,55,1,0,DSL,1,0,0,0,0,0,Month-to-month,1,Credit card (automatic),50.55,2832.75,0,51.5,1,0.30613807,Medium
4976-LNFVV,1,0,0,0,11,1,0,DSL,0,0,0,0,0,0,Month-to-month,1,Mailed check,44.65,472.25,0,42.93,0,0.475178,Medium
5055-MGMGF,1,0,0,0,61,1,0,No,0,0,0,0,0,0,One year,0,Bank transfer (automatic),19.45,1336.35,0,21.91,0,0.052558087,Low
4641-FROLU,1,0,1,0,71,1,1,DSL,1,1,1,1,1,1,Two year,0,Credit card (automatic),89.3,6388.65,0,89.98,6,0.03754937,Low
2862-JVEOY,0,0,0,0,35,1,0,No,0,0,0,0,0,0,Two year,0,Mailed check,19.25,677.9,0,19.37,0,0.046972208,Low
2969-QWUBZ,1,0,0,0,17,1,0,Fiber optic,0,0,0,0,0,0,Month-to-month,0,Bank transfer (automatic),70.5,1165.6,0,68.56,0,0.60421675,High
9822-BIIGN,1,0,1,0,47,1,0,No,0,0,0,0,0,0,Two year,0,Bank transfer (automatic),19.65,921.55,0,19.61,0,0.059047054,Low
2077-MPJQO,1,0,1,0,3,1,0,No,0,0,0,0,0,0,Month-to-month,0,Mailed check,20.85,72.0,0,24.0,0,0.3962893,Medium
1534-OULXE,0,0,0,0,3,1,0,No,0,0,0,0,0,0,Month-to-month,1,Mailed check,19.65,68.35,0,22.78,0,0.40130168,Medium
2971-SGAFL,0,1,1,0,44,1,0,No,0,0,0,0,0,0,Two year,1,Credit card (automatic),19.35,847.25,0,19.26,0,0.07754305,Low
1480-IVEVR,1,0,0,0,1,1,0,DSL,0,0,0,0,0,0,Month-to-month,1,Mailed check,44.0,44.0,0,44.0,0,0.80299026,High
2905-KFQUV,1,0,1,1,44,1,1,Fiber optic,0,1,1,0,0,1,One year,0,Electronic check,94.4,4295.35,0,97.62,3,0.056516953,Low
3370-HXOPH,1,0,0,0,18,1,0,Fiber optic,1,0,0,0,0,0,Month-to-month,1,Electronic check,75.4,1380.4,0,76.69,1,0.6659674,High
9391-YZEJW,1,0,1,0,65,1,0,DSL,1,1,1,0,0,1,Two year,0,Bank transfer (automatic),71.0,4386.2,0,67.48,4,0.061362673,Low
9958-MEKUC,0,0,0,0,3,1,0,No,0,0,0,0,0,0,One year,0,Mailed check,21.2,52.05,0,17.35,0,0.11600203,Low
0281-CNTZX,0,0,1,0,33,1,0,DSL,1,1,0,1,0,0,Two year,1,Mailed check,61.05,2018.4,0,61.16,3,0.06327221,Low
4118-CEVPF,1,0,0,0,34,1,0,DSL,1,0,1,1,1,1,One year,1,Bank transfer (automatic),79.95,2727.3,0,80.21,5,0.19081503,Low
9114-VEPUF,1,0,1,1,14,1,0,No,0,0,0,0,0,0,Two year,1,Mailed check,19.7,263.65,0,18.83,0,0.030406466,Low
7876-BEUTG,1,0,0,0,13,1,0,No,0,0,0,0,0,0,Month-to-month,1,Mailed check,20.3,275.4,0,21.18,0,0.23633268,Low
2338-BQEZT,0,0,1,1,23,1,1,No,0,0,0,0,0,0,One year,0,Mailed check,24.35,538.5,0,23.41,0,0.025646186,Low
9873-MNDKV,1,0,1,1,47,1,0,No,0,0,0,0,0,0,Two year,0,Mailed check,19.75,948.9,0,20.19,0,0.017916262,Low
8241-JUIQO,0,0,0,1,17,1,0,DSL,1,0,0,0,0,0,Month-to-month,1,Mailed check,50.3,846.8,0,49.81,1,0.1873003,Low
2194-IIQOF,0,1,1,0,59,0,0,DSL,0,1,0,0,1,1,Month-to-month,1,Electronic check,50.25,2997.45,0,50.8,3,0.6305194,High
9631-RXVJM,1,0,0,0,69,1,1,DSL,1,0,1,1,1,1,Two year,1,Credit card (automatic),85.35,5897.4,0,85.47,5,0.057800233,Low
9584-EXCDZ,0,0,0,0,10,1,0,DSL,1,0,0,0,0,0,Month-to-month,1,Mailed check,51.65,524.5,0,52.45,1,0.3944466,Medium
5093-FEGLU,0,0,1,1,12,1,1,No,0,0,0,0,0,0,Two year,1,Bank transfer (automatic),24.0,269.65,0,22.47,0,0.04297452,Low
2621-UDNLU,1,0,1,1,39,1,0,DSL,0,0,1,0,1,0,Month-to-month,1,Mailed check,59.85,2341.5,0,60.04,2,0.1169451,Low
7526-IVLYU,0,1,1,0,71,1,1,No,0,0,0,0,0,0,Two year,0,Credit card (automatic),25.45,1789.65,0,25.21,0,0.030248597,Low
2428-HYUNX,0,0,1,1,71,1,1,No,0,0,0,0,0,0,Two year,0,Credit card (automatic),23.9,1626.4,0,22.91,0,0.0071574734,Low
9214-EKVXR,1,0,1,1,33,1,1,No,0,0,0,0,0,0,One year,0,Credit card (automatic),24.15,800.3,0,24.25,0,0.022673922,Low
3410-MHHUM,0,1,0,0,67,1,1,Fiber optic,0,0,0,0,0,0,Month-to-month,1,Mailed check,75.7,5060.85,0,75.54,0,0.42367023,Medium
2122-YWVYA,1,0,1,0,9,1,0,DSL,0,1,0,0,0,0,Month-to-month,0,Mailed check,50.85,466.6,0,51.84,1,0.42456594,Medium
2296-DKZFP,0,0,1,0,52,1,1,Fiber optic,1,0,1,1,0,0,Two year,1,Credit card (automatic),91.6,4627.8,0,89.0,3,0.10427404,Low
8909-BOLNL,1,0,0,0,70,1,1,Fiber optic,0,1,0,0,1,1,One year,0,Electronic check,98.9,6838.6,0,97.69,3,0.4105961,Medium
6603-YRDCJ,0,0,0,0,1,1,0,Fiber optic,0,1,0,0,0,1,Month-to-month,1,Electronic check,85.0,85.0,0,85.0,2,0.92584896,High
3229-USWAR,0,0,0,0,1,1,0,DSL,0,0,0,0,0,0,Month-to-month,1,Mailed check,44.3,44.3,0,44.3,0,0.80032986,High
2138-VFAPZ,1,0,0,0,52,1,1,Fiber optic,0,1,0,0,0,0,One year,1,Mailed check,80.2,4297.6,0,82.65,1,0.25986373,Low
6131-JLWZM,0,0,0,0,6,1,0,DSL,0,0,1,0,1,0,Month-to-month,0,Mailed check,60.9,414.1,0,69.02,2,0.4383662,Medium
0269-XFESX,0,0,1,0,7,0,0,DSL,1,1,0,0,0,0,Month-to-month,0,Mailed check,34.2,256.6,0,36.66,2,0.49600762,Medium
1709-EJDOX,1,0,0,0,26,1,0,Fiber optic,1,0,1,1,0,0,One year,1,Credit card (automatic),87.15,2274.1,0,87.47,3,0.24556188,Low
4316-XCSLJ,0,0,1,1,25,1,0,DSL,1,0,0,1,0,0,Month-to-month,0,Electronic check,54.3,1296.8,0,51.87,2,0.12002153,Low
9693-XMUOB,0,0,0,0,69,1,0,No,0,0,0,0,0,0,Two year,1,Mailed check,19.1,1268.85,0,18.39,0,0.028849658,Low
0383-CLDDA,1,0,0,0,72,1,1,Fiber optic,1,1,1,1,1,1,Two year,1,Credit card (automatic),112.75,8192.6,0,113.79,6,0.09141117,Low
2709-UQGNP,0,0,0,0,4,1,0,No,0,0,0,0,0,0,Month-to-month,1,Mailed check,19.95,59.25,0,14.81,0,0.2984421,Low
3549-ZTMNH,0,0,1,1,59,1,0,No,0,0,0,0,0,0,Two year,0,Mailed check,19.5,1147.85,0,19.46,0,0.013951741,Low
8033-ATFAS,0,0,0,0,67,1,0,DSL,1,0,1,0,0,1,Two year,0,Bank transfer (automatic),65.55,4361.55,0,65.1,3,0.05207072,Low
1635-NZATJ,1,1,0,0,26,1,0,Fiber optic,0,0,0,0,0,1,Month-to-month,1,Electronic check,78.8,2006.1,0,77.16,1,0.725023,High
0562-HKHML,1,0,0,0,27,1,0,DSL,0,1,1,1,1,1,One year,0,Mailed check,78.2,2078.95,0,77.0,5,0.16383073,Low
8277-RVRSV,0,0,1,1,72,1,1,Fiber optic,1,0,1,0,1,1,Two year,0,Bank transfer (automatic),105.25,7609.75,0,105.69,4,0.04013747,Low
9943-VSZUV,1,0,0,0,6,1,0,Fiber optic,0,0,1,1,0,1,Month-to-month,1,Electronic check,89.25,487.05,0,81.18,3,0.79091597,High
7054-ENNGU,0,0,1,1,62,1,0,No,0,0,0,0,0,0,Two year,0,Credit card (automatic),20.65,1218.45,0,19.65,0,0.0077585797,Low
1455-HFBXA,0,0,0,0,20,1,1,DSL,0,1,0,1,1,0,One year,1,Electronic check,68.7,1416.2,0,70.81,3,0.2598703,Low
9402-CXWPL,0,0,0,0,6,1,0,DSL,1,0,1,1,1,1,Month-to-month,0,Credit card (automatic),78.65,483.3,0,80.55,5,0.43742985,Medium
1628-BIZYP,0,0,0,0,51,1,1,No,0,0,0,0,0,0,Two year,0,Mailed check,24.75,1234.6,0,24.21,0,0.04208151,Low
0082-LDZUE,1,0,1,1,61,1,0,No,0,0,0,0,0,0,Two year,0,Credit card (automatic),19.75,1311.6,0,21.5,0,0.009189269,Low
5343-SGUBI,0,1,1,0,62,1,1,Fiber optic,1,1,1,0,0,0,Month-to-month,1,Electronic check,89.1,5618.3,0,90.62,3,0.47159514,Medium
0856-NAOES,1,0,0,0,72,1,1,Fiber optic,1,0,0,1,0,0,Two year,1,Bank transfer (automatic),84.7,6185.15,0,85.9,2,0.046197373,Low
1976-AZZPJ,0,1,0,0,13,1,0,DSL,0,1,0,0,1,0,Month-to-month,1,Electronic check,59.9,788.35,0,60.64,2,0.6380104,High
6156-UZDLF,1,0,1,1,38,1,0,No,0,0,0,0,0,0,Two year,1,Mailed check,19.95,756.4,0,19.91,0,0.01824766,Low
3099-OONVS,0,1,1,1,34,1,1,Fiber optic,0,1,1,1,1,1,Month-to-month,1,Electronic check,108.9,3625.2,0,106.62,5,0.1964928,Low
9500-WBGRP,0,0,0,0,18,0,0,DSL,1,0,1,0,0,0,Month-to-month,0,Mailed check,33.6,550.35,0,30.58,2,0.34025753,Medium
5183-KLYEM,0,0,1,1,56,1,0,Fiber optic,0,1,1,1,0,0,One year,1,Mailed check,85.85,4793.8,0,85.6,3,0.026170313,Low
5144-PQCDZ,1,0,0,0,36,0,0,DSL,0,1,0,1,0,0,Month-to-month,1,Bank transfer (automatic),34.85,1267.2,0,35.2,2,0.37325454,Medium
8514-VZHEB,1,1,1,1,57,1,0,Fiber optic,0,1,1,1,1,0,Month-to-month,1,Credit card (automatic),95.3,5567.45,0,97.67,4,0.06908994,Low
6625-IUTTT,0,0,1,0,70,1,0,Fiber optic,1,1,0,1,0,0,Two year,0,Bank transfer (automatic),84.6,5706.2,0,81.52,3,0.068650186,Low
9355-NPPFS,1,0,0,0,68,0,0,DSL,0,1,0,1,0,1,Month-to-month,0,Electronic check,44.95,3085.35,0,45.37,3,0.3233971,Medium
0068-FIGTF,0,0,0,1,1,0,0,DSL,0,0,0,0,0,0,Month-to-month,1,Electronic check,24.7,24.7,0,24.7,0,0.7290246,High
5965-GGPRW,1,0,0,0,37,1,1,Fiber optic,0,0,0,1,1,1,Month-to-month,0,Credit card (automatic),100.3,3541.4,0,95.71,3,0.56991065,Medium
8035-PWSEV,1,0,0,1,4,1,1,No,0,0,0,0,0,0,Month-to-month,1,Mailed check,25.45,84.2,0,21.05,0,0.29782668,Low
2236-HILPA,0,0,0,0,1,1,0,DSL,1,0,0,0,0,0,Month-to-month,1,Mailed check,50.7,50.7,0,50.7,1,0.7416404,High
1840-BIUOG,0,0,0,0,20,0,0,DSL,1,1,1,1,1,0,Month-to-month,1,Credit card (automatic),55.0,1165.55,0,58.28,5,0.36009526,Medium
1356-MKYSK,0,0,1,1,72,1,0,DSL,1,1,0,1,1,0,Two year,0,Bank transfer (automatic),68.4,4855.35,0,67.44,4,0.008110269,Low
6080-LNESI,0,0,1,0,11,1,0,DSL,0,0,0,0,1,0,Month-to-month,1,Bank transfer (automatic),55.05,608.15,0,55.29,1,0.5763571,Medium
1830-IPXVJ,1,0,1,1,33,1,0,No,0,0,0,0,0,0,Two year,0,Credit card (automatic),19.8,641.35,0,19.43,0,0.017195685,Low
5828-DWPIL,1,1,0,0,62,1,1,Fiber optic,0,0,0,0,1,0,One year,0,Electronic check,84.45,4959.15,0,79.99,1,0.22136801,Low
8398-TBIYD,1,0,0,0,1,0,0,DSL,0,0,1,1,0,0,Month-to-month,0,Mailed check,35.9,35.9,0,35.9,2,0.7309653,High
2931-FSOHN,0,0,1,0,16,1,0,Fiber optic,1,1,0,0,0,0,Month-to-month,0,Bank transfer (automatic),80.75,1321.3,0,82.58,2,0.61513644,High
9418-RUKPH,0,0,1,1,22,1,1,DSL,0,0,1,1,1,1,One year,1,Mailed check,78.65,1663.75,0,75.62,4,0.058111977,Low
9971-ZWPBF,1,0,1,1,49,1,0,DSL,1,0,1,1,0,0,Month-to-month,0,Bank transfer (automatic),61.75,3024.15,0,61.72,3,0.0862649,Low
4712-AUQZO,0,0,1,1,36,1,0,DSL,1,0,1,0,0,1,One year,1,Credit card (automatic),63.7,2188.5,0,60.79,3,0.04475138,Low
9711-FJTBX,1,0,0,0,31,1,0,Fiber optic,1,0,1,1,0,0,Month-to-month,0,Electronic check,87.6,2724.25,0,87.88,3,0.5038746,Medium
2908-ZTPNF,0,0,1,0,5,1,1,Fiber optic,1,0,0,0,0,1,Month-to-month,1,Electronic check,89.15,413.25,0,82.65,2,0.8662857,High
8421-WZOOW,0,0,1,1,66,1,0,No,0,0,0,0,0,0,Two year,0,Credit card (automatic),20.0,1374.2,0,20.82,0,0.008636863,Low
1414-YADCW,0,0,0,0,64,1,1,Fiber optic,0,1,1,0,1,1,Two year,1,Bank transfer (automatic),104.4,6692.65,0,104.57,4,0.28991953,Low
8756-RDDLT,0,0,1,1,10,1,0,No,0,0,0,0,0,0,Month-to-month,1,Credit card (automatic),20.05,218.5,0,21.85,0,0.105677016,Low
2862-PFNIK,0,0,0,0,29,0,0,DSL,0,1,0,1,0,0,Month-to-month,0,Electronic check,34.3,1004.75,0,34.65,2,0.3907427,Medium
5816-QVHRX,0,0,0,0,57,1,0,No,0,0,0,0,0,0,Two year,0,Bank transfer (automatic),20.65,1125.6,0,19.75,0,0.03659595,Low
4430-YHXGG,1,0,0,0,46,1,1,Fiber optic,1,1,0,0,0,0,Month-to-month,0,Mailed check,84.25,3847.6,0,83.64,2,0.3833585,Medium
6888-SBYAI,0,0,0,0,53,1,0,No,0,0,0,0,0,0,Two year,0,Bank transfer (automatic),19.65,978.0,0,18.45,0,0.03182284,Low
7395-XWZOY,1,0,0,0,17,1,0,DSL,1,1,0,1,1,1,One year,0,Credit card (automatic),79.85,1387.35,0,81.61,5,0.19600017,Low
7169-YWAMK,1,0,1,1,38,1,0,No,0,0,0,0,0,0,Two year,1,Mailed check,20.2,746.05,0,19.63,0,0.017920574,Low
6859-RKMZJ,0,0,0,0,15,1,0,No,0,0,0,0,0,0,One year,0,Mailed check,19.8,304.6,0,20.31,0,0.08507028,Low
2729-VNVAP,1,0,0,0,22,0,0,DSL,0,1,0,0,1,1,Month-to-month,1,Electronic check,50.35,1098.85,0,49.95,3,0.6333225,High
2957-JIRMN,1,0,1,0,57,1,1,DSL,0,1,1,1,1,0,One year,0,Bank transfer (automatic),74.6,4368.95,0,76.65,4,0.1560396,Low
2049-BAFNW,0,1,0,0,11,1,0,Fiber optic,0,0,0,0,0,1,Month-to-month,1,Credit card (automatic),79.15,827.7,0,75.25,1,0.77510136,High
3842-QTGDL,1,0,1,1,1,1,0,No,0,0,0,0,0,0,Two year,0,Mailed check,20.35,20.35,0,20.35,0,0.11795642,Low
7163-OCEQI,0,0,1,1,12,1,0,No,0,0,0,0,0,0,Two year,0,Bank transfer (automatic),21.05,262.05,0,21.84,0,0.03218898,Low
9782-LGXMC,0,0,0,1,36,1,0,Fiber optic,0,1,0,0,1,1,Month-to-month,1,Electronic check,94.7,3512.5,0,97.57,3,0.21748115,Low
5975-BAICR,0,0,0,0,2,1,0,Fiber optic,0,1,0,0,0,0,Month-to-month,0,Electronic check,74.95,151.75,0,75.88,1,0.8152927,High
4673-KKSLS,0,0,1,1,72,1,0,Fiber optic,1,1,1,1,1,1,Two year,0,Bank transfer (automatic),111.95,8033.1,0,111.57,6,0.014822525,Low
4853-OITSN,0,0,0,0,62,1,0,No,0,0,0,0,0,0,Two year,0,Bank transfer (automatic),19.85,1253.65,0,20.22,0,0.027560607,Low
9800-OUIGR,1,0,0,0,6,1,1,Fiber optic,0,1,0,0,1,0,Month-to-month,1,Electronic check,89.75,552.65,0,92.11,2,0.8798311,High
2324-EFHVG,0,0,1,0,48,1,0,No,0,0,0,0,0,0,Two year,1,Mailed check,20.05,1036.0,0,21.58,0,0.058214124,Low
7094-MSZAO,0,0,0,0,35,1,1,Fiber optic,1,0,1,1,1,1,Two year,1,Electronic check,108.95,4025.5,0,115.01,5,0.5509247,Medium
6907-CQGPN,0,0,0,1,52,1,0,No,0,0,0,0,0,0,One year,0,Credit card (automatic),19.65,928.4,0,17.85,0,0.019773949,Low
0780-XNZFN,1,0,0,0,1,0,0,DSL,0,0,0,0,0,0,Month-to-month,1,Mailed check,24.9,24.9,0,24.9,0,0.8186494,High
0239-OXEXL,1,0,1,0,71,1,1,DSL,1,1,1,1,1,1,Two year,0,Credit card (automatic),93.2,6506.15,0,91.64,6,0.047669146,Low
2675-IJRGJ,1,0,1,1,67,1,0,Fiber optic,1,1,1,0,0,0,One year,0,Bank transfer (automatic),84.8,5598.3,0,83.56,3,0.022856621,Low
7049-GKVZY,0,1,0,0,60,1,1,DSL,1,1,0,0,0,1,One year,1,Electronic check,71.75,4374.55,0,72.91,3,0.22399858,Low
8577-QSOCG,0,0,1,1,23,0,0,DSL,0,0,0,1,0,0,Month-to-month,1,Bank transfer (automatic),30.35,678.75,0,29.51,1,0.1480236,Low
3721-CNZHX,0,0,0,1,39,0,0,DSL,0,0,1,1,1,1,One year,0,Bank transfer (automatic),54.85,2191.7,0,56.2,4,0.0803297,Low
0212-ISBBF,0,0,1,1,15,1,0,No,0,0,0,0,0,0,One year,1,Mailed check,19.5,239.75,0,15.98,0,0.043406054,Low
3585-YNADK,0,0,1,1,24,1,1,No,0,0,0,0,0,0,Two year,0,Mailed check,24.2,609.05,0,25.38,0,0.020698069,Low
5271-DBYSJ,1,0,1,1,37,1,0,No,0,0,0,0,0,0,Month-to-month,0,Electronic check,19.35,683.75,0,18.48,0,0.07670928,Low
1099-GODLO,1,1,1,0,50,1,1,Fiber optic,0,0,0,1,1,1,One year,1,Electronic check,100.65,5189.75,0,103.8,3,0.6163326,High
6828-HMKWP,1,0,0,0,54,1,0,Fiber optic,0,0,1,0,1,1,One year,1,Credit card (automatic),94.1,5060.9,0,93.72,3,0.3957026,Medium
1472-TNCWL,1,0,0,0,3,1,0,Fiber optic,1,0,0,0,0,0,Month-to-month,1,Electronic check,74.55,233.65,0,77.88,1,0.7913205,High
2080-GKCWQ,0,0,0,0,5,1,0,DSL,0,0,1,1,0,0,Month-to-month,0,Electronic check,56.15,291.45,0,58.29,2,0.58150756,Medium
2193-SFWQW,0,0,0,0,33,1,0,No,0,0,0,0,0,0,Two year,0,Mailed check,20.35,689.75,0,20.9,0,0.034711666,Low
5656-JAMLX,1,0,0,0,41,1,1,DSL,0,1,1,0,1,1,One year,1,Electronic check,80.55,3263.9,0,79.61,4,0.3842233,Medium
3462-BJQQA,1,0,1,1,34,0,0,DSL,1,0,1,1,1,1,One year,0,Mailed check,61.25,1993.2,0,58.62,5,0.05793434,Low
0442-TDYUO,1,0,1,1,13,1,0,No,0,0,0,0,0,0,Month-to-month,1,Mailed check,20.45,254.5,0,19.58,0,0.11478932,Low
6733-LRIZX,1,0,0,0,20,1,0,No,0,0,0,0,0,0,Month-to-month,1,Credit card (automatic),18.9,347.65,0,17.38,0,0.17422667,Low
9503-XJUME,1,1,0,0,51,1,0,No,0,0,0,0,0,0,Two year,0,Credit card (automatic),19.6,967.9,0,18.98,0,0.03663003,Low
4367-NHWMM,1,0,0,1,41,1,0,DSL,0,0,0,0,0,0,Month-to-month,0,Bank transfer (automatic),45.2,1841.9,0,44.92,0,0.11075153,Low
3779-OSWCF,1,0,0,0,13,1,0,No,0,0,0,0,0,0,Month-to-month,0,Credit card (automatic),19.45,232.1,0,17.85,0,0.17449,Low
6736-DHUQI,0,0,1,1,35,1,1,No,0,0,0,0,0,0,Two year,0,Bank transfer (automatic),25.45,809.25,0,23.12,0,0.020842817,Low
3915-ODIYG,0,0,0,0,4,1,0,Fiber optic,1,1,0,1,0,1,Month-to-month,1,Mailed check,94.9,360.55,0,90.14,4,0.6720047,High
1360-RCYRT,1,1,1,1,12,0,0,DSL,0,0,0,1,0,0,Month-to-month,1,Mailed check,29.3,355.9,0,29.66,1,0.26855442,Low
2724-FJDYW,1,0,0,0,7,1,0,No,0,0,0,0,0,0,One year,0,Mailed check,20.25,129.15,0,18.45,0,0.0688119,Low
4451-RWASJ,1,0,1,0,53,1,0,Fiber optic,1,1,1,1,1,1,One year,0,Electronic check,110.5,5835.5,0,110.1,6,0.5399789,Medium
3460-TJBWI,0,1,0,0,63,1,1,Fiber optic,1,1,1,0,1,1,Month-to-month,1,Bank transfer (automatic),109.4,7031.45,0,111.61,5,0.53215545,Medium
5917-HBSDW,1,0,0,0,5,1,0,No,0,0,0,0,0,0,Month-to-month,0,Mailed check,19.95,109.6,0,21.92,0,0.28828976,Low
5671-UUNXD,1,1,1,0,37,1,0,No,0,0,0,0,0,0,One year,0,Mailed check,19.6,727.8,0,19.67,0,0.108107015,Low
0956-ACVZC,1,0,0,1,12,1,1,Fiber optic,0,0,0,0,0,0,Month-to-month,1,Electronic check,76.6,893.0,0,74.42,0,0.5881069,Medium
2325-NBPZG,1,0,1,1,38,1,0,No,0,0,0,0,0,0,One year,0,Credit card (automatic),19.6,763.1,0,20.08,0,0.022080032,Low
4482-FTFFX,1,0,0,0,9,1,0,Fiber optic,0,0,1,0,0,1,Month-to-month,1,Credit card (automatic),85.3,781.4,0,86.82,2,0.78633535,High
8859-DZTGQ,0,0,1,0,13,1,1,DSL,1,0,0,0,0,1,Month-to-month,1,Electronic check,65.85,902.25,0,69.4,2,0.6215706,High
0440-MOGPM,1,0,1,1,47,1,0,No,0,0,0,0,0,0,Two year,0,Credit card (automatic),20.05,1016.7,0,21.63,0,0.01236954,Low
0020-JDNXP,0,0,1,0,61,1,1,Fiber optic,1,0,1,1,1,0,Month-to-month,0,Bank transfer (automatic),99.4,5943.65,0,97.44,4,0.43106428,Medium
3752-CQSJI,0,0,0,0,16,1,0,No,0,0,0,0,0,0,Month-to-month,0,Mailed check,20.0,275.7,0,17.23,0,0.14132704,Low
5025-GOOKI,1,0,1,1,41,1,0,DSL,1,1,0,1,1,1,Two year,0,Electronic check,78.45,3126.45,0,76.25,5,0.033700828,Low
4698-KVLLG,1,0,0,1,43,1,1,No,0,0,0,0,0,0,Two year,1,Electronic check,25.1,1070.15,0,24.89,0,0.042121682,Low
2887-JPYLU,1,0,0,0,6,1,0,DSL,0,0,0,0,0,1,Month-to-month,1,Electronic check,55.0,340.4,0,56.73,1,0.6499187,High
4770-QAZXN,1,0,0,0,58,1,1,DSL,1,1,1,1,0,0,One year,1,Credit card (automatic),71.1,4299.2,0,74.12,4,0.11013748,Low
4896-CPRPF,0,0,0,0,19,1,0,DSL,0,0,0,1,1,0,Month-to-month,1,Credit card (automatic),61.55,1093.2,0,57.54,2,0.3862611,Medium
9714-EDSUC,0,0,1,0,11,1,0,DSL,0,0,0,0,0,0,Month-to-month,1,Bank transfer (automatic),45.9,521.9,0,47.45,0,0.5512886,Medium
0282-NVSJS,1,0,0,0,39,0,0,DSL,1,1,0,1,0,0,One year,1,Bank transfer (automatic),40.3,1630.4,0,41.81,3,0.17824072,Low
7353-YOWFP,1,1,0,0,8,1,0,Fiber optic,0,1,0,0,1,0,Month-to-month,1,Electronic check,87.1,713.6,0,89.2,2,0.86647356,High
8008-ESFLK,1,0,0,1,26,1,1,DSL,0,0,0,0,0,0,Month-to-month,1,Mailed check,49.5,1265.65,0,48.68,0,0.13341874,Low
7537-CBQUZ,1,1,0,0,53,1,0,Fiber optic,0,1,0,0,0,0,Month-to-month,1,Credit card (automatic),73.8,4003.85,0,75.54,1,0.5090723,Medium
3363-EWLGO,1,0,1,1,70,1,0,No,0,0,0,0,0,0,Two year,1,Mailed check,19.2,1401.4,0,20.02,0,0.011794493,Low
4750-UKWJK,0,0,0,0,59,1,1,No,0,0,0,0,0,0,Two year,0,Mailed check,25.0,1510.5,0,25.6,0,0.02994814,Low
1689-YQBYY,0,0,0,0,7,0,0,DSL,1,0,1,0,0,0,One year,0,Mailed check,35.3,264.8,0,37.83,2,0.20284423,Low
4487-ZYJZK,0,0,1,1,59,1,0,DSL,0,1,1,1,1,1,One year,0,Credit card (automatic),76.75,4541.9,0,76.98,5,0.0274706,Low
2959-FENLU,0,0,1,1,61,1,1,DSL,0,0,1,1,1,1,Two year,1,Bank transfer (automatic),81.0,4976.15,0,81.58,4,0.012797089,Low
0708-LGSMF,0,0,1,1,72,1,1,Fiber optic,1,0,1,0,1,1,Two year,1,Bank transfer (automatic),105.55,7542.25,0,104.75,4,0.025994455,Low
7634-HLQJR,1,0,1,1,13,1,0,No,0,0,0,0,0,0,Month-to-month,0,Mailed check,18.8,251.25,0,19.33,0,0.12989359,Low
0487-RPVUM,1,0,1,1,64,1,1,No,0,0,0,0,0,0,One year,0,Mailed check,24.9,1595.5,0,24.93,0,0.01353015,Low
4079-ULGFR,1,0,0,0,10,1,0,DSL,0,1,0,1,0,1,One year,0,Mailed check,64.9,685.55,0,68.55,3,0.17940292,Low
2516-XSJKX,1,0,1,1,65,1,0,DSL,1,1,1,0,0,0,One year,0,Bank transfer (automatic),61.35,3874.1,0,59.6,3,0.020516267,Low
0057-QBUQH,1,0,1,0,62,1,1,Fiber optic,1,1,1,1,1,1,Two year,0,Mailed check,113.95,6891.4,0,111.15,6,0.2119536,Low
6599-SFQVE,1,0,1,0,55,1,1,DSL,1,1,1,1,1,1,One year,1,Electronic check,90.15,4916.95,0,89.4,6,0.25116998,Low
8331-ZXFOE,1,0,1,0,25,1,1,DSL,0,1,0,0,0,0,Month-to-month,0,Electronic check,54.1,1373.0,0,54.92,1,0.44640234,Medium
4003-FUSHP,0,0,0,0,1,1,0,DSL,1,0,0,0,0,0,Month-to-month,1,Credit card (automatic),49.8,49.8,0,49.8,1,0.7592529,High
0356-ERHVT,0,1,1,1,64,1,1,No,0,0,0,0,0,0,Two year,1,Bank transfer (automatic),24.4,1548.65,0,24.2,0,0.011180529,Low
7325-ENZFI,0,0,1,0,36,1,1,Fiber optic,0,0,0,0,1,1,Month-to-month,1,Bank transfer (automatic),95.0,3440.25,0,95.56,2,0.7365372,High
4884-ZTHVF,0,0,1,0,61,1,1,DSL,1,0,1,0,0,1,Two year,1,Mailed check,69.9,4226.7,0,69.29,3,0.059159774,Low
3920-HIHMQ,0,0,0,1,26,0,0,DSL,0,1,0,0,1,0,One year,1,Bank transfer (automatic),39.95,1023.75,0,39.38,2,0.10273605,Low
3055-OYMSE,0,0,1,1,68,1,0,Fiber optic,1,1,1,0,1,1,Two year,1,Credit card (automatic),103.25,7074.4,0,104.04,5,0.030116433,Low
0613-WUXUM,1,0,1,0,72,1,1,Fiber optic,1,1,1,1,0,0,Two year,1,Bank transfer (automatic),94.25,6849.75,0,95.14,4,0.044391282,Low
4458-KVRBJ,1,0,1,0,71,0,0,DSL,0,0,1,1,0,1,Two year,1,Electronic check,47.05,3263.6,0,45.97,3,0.11057796,Low
1397-XKKWR,0,0,0,0,57,1,0,No,0,0,0,0,0,0,Two year,0,Credit card (automatic),20.55,1252.85,0,21.98,0,0.02797274,Low
8097-OMULG,0,0,0,0,4,1,0,No,0,0,0,0,0,0,Month-to-month,1,Mailed check,19.65,67.55,0,16.89,0,0.31825137,Medium
6013-BHCAW,1,1,0,0,1,1,0,Fiber optic,0,0,0,0,0,0,Month-to-month,1,Electronic check,70.2,70.2,0,70.2,0,0.93434817,High
0401-WDBXM,0,0,1,1,72,1,1,DSL,1,1,1,1,0,1,Two year,0,Credit card (automatic),81.0,5750.0,0,79.86,5,0.007899839,Low
3387-PLKUI,0,0,1,1,21,1,1,DSL,1,0,0,0,1,1,One year,1,Bank transfer (automatic),75.9,1549.75,0,73.8,3,0.061977983,Low
6096-EGVTU,1,0,1,1,71,1,1,No,0,0,0,0,0,0,Two year,0,Bank transfer (automatic),24.7,1810.55,0,25.5,0,0.007938982,Low
5081-NWSUP,1,1,0,0,69,1,1,Fiber optic,1,0,1,1,1,1,Two year,0,Credit card (automatic),110.25,7467.55,0,108.23,5,0.3193916,Medium
2580-ATZSQ,1,0,1,0,64,1,1,DSL,1,0,1,1,1,1,Two year,1,Credit card (automatic),85.0,5484.4,0,85.69,5,0.05356691,Low
8085-MSNLK,0,0,0,0,16,1,0,No,0,0,0,0,0,0,Month-to-month,0,Credit card (automatic),19.75,294.9,0,18.43,0,0.15803386,Low
9691-HKOVS,1,0,0,0,4,1,1,No,0,0,0,0,0,0,One year,0,Electronic check,23.9,97.5,0,24.38,0,0.21083999,Low
9881-VCZEP,0,0,0,0,1,1,0,No,0,0,0,0,0,0,Month-to-month,0,Mailed check,19.95,19.95,0,19.95,0,0.61499727,High
8757-TFHHJ,0,0,0,0,18,0,0,DSL,0,0,0,0,0,0,Month-to-month,0,Mailed check,25.15,476.8,0,26.49,0,0.32706076,Medium
1468-DEFNC,1,0,0,0,2,1,1,DSL,0,1,0,0,0,0,Month-to-month,0,Mailed check,54.15,101.65,0,50.82,1,0.68661267,High
5119-KEPFY,1,0,1,0,19,1,0,DSL,0,1,0,0,0,1,Month-to-month,1,Mailed check,59.8,1130.85,0,59.52,2,0.45875716,Medium
0916-KNFAJ,1,0,0,0,40,1,1,Fiber optic,0,0,0,0,0,1,Month-to-month,0,Bank transfer (automatic),83.85,3532.25,0,88.31,1,0.530448,Medium
8319-QBEHW,1,1,1,1,66,1,1,Fiber optic,0,1,1,0,1,1,One year,1,Electronic check,104.9,6891.45,0,104.42,4,0.085016884,Low
9625-QNLUX,0,0,0,0,21,1,1,Fiber optic,0,0,0,0,0,0,Month-to-month,0,Mailed check,75.3,1570.7,0,74.8,0,0.49265152,Medium
4024-CSNBY,0,0,0,0,8,1,0,DSL,0,1,0,1,1,0,Month-to-month,1,Electronic check,66.65,520.95,0,65.12,3,0.53323793,Medium
7110-BDTWG,1,0,1,1,72,1,0,Fiber optic,1,1,1,1,1,1,Two year,1,Credit card (automatic),109.5,7854.9,0,109.1,6,0.016047267,Low
7493-GVFIO,1,0,0,0,48,1,1,DSL,0,1,1,1,1,0,One year,1,Bank transfer (automatic),73.85,3581.4,0,74.61,4,0.18076394,Low
0690-SRQID,0,0,0,0,69,1,0,No,0,0,0,0,0,0,Two year,1,Bank transfer (automatic),19.3,1447.9,0,20.98,0,0.041211963,Low
9605-WGJVW,0,0,0,0,72,1,1,Fiber optic,1,1,1,1,1,1,Two year,1,Electronic check,118.2,8547.15,0,118.71,6,0.13955012,Low
9114-DPSIA,1,0,0,0,14,1,0,DSL,0,1,0,0,0,0,One year,0,Credit card (automatic),51.45,727.85,0,51.99,1,0.17538947,Low
4700-UBQMV,0,0,0,0,6,1,0,DSL,0,1,0,0,1,0,Month-to-month,0,Electronic check,59.45,357.6,0,59.6,2,0.5303329,Medium
7711-GQBZC,1,0,1,1,8,1,0,No,0,0,0,0,0,0,Two year,0,Bank transfer (automatic),19.5,159.35,0,19.92,0,0.044498246,Low
4627-MIHJH,1,0,0,0,17,1,0,No,0,0,0,0,0,0,One year,0,Mailed check,19.55,280.85,0,16.52,0,0.05919925,Low
9795-NREXC,0,0,0,0,65,1,1,Fiber optic,1,0,0,1,0,1,One year,0,Electronic check,93.55,6069.25,0,93.37,3,0.25413835,Low
8573-CGOCC,1,0,1,1,57,1,0,DSL,1,0,1,1,0,0,One year,1,Mailed check,59.3,3274.35,0,57.44,3,0.037241567,Low
7356-AYNJP,1,0,1,0,56,1,1,Fiber optic,1,1,1,0,1,1,One year,0,Bank transfer (automatic),109.8,6109.65,0,109.1,5,0.51958066,Medium
6286-SUUWT,1,0,1,0,14,1,0,Fiber optic,0,0,0,0,0,1,Month-to-month,1,Electronic check,78.1,1122.4,0,80.17,1,0.8576065,High
4819-HJPIW,0,0,1,0,52,0,0,DSL,1,0,0,0,0,1,Month-to-month,1,Electronic check,39.9,2020.9,0,38.86,2,0.60554904,High
8654-DHAOW,1,0,0,0,58,1,0,DSL,1,1,1,1,0,0,Two year,1,Credit card (automatic),64.9,3795.45,0,65.44,4,0.04275734,Low
5438-QMDDL,1,0,0,0,67,0,0,DSL,0,0,1,1,1,1,Month-to-month,1,Credit card (automatic),53.4,3579.15,0,53.42,4,0.319916,Medium
9812-GHVRI,0,0,0,0,2,0,0,DSL,0,0,0,0,0,0,Month-to-month,1,Credit card (automatic),24.9,49.7,0,24.85,0,0.7444624,High
5553-AOINX,0,1,0,0,6,1,0,DSL,0,0,0,0,0,0,Month-to-month,0,Credit card (automatic),44.7,276.5,0,46.08,0,0.45492917,Medium
1228-ZLNBX,0,0,1,1,71,1,1,Fiber optic,1,1,1,1,1,1,Two year,1,Bank transfer (automatic),114.0,8175.9,0,115.15,6,0.022874668,Low
4226-KKDON,1,0,1,1,46,1,0,No,0,0,0,0,0,0,Two year,0,Bank transfer (automatic),20.25,890.35,0,19.36,0,0.014850158,Low
3831-YCPUO,0,1,1,0,67,1,1,Fiber optic,1,1,0,0,0,0,Month-to-month,0,Bank transfer (automatic),83.85,5588.8,0,83.41,2,0.4117514,Medium
7445-WMRBW,0,0,0,1,3,1,0,No,0,0,0,0,0,0,Month-to-month,0,Bank transfer (automatic),20.2,50.6,0,16.87,0,0.15575054,Low
3308-DGHKL,1,0,0,0,3,1,0,No,0,0,0,0,0,0,Month-to-month,0,Mailed check,19.95,58.0,0,19.33,0,0.34431234,Medium
9924-JPRMC,0,0,1,1,50,1,0,No,0,0,0,0,0,0,One year,1,Mailed check,20.35,938.95,0,18.78,0,0.019683378,Low
0080-EMYVY,0,1,1,0,23,1,0,Fiber optic,1,1,0,0,0,1,Month-to-month,1,Electronic check,90.0,2024.1,0,88.0,3,0.684096,High
6218-KNUBD,1,0,1,1,67,0,0,DSL,1,1,1,1,1,0,Two year,0,Credit card (automatic),54.2,3623.95,0,54.09,5,0.017961398,Low
7337-CINUD,1,1,1,0,39,1,0,Fiber optic,1,1,0,0,1,1,One year,0,Mailed check,99.1,3877.95,0,99.43,4,0.42569673,Medium
7609-NRNCA,1,0,0,0,69,1,1,DSL,1,1,0,1,0,0,Two year,1,Mailed check,66.9,4577.9,0,66.35,3,0.03954048,Low
0623-EJQEG,1,0,0,0,1,0,0,DSL,0,0,0,0,0,0,One year,0,Mailed check,25.85,25.85,0,25.85,0,0.5378702,Medium
7153-CHRBV,0,0,0,0,32,1,0,Fiber optic,0,0,0,0,1,1,Month-to-month,0,Electronic check,91.05,2871.5,0,89.73,2,0.6753588,High
6198-PNNSZ,0,0,1,1,60,1,0,No,0,0,0,0,0,0,Two year,1,Bank transfer (automatic),20.95,1270.55,0,21.18,0,0.009792361,Low
3317-VLGQT,1,0,1,1,72,1,1,Fiber optic,0,1,1,1,1,1,Two year,1,Bank transfer (automatic),109.2,7711.45,0,107.1,5,0.027178874,Low
4132-POCZS,1,1,0,0,26,1,0,Fiber optic,1,0,0,0,1,0,Month-to-month,1,Credit card (automatic),85.8,2193.65,0,84.37,2,0.59802926,Medium
5614-DNZCE,0,0,0,0,2,1,0,No,0,0,0,0,0,0,Month-to-month,1,Electronic check,19.65,31.2,0,15.6,0,0.5808079,Medium
3896-RCYYE,1,0,0,1,2,1,0,No,0,0,0,0,0,0,One year,0,Bank transfer (automatic),20.5,38.25,0,19.12,0,0.1292482,Low
9638-JIQYA,1,0,0,0,36,1,1,DSL,1,0,1,1,1,1,One year,1,Credit card (automatic),89.65,3348.1,0,93.0,5,0.21610966,Low
3258-SANFR,0,0,0,0,7,1,0,Fiber optic,1,0,0,0,0,0,Month-to-month,0,Mailed check,74.35,533.6,0,76.23,1,0.57830656,Medium
3726-TBHQT,1,1,1,0,60,0,0,DSL,0,1,0,0,1,1,Two year,1,Credit card (automatic),49.45,2907.55,0,48.46,3,0.123744234,Low
3190-ITQXP,1,0,1,0,19,1,1,Fiber optic,0,1,0,0,0,1,Month-to-month,1,Electronic check,89.1,1620.8,0,85.31,2,0.7884614,High
4833-QTJNO,0,1,1,0,45,1,1,DSL,1,0,1,1,0,1,Two year,0,Credit card (automatic),75.15,3480.35,0,77.34,4,0.07678187,Low
3039-MJSLN,0,1,0,0,4,1,0,Fiber optic,0,0,0,0,0,0,Month-to-month,1,Electronic check,70.65,293.85,0,73.46,0,0.8552345,High
0178-CIIKR,0,0,1,1,47,1,0,Fiber optic,1,0,1,0,0,1,Month-to-month,0,Electronic check,90.05,4137.2,0,88.03,3,0.09657866,Low
5774-QPLTF,1,0,0,0,1,1,0,No,0,0,0,0,0,0,Month-to-month,0,Credit card (automatic),19.4,19.4,0,19.4,0,0.5669405,Medium
2322-VCZHZ,1,1,1,1,59,1,1,Fiber optic,0,0,1,0,0,1,Month-to-month,1,Credit card (automatic),88.75,5348.65,0,90.66,2,0.0805073,Low
5010-IPEAQ,0,1,0,0,35,1,1,Fiber optic,1,0,0,0,0,1,Month-to-month,0,Credit card (automatic),91.0,3180.5,0,90.87,2,0.5630048,Medium
6383-ZTSIW,0,0,1,1,32,1,0,Fiber optic,1,1,0,0,0,1,One year,1,Electronic check,90.8,3023.85,0,94.5,3,0.07522835,Low
8990-YOZLV,1,1,1,0,54,1,0,No,0,0,0,0,0,0,Two year,1,Mailed check,18.95,1031.1,0,19.09,0,0.073147245,Low
3069-SSVSN,1,1,0,0,66,1,1,Fiber optic,1,0,0,0,1,1,Two year,1,Bank transfer (automatic),102.4,6471.85,0,98.06,3,0.264411,Low
5222-IMUKT,0,0,1,1,61,1,1,Fiber optic,0,0,1,0,1,1,One year,1,Electronic check,99.9,6241.35,0,102.32,3,0.08396928,Low
6685-XSHHU,0,0,1,1,72,1,1,DSL,1,1,1,1,1,1,Two year,0,Credit card (automatic),88.7,6501.35,0,90.3,6,0.007744767,Low
8901-UPRHR,0,0,1,1,44,0,0,DSL,0,0,1,1,1,1,One year,1,Electronic check,54.3,2317.1,0,52.66,4,0.1100476,Low
0118-JPNOY,0,0,0,0,41,1,1,DSL,0,0,1,0,0,0,Month-to-month,1,Bank transfer (automatic),55.7,2237.55,0,54.57,1,0.41139162,Medium
3845-FXCYS,0,0,1,0,50,1,1,Fiber optic,1,0,1,0,1,1,One year,1,Electronic check,103.95,5231.3,0,104.63,4,0.66021466,High
5857-XRECV,0,0,1,1,8,1,0,No,0,0,0,0,0,0,Two year,0,Mailed check,20.15,165.5,0,20.69,0,0.030766804,Low
0725-CXOTM,0,0,0,0,18,1,0,No,0,0,0,0,0,0,Month-to-month,0,Mailed check,20.05,358.5,0,19.92,0,0.15372688,Low
4343-EJVQB,0,0,1,1,72,1,1,DSL,1,1,1,1,1,1,Two year,1,Credit card (automatic),91.95,6614.9,0,91.87,6,0.0068500387,Low
9000-PLFUZ,1,1,0,0,42,1,1,DSL,0,0,1,0,0,0,Month-to-month,0,Electronic check,55.65,2421.75,0,57.66,1,0.46632737,Medium
3427-GGZZI,1,1,0,0,18,1,0,Fiber optic,0,1,0,0,0,0,Month-to-month,1,Electronic check,74.7,1294.6,0,71.92,1,0.73359764,High
7779-ORAEL,1,0,0,1,13,1,1,Fiber optic,0,1,1,0,1,1,One year,1,Credit card (automatic),104.15,1299.1,0,99.93,4,0.36801773,Medium
0644-OQMDK,1,0,1,1,68,1,1,Fiber optic,0,1,0,1,0,0,One year,1,Bank transfer (automatic),83.65,5733.4,0,84.31,2,0.026701014,Low
3154-CFSZG,0,0,0,0,69,1,1,Fiber optic,1,1,1,0,1,1,Two year,1,Credit card (automatic),110.05,7430.75,0,107.69,5,0.36207116,Medium
2220-IAHLS,0,0,1,1,25,1,1,No,0,0,0,0,0,0,Two year,0,Credit card (automatic),25.5,630.6,0,25.22,0,0.020751527,Low
1658-XUHBX,1,0,1,1,59,1,0,No,0,0,0,0,0,0,Two year,0,Credit card (automatic),19.5,1222.65,0,20.72,0,0.010942803,Low
2378-HTWFW,1,1,0,0,5,1,0,Fiber optic,1,1,0,0,0,0,Month-to-month,0,Electronic check,80.7,374.8,0,74.96,2,0.69850636,High
4377-VDHYI,1,0,1,1,69,1,1,Fiber optic,1,1,1,1,1,0,One year,1,Credit card (automatic),105.1,7234.8,0,104.85,5,0.0516155,Low
3719-TDVQB,0,0,0,0,13,0,0,DSL,0,0,0,0,0,0,Month-to-month,1,Bank transfer (automatic),25.15,331.85,0,25.53,0,0.51562566,Medium
0201-MIBOL,0,0,1,0,52,1,1,Fiber optic,0,1,0,1,0,1,Month-to-month,1,Credit card (automatic),95.65,5088.4,0,97.85,3,0.5329487,Medium
4937-QPZPO,0,0,1,0,61,1,1,DSL,1,1,1,1,0,1,Two year,1,Bank transfer (automatic),80.8,4860.85,0,79.69,5,0.04425028,Low
2925-VDZHY,0,0,0,0,29,0,0,DSL,0,0,0,0,0,0,One year,1,Mailed check,24.85,788.05,0,27.17,0,0.19126512,Low
6981-TDRFT,1,0,0,1,25,1,0,DSL,0,1,0,1,0,0,One year,1,Credit card (automatic),54.75,1266.35,0,50.65,2,0.061109155,Low
3413-CSSTH,0,0,0,0,15,0,0,DSL,0,0,1,0,1,1,One year,0,Electronic check,50.75,688.2,0,45.88,3,0.4062828,Medium
8033-VCZGH,1,0,1,1,19,1,0,No,0,0,0,0,0,0,Two year,0,Mailed check,20.15,387.7,0,20.41,0,0.019517057,Low
0224-NIJLP,0,0,0,0,44,1,0,No,0,0,0,0,0,0,Two year,0,Mailed check,20.05,845.25,0,19.21,0,0.034359876,Low
7542-CYDDM,0,0,1,1,58,1,1,DSL,1,1,1,1,0,0,Two year,0,Credit card (automatic),71.6,4230.25,0,72.94,4,0.013427756,Low
4718-WXBGI,0,0,1,1,62,1,0,Fiber optic,1,1,0,0,0,0,One year,1,Credit card (automatic),81.45,4983.05,0,80.37,2,0.018869773,Low
8495-PRWFH,1,0,1,1,70,0,0,DSL,0,1,1,1,1,1,One year,1,Bank transfer (automatic),58.4,4113.15,0,58.76,5,0.045235015,Low
0439-IFYUN,0,0,1,1,10,0,0,DSL,1,1,1,1,0,1,Two year,0,Credit card (automatic),53.7,521.0,0,52.1,5,0.06129616,Low
5716-LIBJC,0,0,0,0,26,1,0,No,0,0,0,0,0,0,One year,1,Bank transfer (automatic),19.6,471.85,0,18.15,0,0.07537594,Low
2868-LLSKM,0,0,0,0,66,1,1,Fiber optic,0,1,0,0,0,1,Month-to-month,0,Credit card (automatic),89.4,5976.9,0,90.56,2,0.436876,Medium
2988-QRAJY,0,0,1,1,51,1,1,Fiber optic,0,1,0,1,0,0,One year,0,Bank transfer (automatic),84.2,4299.75,0,84.31,2,0.02925082,Low
0071-NDAFP,0,0,1,1,72,1,1,Fiber optic,1,1,1,1,1,0,Two year,1,Credit card (automatic),106.1,7548.6,0,104.84,5,0.017155543,Low
7328-ZJAJO,0,0,0,0,65,1,1,No,0,0,0,0,0,0,Two year,0,Mailed check,25.75,1654.75,0,25.46,0,0.031195669,Low
6458-CYIDZ,0,0,0,1,70,1,1,DSL,1,1,0,1,0,0,One year,0,Bank transfer (automatic),64.95,4551.5,0,65.02,3,0.028490108,Low
1090-PYKCI,0,0,1,0,72,1,1,DSL,0,1,1,1,1,1,Two year,1,Credit card (automatic),85.45,6227.5,0,86.49,5,0.04034061,Low
3058-WQDRE,1,0,1,1,1,1,0,No,0,0,0,0,0,0,Month-to-month,0,Mailed check,20.05,20.05,0,20.05,0,0.46638295,Medium
2279-AXJJK,0,0,0,0,3,1,0,No,0,0,0,0,0,0,Month-to-month,0,Mailed check,20.7,57.5,0,19.17,0,0.30214968,Medium
0909-SELIE,0,0,0,0,58,1,1,No,0,0,0,0,0,0,Two year,1,Credit card (automatic),25.3,1474.35,0,25.42,0,0.045603003,Low
3417-TSCIC,0,1,1,0,33,1,1,Fiber optic,0,1,0,0,1,1,Month-to-month,1,Bank transfer (automatic),100.6,3270.25,0,99.1,3,0.7896066,High
1042-HFUCW,0,1,1,0,54,1,1,Fiber optic,0,0,0,0,0,0,Month-to-month,0,Bank transfer (automatic),74.0,3919.15,0,72.58,0,0.5442716,Medium
6537-OTKMY,0,0,1,0,72,1,1,Fiber optic,0,1,0,0,1,1,Two year,1,Electronic check,99.4,7285.7,0,101.19,3,0.18512197,Low
8999-EXMNO,1,0,1,1,72,1,1,Fiber optic,1,1,1,1,0,1,Two year,0,Credit card (automatic),107.45,7658.3,0,106.37,5,0.022134742,Low
6725-TPKJO,1,0,1,1,72,1,1,DSL,1,1,1,0,1,1,Two year,1,Credit card (automatic),83.6,5959.3,0,82.77,5,0.007835382,Low
7162-WPHPM,0,1,1,0,54,1,1,Fiber optic,0,0,1,0,1,1,Month-to-month,1,Credit card (automatic),99.05,5295.7,0,98.07,3,0.7323545,High
1599-MMYRQ,1,0,1,0,59,1,1,DSL,0,1,0,1,1,1,One year,1,Electronic check,80.1,4693.2,0,79.55,4,0.2526886,Low
8821-KVZKQ,0,0,0,0,54,1,0,DSL,1,1,0,0,1,0,Two year,1,Bank transfer (automatic),65.3,3512.9,0,65.05,3,0.0653618,Low
6434-TTGJP,0,0,0,0,60,1,1,Fiber optic,0,0,1,0,1,0,Two year,1,Electronic check,89.55,5231.2,0,87.19,2,0.18057227,Low
0042-JVWOJ,1,0,1,0,60,0,0,DSL,0,1,1,1,1,1,Two year,0,Credit card (automatic),60.8,3603.45,0,60.06,5,0.06593572,Low
0130-SXOUN,0,0,0,0,3,1,1,Fiber optic,0,0,0,0,0,0,Month-to-month,0,Electronic check,74.5,217.45,0,72.48,0,0.8266119,High
2330-PQGDQ,1,0,1,0,69,1,1,Fiber optic,1,0,0,0,1,1,Two year,0,Bank transfer (automatic),99.15,6875.35,0,99.64,3,0.20690624,Low
1452-UZOSF,1,0,1,1,1,1,0,No,0,0,0,0,0,0,Month-to-month,0,Electronic check,19.25,19.25,0,19.25,0,0.50222945,Medium
2097-YVPKN,0,0,1,1,50,0,0,DSL,1,0,0,0,1,0,Month-to-month,1,Credit card (automatic),39.45,2021.35,0,40.43,2,0.12302403,Low
8597-CTXVJ,1,0,0,0,56,0,0,DSL,0,0,0,0,1,1,Month-to-month,1,Credit card (automatic),44.85,2564.95,0,45.8,2,0.5329155,Medium
6631-HMANX,1,0,1,0,60,1,0,Fiber optic,1,0,0,1,1,1,Two year,1,Electronic check,97.2,5611.75,0,93.53,4,0.21661048,Low
9962-BFPDU,0,1,1,0,69,1,1,Fiber optic,1,0,1,1,1,1,One year,1,Mailed check,110.55,7610.1,0,110.29,5,0.51633674,Medium
6394-HHHZM,1,0,1,0,3,1,0,No,0,0,0,0,0,0,Month-to-month,1,Mailed check,19.9,45.75,0,15.25,0,0.37179413,Medium
5995-LFTLE,0,0,1,1,60,1,0,DSL,0,1,0,1,1,1,Two year,0,Bank transfer (automatic),76.95,4543.95,0,75.73,4,0.011767984,Low
1932-UEDCX,1,0,0,0,13,0,0,DSL,0,0,1,1,0,0,Two year,0,Mailed check,35.4,450.4,0,34.65,2,0.1275173,Low
5188-HGMLP,0,0,1,1,62,1,0,No,0,0,0,0,0,0,Two year,0,Bank transfer (automatic),20.45,1297.35,0,20.92,0,0.007694067,Low
0665-XHDJU,1,0,0,0,45,1,1,Fiber optic,1,1,0,0,0,1,One year,0,Bank transfer (automatic),96.75,4442.75,0,98.73,3,0.31165665,Medium
8265-HKSOW,1,0,0,0,25,0,0,DSL,0,0,1,1,1,1,One year,0,Electronic check,54.2,1423.15,0,56.93,4,0.25112155,Low
3544-FBCAS,0,0,0,0,44,1,0,Fiber optic,0,0,1,1,1,1,Two year,0,Bank transfer (automatic),100.1,4378.35,0,99.51,4,0.25378206,Low
5331-RGMTT,1,0,0,0,2,1,0,DSL,0,0,0,0,0,0,Month-to-month,1,Mailed check,45.25,74.2,0,37.1,0,0.7555992,High
4759-PXTAN,1,0,0,0,22,1,0,No,0,0,0,0,0,0,One year,0,Bank transfer (automatic),20.85,450.65,0,20.48,0,0.06517474,Low
7054-DMVAS,1,0,0,0,35,0,0,DSL,0,0,1,1,0,0,Month-to-month,1,Mailed check,33.45,1175.85,0,33.6,2,0.3808511,Medium
3428-MMGUB,1,0,1,1,29,1,0,No,0,0,0,0,0,0,Two year,0,Mailed check,20.2,558.8,0,19.27,0,0.017021375,Low
6549-BTYPG,0,1,1,0,27,1,1,Fiber optic,1,0,1,0,0,0,One year,1,Electronic check,85.9,2220.1,0,82.23,2,0.47441998,Medium
7823-JSOAG,0,0,0,1,54,1,0,DSL,0,1,1,1,0,0,One year,1,Electronic check,61.0,3283.05,0,60.8,3,0.08057742,Low
3705-RHRFR,0,0,0,0,57,1,1,Fiber optic,0,0,0,0,1,0,One year,1,Electronic check,86.9,4939.25,0,86.65,1,0.41518208,Medium
9374-YOLBJ,0,0,0,0,62,1,1,DSL,1,1,1,1,0,0,Two year,0,Bank transfer (automatic),69.4,4237.5,0,68.35,4,0.031153882,Low
9074-KGVOX,1,0,1,1,15,1,0,No,0,0,0,0,0,0,One year,0,Credit card (automatic),20.35,335.95,0,22.4,0,0.030802203,Low
6128-DAFVY,1,0,1,0,70,1,1,Fiber optic,0,0,1,1,1,1,Two year,1,Bank transfer (automatic),104.3,7188.5,0,102.69,4,0.30959797,Medium
9933-QRGTX,1,0,1,1,21,1,0,DSL,0,0,0,0,0,0,Month-to-month,1,Electronic check,44.95,926.25,0,44.11,0,0.18494655,Low
4476-OSWTN,1,0,0,1,23,1,0,DSL,0,0,0,1,0,0,One year,1,Electronic check,49.45,1119.35,0,48.67,1,0.09509691,Low
5066-GFJMM,0,0,0,0,6,1,0,No,0,0,0,0,0,0,One year,0,Mailed check,20.6,116.6,0,19.43,0,0.10349033,Low
2661-GKBTK,0,0,1,1,4,1,0,No,0,0,0,0,0,0,Two year,0,Credit card (automatic),19.55,68.8,0,17.2,0,0.034864407,Low
0458-HEUZG,1,0,0,0,23,1,1,Fiber optic,0,0,0,0,1,1,Month-to-month,1,Electronic check,93.5,2341.55,0,101.81,2,0.81669354,High
7268-WNTCP,0,0,0,0,26,0,0,DSL,1,0,0,1,1,1,One year,0,Credit card (automatic),54.55,1362.85,0,52.42,4,0.15475501,Low
0824-VWDPO,1,0,0,1,8,1,0,No,0,0,0,0,0,0,Month-to-month,0,Mailed check,20.05,163.6,0,20.45,0,0.12078455,Low
8409-WQJUX,0,0,0,0,2,1,1,Fiber optic,0,1,0,0,0,0,Month-to-month,1,Electronic check,79.45,145.15,0,72.58,1,0.90130746,High
2578-JQPHZ,1,0,0,0,59,1,1,DSL,1,1,1,1,0,1,One year,0,Credit card (automatic),79.85,4786.1,0,81.12,5,0.11973572,Low
3278-FSIXX,0,0,1,1,39,1,1,Fiber optic,0,0,1,0,1,1,One year,0,Electronic check,100.0,3835.55,0,98.35,3,0.07983871,Low
9746-UGFAC,0,0,0,1,21,1,0,No,0,0,0,0,0,0,Two year,0,Mailed check,19.6,397.0,0,18.9,0,0.020748466,Low
2946-KIQSP,1,0,1,1,48,1,0,No,0,0,0,0,0,0,Two year,0,Bank transfer (automatic),20.2,1027.25,0,21.4,0,0.014580565,Low
0625-AFOHS,1,1,1,0,31,0,0,DSL,1,1,1,0,0,1,One year,1,Credit card (automatic),50.4,1580.1,0,50.97,4,0.27989033,Low
6726-WEXXK,1,0,1,1,64,1,1,Fiber optic,1,1,1,1,1,1,One year,0,Electronic check,113.35,7222.75,0,112.86,6,0.06559974,Low
4636-OLWOE,0,0,1,1,46,1,1,Fiber optic,0,1,0,0,0,0,Month-to-month,1,Bank transfer (automatic),80.0,3769.7,0,81.95,1,0.094969176,Low
4685-ERGHK,1,0,0,0,52,1,1,DSL,0,0,1,1,1,1,Two year,1,Bank transfer (automatic),80.95,4233.95,0,81.42,4,0.09432463,Low
0885-HMGPY,1,0,1,1,67,1,1,No,0,0,0,0,0,0,Two year,1,Mailed check,24.9,1680.25,0,25.08,0,0.011467505,Low
5003-OKNNK,1,1,0,0,67,1,1,DSL,0,1,0,0,0,0,Month-to-month,0,Electronic check,54.9,3725.5,0,55.6,1,0.30604735,Medium
7208-PSIHR,1,0,1,0,71,1,1,Fiber optic,0,1,1,1,1,1,Two year,0,Electronic check,109.25,7707.7,0,108.56,5,0.30281532,Medium
4012-ZTHBR,0,0,0,0,71,1,1,Fiber optic,1,1,1,1,1,1,One year,1,Bank transfer (automatic),116.3,8309.55,0,117.04,6,0.41161847,Medium
0489-WMEMG,1,0,0,0,32,1,0,No,0,0,0,0,0,0,Month-to-month,0,Bank transfer (automatic),19.9,601.55,0,18.8,0,0.119427815,Low
7435-ZNUYY,1,0,0,0,2,1,0,Fiber optic,0,0,0,0,0,0,Month-to-month,0,Electronic check,70.35,139.25,0,69.62,0,0.84762216,High
1354-YZFNB,1,0,1,0,71,1,1,No,0,0,0,0,0,0,Two year,0,Credit card (automatic),25.6,1888.25,0,26.6,0,0.03127014,Low
2985-FMWYF,1,0,0,0,60,0,0,DSL,1,0,1,0,0,1,One year,1,Electronic check,44.45,2773.9,0,46.23,3,0.31379554,Medium
2812-ENYMO,1,1,0,0,55,1,1,Fiber optic,0,0,1,0,1,1,One year,1,Electronic check,100.15,5409.75,0,98.36,3,0.6208188,High
2717-HVIZY,1,0,0,0,6,1,1,Fiber optic,0,0,0,0,0,0,Month-to-month,1,Mailed check,73.85,401.3,0,66.88,0,0.78278804,High
3422-GALYP,1,0,1,1,48,1,0,DSL,1,1,1,0,0,1,Two year,1,Credit card (automatic),70.1,3238.4,0,67.47,4,0.028206954,Low
2890-WFBHU,0,0,1,1,63,1,1,No,0,0,0,0,0,0,Two year,0,Mailed check,25.25,1573.05,0,24.97,0,0.008781063,Low
0327-WFZSY,0,0,0,1,12,1,0,No,0,0,0,0,0,0,Month-to-month,0,Credit card (automatic),21.05,235.8,0,19.65,0,0.12401864,Low
7977-HXJKU,0,1,1,0,54,0,0,DSL,0,0,0,0,0,0,Month-to-month,1,Bank transfer (automatic),24.95,1364.75,0,25.27,0,0.41333675,Medium
7033-CLAMM,1,0,1,1,30,1,0,DSL,0,0,1,1,1,0,One year,1,Electronic check,64.5,1985.15,0,66.17,3,0.058316965,Low
4023-RTIQM,1,0,0,0,40,1,1,Fiber optic,0,0,1,1,1,1,One year,1,Credit card (automatic),105.95,4335.2,0,108.38,4,0.5850968,Medium
0864-FVJNJ,1,0,1,1,9,1,0,Fiber optic,0,0,0,1,0,0,Month-to-month,1,Electronic check,75.85,647.5,0,71.94,1,0.4635229,Medium
7356-IWLFW,1,0,0,0,62,0,0,DSL,0,1,1,0,0,1,Two year,1,Credit card (automatic),43.6,2748.7,0,44.33,3,0.09499944,Low
9541-PWTWO,0,0,0,0,28,1,0,Fiber optic,0,1,0,1,1,0,One year,1,Bank transfer (automatic),91.25,2483.65,0,88.7,3,0.35046154,Medium
3967-VQOGC,1,0,0,0,70,1,1,DSL,1,1,1,1,1,1,Two year,0,Credit card (automatic),89.75,6367.2,0,90.96,6,0.0494233,Low
7872-RDDLZ,1,0,0,0,46,1,0,Fiber optic,0,1,1,1,1,1,Two year,1,Bank transfer (automatic),104.4,4904.2,0,106.61,5,0.47715455,Medium
6308-CQRBU,1,0,1,0,23,1,1,Fiber optic,0,0,1,0,0,1,Month-to-month,0,Mailed check,90.15,2044.95,0,88.91,2,0.60445017,High
0186-CAERR,0,0,1,1,47,0,0,DSL,1,0,1,1,0,0,One year,0,Electronic check,40.3,1794.8,0,38.19,3,0.06155066,Low
3043-SUDUA,0,0,1,1,68,1,0,Fiber optic,1,1,1,0,1,1,Two year,1,Bank transfer (automatic),105.25,7173.15,0,105.49,5,0.0528077,Low
5442-BHQNG,1,0,0,1,67,1,1,Fiber optic,0,1,0,1,1,1,Two year,1,Electronic check,104.0,7039.05,0,105.06,4,0.07641939,Low
2169-RRLFW,1,0,0,0,14,1,0,DSL,0,0,0,1,1,1,Month-to-month,1,Electronic check,69.65,921.4,0,65.81,3,0.56276023,Medium
5872-OEQNH,0,0,1,1,57,1,1,Fiber optic,0,0,0,0,0,0,Month-to-month,1,Electronic check,74.3,4018.35,0,70.5,0,0.10983359,Low
3162-KKZXO,1,0,1,1,55,1,1,Fiber optic,1,0,0,0,1,1,One year,0,Mailed check,100.9,5448.6,0,99.07,3,0.056584775,Low
8873-GLDMH,0,0,0,0,1,1,0,No,0,0,0,0,0,0,Month-to-month,1,Mailed check,20.25,20.25,0,20.25,0,0.66194266,High
5696-JVVQY,0,0,0,0,23,1,1,Fiber optic,0,0,1,1,1,0,Month-to-month,1,Credit card (automatic),96.9,2085.45,0,90.67,3,0.6594923,High
8946-BFWSG,0,0,1,0,47,1,1,Fiber optic,0,1,1,0,1,1,Month-to-month,1,Electronic check,104.1,5135.15,0,109.26,4,0.84507275,High
0547-HURJB,0,0,0,0,38,1,0,No,0,0,0,0,0,0,One year,0,Mailed check,20.1,730.1,0,19.21,0,0.0607767,Low
8904-OPDCK,1,1,0,0,2,1,1,DSL,0,1,0,0,0,0,Month-to-month,1,Credit card (automatic),56.55,118.25,0,59.12,1,0.80177516,High
8845-LWKGE,0,0,1,0,15,1,0,Fiber optic,0,0,0,0,0,0,Month-to-month,1,Bank transfer (automatic),68.6,1108.6,0,73.91,0,0.73470813,High
0691-NIKRI,1,0,0,0,26,1,0,Fiber optic,0,0,0,0,0,0,Month-to-month,1,Credit card (automatic),69.05,1815.65,0,69.83,0,0.51811606,Medium
5022-JNQEQ,1,0,1,1,35,1,0,No,0,0,0,0,0,0,Two year,0,Credit card (automatic),19.7,730.4,0,20.87,0,0.015862763,Low
3249-VHRIP,0,0,0,1,3,1,0,No,0,0,0,0,0,0,Month-to-month,1,Mailed check,20.05,75.45,0,25.15,0,0.22390951,Low
3736-BLEPA,0,0,1,0,42,1,1,Fiber optic,1,0,1,0,0,1,Month-to-month,1,Electronic check,94.4,4014.6,0,95.59,3,0.7105458,High
4701-LKOZD,0,0,1,0,10,1,0,DSL,1,0,0,1,0,0,Month-to-month,1,Credit card (automatic),54.95,568.85,0,56.89,2,0.42268252,Medium
6603-QWSPR,1,0,1,0,61,1,0,Fiber optic,1,1,0,1,0,1,One year,0,Bank transfer (automatic),93.7,5860.7,0,96.08,4,0.19615993,Low
9921-QFQUL,1,0,0,0,68,1,1,Fiber optic,1,1,0,1,1,1,Two year,0,Credit card (automatic),110.25,7279.35,0,107.05,5,0.28564134,Low
1929-ZCBHE,0,0,0,0,10,1,0,Fiber optic,1,0,1,0,1,1,One year,1,Electronic check,98.9,1064.95,0,106.5,4,0.7454274,High
4378-MYPGO,1,0,1,1,72,1,0,DSL,1,0,1,1,1,1,Two year,1,Bank transfer (automatic),80.45,5886.85,0,81.76,5,0.006877085,Low
4129-LYCOI,0,0,1,1,55,1,0,Fiber optic,0,1,0,1,0,0,Month-to-month,0,Electronic check,79.4,4238.45,0,77.06,2,0.07494358,Low
7798-JVXYM,1,0,0,0,7,1,0,DSL,0,0,1,1,0,1,Month-to-month,0,Bank transfer (automatic),62.8,418.3,0,59.76,3,0.38239142,Medium
8647-SDTWQ,1,0,0,0,2,1,1,Fiber optic,0,0,0,0,0,0,Month-to-month,1,Mailed check,74.9,136.05,0,68.03,0,0.86816275,High
2696-ECXKC,1,0,0,0,9,1,0,Fiber optic,1,0,0,0,0,0,Month-to-month,1,Electronic check,74.85,708.2,0,78.69,1,0.76072454,High
2081-KJSQF,0,0,0,1,27,1,1,No,0,0,0,0,0,0,Two year,1,Credit card (automatic),25.85,788.55,0,29.21,0,0.03141593,Low
3323-CPBWR,1,0,1,0,64,1,0,DSL,0,1,1,1,0,1,Two year,1,Mailed check,68.3,4378.8,0,68.42,4,0.05024288,Low
3384-CTMSF,0,0,0,0,70,0,0,DSL,1,0,1,1,0,1,Two year,0,Bank transfer (automatic),48.4,3442.8,0,49.18,4,0.050974462,Low
0902-RFHOF,0,1,0,0,67,1,0,Fiber optic,1,1,0,1,1,1,Two year,1,Electronic check,105.05,7171.7,0,107.04,5,0.4025904,Medium
6048-QBXKL,1,0,0,0,24,1,1,No,0,0,0,0,0,0,Two year,0,Credit card (automatic),25.15,553.0,0,23.04,0,0.053544678,Low
7718-RXDGG,0,0,1,1,4,1,0,No,0,0,0,0,0,0,Two year,0,Credit card (automatic),19.5,96.85,0,24.21,0,0.045619845,Low
1025-FALIX,0,0,1,1,44,1,0,Fiber optic,0,0,1,0,1,1,Month-to-month,1,Bank transfer (automatic),92.95,4122.9,0,93.7,3,0.10296139,Low
3451-VAWLI,1,0,1,1,72,1,0,No,0,0,0,0,0,0,Two year,1,Mailed check,20.7,1482.3,0,20.59,0,0.0058516604,Low
3407-QGWLG,0,0,0,0,66,1,0,No,0,0,0,0,0,0,Two year,0,Bank transfer (automatic),19.35,1240.8,0,18.8,0,0.027861938,Low
2347-WKKAE,0,1,1,0,65,1,1,Fiber optic,0,1,1,0,1,1,Month-to-month,1,Electronic check,104.35,6578.55,0,101.21,4,0.7542776,High
8735-DCXNF,0,0,0,1,1,1,0,No,0,0,0,0,0,0,Month-to-month,0,Mailed check,19.55,19.55,0,19.55,0,0.45781147,Medium
3214-IYUUQ,0,0,1,1,38,1,0,DSL,1,1,1,1,1,0,One year,0,Electronic check,74.05,2802.3,0,73.74,5,0.06725022,Low
1936-UAFEH,0,0,0,1,23,0,0,DSL,1,0,1,1,0,0,Two year,0,Mailed check,40.1,857.75,0,37.29,3,0.03831411,Low
3587-PMCOY,1,0,1,0,10,1,0,No,0,0,0,0,0,0,One year,0,Mailed check,20.1,184.4,0,18.44,0,0.079280585,Low
1027-LKKQQ,0,0,1,1,72,1,1,DSL,1,0,1,1,1,1,Two year,1,Credit card (automatic),83.55,6093.3,0,84.63,5,0.0076397806,Low
7148-XZPHA,1,0,1,0,35,1,0,DSL,0,1,0,1,0,0,Month-to-month,0,Electronic check,56.85,1861.1,0,53.17,2,0.37630954,Medium
5309-TAIKL,1,0,1,1,58,1,0,No,0,0,0,0,0,0,Two year,0,Credit card (automatic),19.55,1079.65,0,18.61,0,0.01072772,Low
6856-RAURS,0,0,1,1,70,1,0,Fiber optic,0,1,1,1,1,1,One year,1,Electronic check,106.15,7475.1,0,106.79,5,0.107341856,Low
8778-LMWTJ,0,0,1,1,38,1,1,DSL,0,1,1,0,1,1,One year,0,Credit card (automatic),78.95,2862.55,0,75.33,4,0.04913355,Low
9717-IOAAF,1,0,1,1,60,0,0,DSL,0,1,0,0,1,1,Month-to-month,1,Electronic check,49.75,3069.45,0,51.16,3,0.14374931,Low
2845-KDHVX,0,0,0,0,26,1,1,Fiber optic,1,1,0,0,1,0,Month-to-month,1,Credit card (automatic),92.4,2349.8,0,90.38,3,0.60026795,High
0848-SOMKO,1,0,0,0,8,1,0,DSL,1,1,0,1,0,0,One year,0,Bank transfer (automatic),58.2,469.25,0,58.66,3,0.1499972,Low
6734-FQAJX,1,1,1,0,36,1,1,Fiber optic,0,1,0,0,1,0,Month-to-month,1,Credit card (automatic),91.95,3301.05,0,91.7,2,0.71602553,High
1535-VTJOQ,0,1,0,0,54,1,0,DSL,0,0,1,1,0,1,One year,0,Bank transfer (automatic),65.25,3529.95,0,65.37,3,0.14315198,Low
6368-TZZDT,1,0,0,0,55,1,1,Fiber optic,0,0,0,0,0,0,Month-to-month,1,Electronic check,73.1,4144.9,0,75.36,0,0.59727186,Medium
0943-ZQPXH,1,0,0,0,72,1,1,DSL,1,1,0,0,0,0,Two year,0,Bank transfer (automatic),59.75,4265.0,0,59.24,2,0.029331828,Low
1293-BSEUN,1,0,1,1,54,1,1,DSL,0,1,1,0,0,0,Two year,1,Bank transfer (automatic),59.8,3246.45,0,60.12,2,0.031215705,Low
1302-TPUBN,0,0,1,1,72,1,1,Fiber optic,1,1,1,1,1,1,Two year,1,Bank transfer (automatic),116.6,8337.45,0,115.8,6,0.015527787,Low
2378-VTKDH,0,0,0,0,52,1,1,Fiber optic,1,0,1,1,1,1,Two year,1,Electronic check,109.3,5731.4,0,110.22,5,0.48434985,Medium
0927-CNGRH,1,1,0,0,60,1,1,Fiber optic,1,0,0,0,1,1,One year,1,Bank transfer (automatic),101.4,6176.6,0,102.94,3,0.43557888,Medium
8608-OZTLB,1,0,0,0,39,0,0,DSL,0,0,1,0,1,1,Month-to-month,1,Credit card (automatic),50.65,1905.4,0,48.86,3,0.50757885,Medium
2335-GSODA,1,0,0,0,15,1,0,DSL,0,0,0,0,1,0,One year,0,Mailed check,56.15,931.9,0,62.13,1,0.19356398,Low
1952-DVVSW,0,0,1,1,43,1,0,No,0,0,0,0,0,0,One year,1,Mailed check,19.2,776.25,0,18.05,0,0.02335258,Low
6656-GULJQ,1,1,0,0,63,1,1,DSL,1,1,1,1,1,0,One year,0,Bank transfer (automatic),83.0,5243.05,0,83.22,5,0.087456904,Low
9853-JFZDU,0,1,1,0,2,1,0,Fiber optic,0,0,0,0,0,0,Month-to-month,0,Electronic check,70.1,141.65,0,70.82,0,0.87105876,High
3777-XROBG,1,0,1,1,72,1,0,Fiber optic,1,1,1,1,1,1,Two year,1,Bank transfer (automatic),108.3,7679.65,0,106.66,6,0.022032788,Low
6994-FGRHH,0,0,1,1,40,1,1,No,0,0,0,0,0,0,Two year,0,Credit card (automatic),25.25,1006.9,0,25.17,0,0.019726481,Low
4000-VGMQP,1,0,1,0,58,0,0,DSL,1,1,0,0,1,0,One year,1,Electronic check,45.35,2540.1,0,43.79,3,0.393167,Medium
3999-WRNGR,0,0,0,0,67,0,0,DSL,1,0,0,1,1,0,Two year,0,Electronic check,43.9,3097.2,0,46.23,3,0.10624382,Low
3466-RITXD,0,0,1,0,31,1,1,DSL,0,0,1,1,1,1,One year,1,Mailed check,79.3,2484.0,0,80.13,4,0.2834469,Low
2680-XKKNJ,0,1,1,0,69,1,1,Fiber optic,1,1,0,0,0,0,Month-to-month,1,Credit card (automatic),84.9,5785.65,0,83.85,2,0.4217488,Medium
2974-GGUXS,0,0,1,0,32,1,1,Fiber optic,0,0,0,1,0,0,One year,1,Electronic check,79.25,2619.15,0,81.85,1,0.4864436,Medium
7994-XIRTR,1,0,0,0,21,1,0,DSL,1,1,0,1,1,0,Two year,0,Credit card (automatic),71.05,1524.85,0,72.61,4,0.058802925,Low
2101-RANCD,0,0,0,0,52,1,0,DSL,1,0,1,0,0,0,One year,0,Electronic check,53.75,2790.65,0,53.67,2,0.18186353,Low
7921-BEPCI,1,0,1,1,72,1,1,No,0,0,0,0,0,0,Two year,0,Credit card (automatic),24.25,1784.5,0,24.78,0,0.0071065957,Low
8510-TMWYB,0,0,1,1,52,0,0,DSL,1,0,1,0,0,1,One year,0,Bank transfer (automatic),44.25,2276.1,0,43.77,3,0.063052624,Low
3258-ZKPAI,1,0,0,0,41,1,0,DSL,0,0,0,1,0,0,One year,0,Bank transfer (automatic),50.05,2029.05,0,49.49,1,0.119654536,Low
1428-IEDPR,0,0,0,0,41,1,0,No,0,0,0,0,0,0,Two year,0,Mailed check,20.15,802.35,0,19.57,0,0.03899105,Low
5298-GSTLM,0,0,1,1,67,1,1,DSL,1,1,1,1,0,0,One year,1,Credit card (automatic),69.35,4653.25,0,69.45,4,0.02577854,Low
4450-YOOHP,1,0,1,1,16,1,0,No,0,0,0,0,0,0,Month-to-month,0,Mailed check,19.35,275.9,0,17.24,0,0.095572256,Low
6728-CZFEI,0,0,0,0,17,1,0,No,0,0,0,0,0,0,Two year,0,Mailed check,19.15,343.45,0,20.2,0,0.055510286,Low
3653-NCRDJ,0,0,1,0,35,1,0,DSL,1,1,1,0,0,0,Month-to-month,0,Mailed check,61.0,2130.45,0,60.87,3,0.24018459,Low
6121-TNHBO,1,0,1,1,58,1,0,No,0,0,0,0,0,0,Two year,0,Credit card (automatic),20.5,1191.4,0,20.54,0,0.010252946,Low
5119-NZPTV,0,0,1,1,52,0,0,DSL,0,1,1,1,1,0,Two year,0,Mailed check,50.2,2554.0,0,49.12,4,0.028576452,Low
6519-ZHPXP,1,0,0,0,70,1,0,DSL,1,0,1,1,1,1,Two year,0,Bank transfer (automatic),79.6,5589.45,0,79.85,5,0.053316448,Low
3472-QPRCH,1,0,1,1,19,1,1,No,0,0,0,0,0,0,Two year,1,Bank transfer (automatic),24.9,467.7,0,24.62,0,0.031434044,Low
8224-UAXBZ,1,0,1,1,35,1,0,Fiber optic,1,0,1,1,1,1,Month-to-month,1,Electronic check,106.9,3756.45,0,107.33,5,0.1792947,Low
9610-WCESF,1,0,0,0,32,1,1,Fiber optic,0,0,1,0,1,1,Month-to-month,1,Electronic check,101.35,3334.9,0,104.22,3,0.80022764,High
2486-WYVVE,1,0,1,1,17,1,0,DSL,1,0,0,1,0,0,Month-to-month,1,Credit card (automatic),55.35,920.5,0,54.15,2,0.16071784,Low
3865-ZYKAD,1,0,1,1,67,1,0,DSL,0,1,0,0,0,0,One year,0,Credit card (automatic),50.55,3431.75,0,51.22,1,0.020758064,Low
1422-DGUBX,1,0,0,0,9,1,0,No,0,0,0,0,0,0,Month-to-month,0,Bank transfer (automatic),19.5,150.35,0,16.71,0,0.20011741,Low
2999-AANRQ,0,0,0,0,4,1,1,Fiber optic,1,0,0,0,1,0,Month-to-month,0,Electronic check,90.65,367.95,0,91.99,2,0.8027173,High
8668-KNZTI,0,1,1,1,58,1,1,Fiber optic,1,1,0,1,0,0,One year,1,Bank transfer (automatic),89.85,5125.75,0,88.38,3,0.03242191,Low
0480-KYJVA,0,0,0,0,60,1,0,DSL,1,0,1,1,1,1,One year,0,Mailed check,79.0,4801.1,0,80.02,5,0.105133414,Low
9746-YKGXB,0,0,0,0,1,1,0,No,0,0,0,0,0,0,Month-to-month,0,Mailed check,19.55,19.55,0,19.55,0,0.5952228,Medium
3926-YZVVX,1,0,1,1,27,1,0,No,0,0,0,0,0,0,Two year,0,Mailed check,19.9,550.1,0,20.37,0,0.015600144,Low
6000-UKLWI,0,1,1,1,66,1,1,Fiber optic,1,1,1,1,1,1,One year,1,Electronic check,116.25,7862.25,0,119.12,6,0.096423045,Low
6332-FBZRI,0,0,0,0,15,1,1,Fiber optic,1,0,0,0,1,0,Month-to-month,1,Bank transfer (automatic),87.75,1242.2,0,82.81,2,0.7329602,High
2096-XOTMO,1,0,0,0,41,1,1,Fiber optic,1,0,0,0,0,0,Month-to-month,1,Credit card (automatic),81.3,3190.65,0,77.82,1,0.5923411,Medium
3266-FTKHB,0,0,1,0,59,0,0,DSL,0,0,0,0,1,1,Month-to-month,1,Electronic check,44.3,2666.75,0,45.2,2,0.6837077,High
8221-EQDGL,1,0,0,1,50,1,0,Fiber optic,0,0,0,0,0,0,Two year,0,Credit card (automatic),70.35,3533.6,0,70.67,0,0.028989594,Low
2346-LOCWC,0,0,1,1,17,0,0,DSL,1,0,1,0,1,0,One year,0,Credit card (automatic),44.45,792.15,0,46.6,3,0.09282116,Low
0298-XACET,0,0,1,1,6,1,0,DSL,1,0,0,0,0,0,Month-to-month,1,Electronic check,49.15,295.65,0,49.28,1,0.36227337,Medium
7560-QJAVJ,0,1,1,0,51,0,0,DSL,0,1,0,0,0,0,Month-to-month,1,Credit card (automatic),29.45,1459.35,0,28.61,1,0.44505516,Medium
2995-YWTCD,0,0,1,0,49,1,0,Fiber optic,0,1,0,0,1,0,Month-to-month,1,Credit card (automatic),85.3,4297.95,0,87.71,2,0.58267504,Medium
9137-UIYPG,0,0,1,0,59,1,1,DSL,1,0,0,1,0,1,One year,1,Mailed check,69.1,4096.9,0,69.44,3,0.16245413,Low
2809-ZMYOQ,0,1,0,0,50,1,1,DSL,1,1,0,0,1,0,Month-to-month,1,Bank transfer (automatic),70.35,3454.6,0,69.09,3,0.34986156,Medium
5084-OOVCJ,1,0,1,1,59,1,0,No,0,0,0,0,0,0,Two year,0,Mailed check,20.6,1286.0,0,21.8,0,0.008802759,Low
0254-WWRKD,0,0,0,0,18,1,1,Fiber optic,0,0,0,0,0,0,Month-to-month,0,Mailed check,74.15,1387.0,0,77.06,0,0.51884264,Medium
7727-SHVZV,0,0,0,0,10,1,1,Fiber optic,0,0,0,0,0,0,Month-to-month,0,Electronic check,75.05,786.3,0,78.63,0,0.76915306,High
5339-PXDVH,0,0,1,0,14,1,0,DSL,0,0,0,0,0,0,One year,0,Electronic check,44.6,641.25,0,45.8,0,0.3129344,Medium
2205-LPVGL,0,0,0,0,35,1,0,No,0,0,0,0,0,0,Two year,0,Bank transfer (automatic),21.45,705.45,0,20.16,0,0.04342535,Low
8782-NUUOL,0,0,1,1,8,1,0,DSL,0,0,0,0,0,0,One year,1,Mailed check,43.45,345.5,0,43.19,0,0.105314076,Low
7601-WFVZV,0,0,1,1,18,1,0,No,0,0,0,0,0,0,One year,0,Bank transfer (automatic),20.05,345.9,0,19.22,0,0.027269924,Low
4609-KNNWG,1,0,1,1,60,1,1,Fiber optic,1,1,0,0,1,0,One year,0,Bank transfer (automatic),94.15,5811.8,0,96.86,3,0.026589552,Low
4868-AADLV,1,0,0,0,6,1,0,No,0,0,0,0,0,0,Two year,0,Mailed check,19.55,124.45,0,20.74,0,0.08009203,Low
9529-OFXHY,1,0,0,1,19,1,1,DSL,1,1,0,1,1,0,Month-to-month,1,Mailed check,75.9,1375.6,0,72.4,4,0.16081412,Low
2669-QVCRG,0,0,1,1,53,1,1,DSL,1,1,0,1,0,0,One year,0,Bank transfer (automatic),64.15,3491.55,0,65.88,3,0.027597588,Low
2478-EEWWM,0,1,1,0,72,1,1,Fiber optic,1,1,1,0,1,1,Two year,1,Bank transfer (automatic),109.55,7920.7,0,110.01,5,0.13649972,Low
9174-IHETN,1,0,1,0,60,1,1,Fiber optic,0,1,1,1,1,1,Two year,1,Credit card (automatic),110.8,6640.7,0,110.68,5,0.30767936,Medium
2233-TXSIU,1,0,0,1,13,1,0,DSL,0,0,1,1,0,0,Month-to-month,0,Mailed check,53.45,718.1,0,55.24,2,0.19870472,Low
9644-UMGQA,1,0,1,1,5,1,0,Fiber optic,0,0,0,0,0,0,Month-to-month,0,Credit card (automatic),69.95,320.4,0,64.08,0,0.40818897,Medium
3256-EZDBI,0,0,1,1,13,1,0,Fiber optic,0,0,1,0,1,1,Month-to-month,0,Electronic check,97.0,1334.45,0,102.65,3,0.48376852,Medium
0419-YAAPX,0,0,0,0,37,1,1,DSL,1,1,1,1,1,1,One year,1,Bank transfer (automatic),90.6,3358.65,0,90.77,6,0.20672098,Low
0872-CASZJ,0,0,1,0,64,1,0,Fiber optic,1,0,0,0,0,0,Month-to-month,1,Mailed check,73.55,4764.0,0,74.44,1,0.3535223,Medium
4726-DLWQN,1,0,1,0,61,1,1,Fiber optic,0,1,0,1,0,1,Two year,1,Bank transfer (automatic),94.35,5703.0,0,93.49,3,0.14309444,Low
8164-OCKUJ,0,0,0,0,26,1,0,No,0,0,0,0,0,0,One year,0,Mailed check,19.4,525.55,0,20.21,0,0.06931941,Low
3094-JOJAI,0,0,1,0,24,1,0,No,0,0,0,0,0,0,Two year,0,Mailed check,19.75,483.15,0,20.13,0,0.058081187,Low
9494-MRNYX,0,0,1,0,17,0,0,DSL,0,0,1,1,1,1,One year,0,Electronic check,54.6,934.8,0,54.99,4,0.40912053,Medium
2599-CZABP,1,0,0,1,26,0,0,DSL,0,0,1,0,0,0,Month-to-month,1,Mailed check,29.8,786.5,0,30.25,1,0.16629611,Low
7945-PRBVF,0,0,0,0,52,1,1,Fiber optic,0,1,1,0,1,1,Month-to-month,1,Electronic check,103.05,5364.8,0,103.17,4,0.7852997,High
4544-RXFMG,1,0,0,0,21,0,0,DSL,1,0,0,1,0,0,Two year,0,Mailed check,35.1,770.4,0,36.69,2,0.07938197,Low
0859-YGKFW,1,0,1,0,67,1,1,Fiber optic,0,1,1,0,1,1,One year,1,Bank transfer (automatic),105.7,6816.95,0,101.75,4,0.54310024,Medium
1150-FTQGN,1,0,1,1,44,1,0,DSL,1,0,0,1,0,0,Month-to-month,0,Bank transfer (automatic),56.25,2419.55,0,54.99,2,0.08820059,Low
7196-LIWRH,0,0,1,1,70,0,0,DSL,0,1,1,1,1,1,One year,0,Electronic check,60.35,4138.7,0,59.12,5,0.059516527,Low
5448-VWNAM,0,0,1,1,56,1,0,DSL,1,1,1,0,0,0,Two year,1,Bank transfer (automatic),59.8,3457.45,0,61.74,3,0.01659184,Low
1177-XZBJL,1,0,1,1,46,1,1,Fiber optic,1,0,1,1,0,1,Two year,0,Mailed check,99.65,4630.2,0,100.66,4,0.039487857,Low
3518-FSTWG,1,0,1,1,63,1,0,DSL,1,0,0,0,0,0,Two year,1,Bank transfer (automatic),50.65,3221.25,0,51.13,1,0.015443044,Low
9330-VOFSZ,0,0,0,0,11,1,0,DSL,0,1,1,1,0,0,Month-to-month,1,Electronic check,60.9,688.5,0,62.59,3,0.5101758,Medium
0939-EREMR,0,0,1,1,15,1,1,DSL,0,0,1,1,0,0,Month-to-month,1,Bank transfer (automatic),59.65,867.1,0,57.81,2,0.22451764,Low
9389-ACWBI,0,0,1,0,72,0,0,DSL,1,1,1,1,1,1,Two year,1,Electronic check,64.7,4746.05,0,65.92,6,0.050686616,Low
3644-QXEHN,1,0,1,1,6,1,0,DSL,0,0,0,0,1,0,Month-to-month,0,Electronic check,54.85,355.1,0,59.18,1,0.36049107,Medium
2911-IJORQ,0,0,1,1,63,1,1,Fiber optic,0,1,0,0,0,1,One year,1,Electronic check,91.35,5764.7,0,91.5,2,0.042138666,Low
5921-NGYRH,1,0,1,1,18,1,1,No,0,0,0,0,0,0,Two year,0,Mailed check,25.1,428.45,0,23.8,0,0.027425606,Low
5998-DZLYR,1,0,1,0,43,0,0,DSL,1,0,0,1,0,0,Month-to-month,0,Bank transfer (automatic),34.0,1505.35,0,35.01,2,0.36955553,Medium
3985-HOYPM,1,0,0,0,15,0,0,DSL,1,1,1,1,0,0,One year,0,Mailed check,45.9,693.45,0,46.23,4,0.17622106,Low
9548-LERKT,0,0,1,1,55,1,0,No,0,0,0,0,0,0,Two year,0,Mailed check,20.5,1177.95,0,21.42,0,0.011064034,Low
6576-FBXOJ,0,0,1,1,70,1,0,No,0,0,0,0,0,0,Two year,0,Credit card (automatic),20.35,1458.1,0,20.83,0,0.008137069,Low
4310-KEDTB,0,1,1,0,63,0,0,DSL,1,0,0,1,0,0,One year,0,Bank transfer (automatic),36.1,2298.9,0,36.49,2,0.14928977,Low
4062-HBMOS,1,0,0,0,25,1,0,DSL,0,1,0,1,0,1,Month-to-month,1,Bank transfer (automatic),65.8,1679.65,0,67.19,3,0.30597168,Medium
2676-ISHSF,1,1,0,0,18,1,0,No,0,0,0,0,0,0,One year,0,Bank transfer (automatic),20.35,369.6,0,20.53,0,0.0715059,Low
9236-NDUCW,0,1,1,0,28,1,1,Fiber optic,0,1,0,1,1,1,Month-to-month,1,Electronic check,105.8,2998.0,0,107.07,4,0.834884,High
4753-PADAS,1,1,0,0,53,1,0,Fiber optic,1,1,0,1,0,1,One year,1,Mailed check,96.75,5206.55,0,98.24,4,0.29262835,Low
6103-QCKFX,0,0,0,0,1,0,0,DSL,0,0,0,0,0,0,Month-to-month,0,Mailed check,24.4,24.4,0,24.4,0,0.7514441,High
7781-EWARA,1,0,1,0,26,1,0,DSL,0,1,0,1,1,1,Month-to-month,1,Electronic check,73.05,1959.5,0,75.37,4,0.4957731,Medium
7018-FPXHH,1,0,0,0,34,1,0,DSL,1,1,0,0,0,1,One year,0,Electronic check,64.35,2053.05,0,60.38,3,0.15155075,Low
0572-ZJKLT,1,0,0,1,19,1,0,No,0,0,0,0,0,0,Two year,0,Mailed check,20.5,398.55,0,20.98,0,0.022559136,Low
5135-RDDQL,1,0,1,1,62,1,0,DSL,1,0,1,0,0,0,One year,0,Credit card (automatic),54.75,3425.35,0,55.25,2,0.016049089,Low
1353-LJWEM,0,0,0,0,24,1,0,DSL,1,0,0,0,0,0,Month-to-month,1,Electronic check,51.15,1275.7,0,53.15,1,0.4302658,Medium
1794-SWWKL,0,1,1,0,68,0,0,DSL,1,1,1,0,0,0,Two year,1,Electronic check,41.95,2965.75,0,43.61,3,0.14426893,Low
6166-YIPFO,0,0,1,1,31,1,0,DSL,0,0,1,1,0,0,Month-to-month,0,Mailed check,54.35,1647.0,0,53.13,2,0.08207023,Low
9332-GYWLO,1,0,1,0,63,1,0,Fiber optic,0,1,0,0,1,1,One year,1,Electronic check,96.0,6109.75,0,96.98,3,0.48216343,Medium
4184-VODJZ,1,0,1,1,61,0,0,DSL,0,1,1,1,1,1,Two year,1,Bank transfer (automatic),61.45,3751.15,0,61.49,5,0.014163961,Low
1092-WPIVQ,0,0,0,0,18,1,0,No,0,0,0,0,0,0,One year,0,Mailed check,19.65,411.25,0,22.85,0,0.06431822,Low
7233-IOQNP,1,0,1,1,6,1,0,No,0,0,0,0,0,0,One year,0,Credit card (automatic),19.0,105.5,0,17.58,0,0.042242147,Low
2834-JKOOW,1,0,0,0,33,1,1,Fiber optic,0,1,0,0,1,1,Month-to-month,1,Electronic check,100.0,3320.6,0,100.62,3,0.8163702,High
2400-FEQME,1,0,1,0,56,1,0,Fiber optic,0,0,1,1,1,1,Month-to-month,1,Electronic check,98.7,5669.5,0,101.24,4,0.68926585,High
4957-SREEC,0,0,0,1,23,1,0,No,0,0,0,0,0,0,One year,0,Mailed check,19.8,465.45,0,20.24,0,0.026865896,Low
0230-UBYPQ,0,0,0,0,9,1,0,Fiber optic,0,0,1,0,0,0,Month-to-month,1,Electronic check,73.8,704.3,0,78.26,1,0.8177827,High
4923-ADWXJ,0,0,0,0,5,1,0,No,0,0,0,0,0,0,Month-to-month,0,Credit card (automatic),20.05,95.55,0,19.11,0,0.24486795,Low
1763-KUAAW,0,0,1,0,61,1,1,Fiber optic,1,1,0,0,1,1,Month-to-month,1,Electronic check,106.2,6375.2,0,104.51,4,0.72687775,High
1104-TNLZA,0,0,1,1,70,1,1,Fiber optic,1,1,1,1,1,1,Two year,1,Credit card (automatic),116.55,8152.3,0,116.46,6,0.0323524,Low
5195-KPUNQ,0,0,0,0,15,1,1,Fiber optic,1,0,0,0,1,1,Month-to-month,1,Electronic check,99.7,1566.75,0,104.45,3,0.86927474,High
3439-GVUSX,0,0,1,1,8,1,0,No,0,0,0,0,0,0,Two year,0,Mailed check,19.7,130.25,0,16.28,0,0.033902813,Low
5949-HGVJL,1,0,1,1,8,1,0,No,0,0,0,0,0,0,Two year,0,Mailed check,19.5,162.15,0,20.27,0,0.03950171,Low
5203-XEHAX,1,0,0,0,4,0,0,DSL,1,0,0,0,0,0,Month-to-month,1,Mailed check,29.15,110.05,0,27.51,1,0.6795233,High
1635-HDGFT,1,0,0,0,34,1,0,DSL,1,1,0,0,0,0,One year,0,Mailed check,55.0,1885.15,0,55.45,2,0.09193972,Low
8050-XGRVL,0,0,1,0,68,1,1,DSL,1,1,1,1,1,1,Two year,1,Credit card (automatic),90.8,6302.85,0,92.69,6,0.0592174,Low
9828-QHFBK,1,0,1,1,45,0,0,DSL,0,1,1,1,0,1,One year,0,Bank transfer (automatic),51.0,2264.5,0,50.32,4,0.0658207,Low
3908-MKIMJ,1,1,0,0,9,1,1,Fiber optic,0,0,1,0,1,0,Month-to-month,1,Electronic check,90.1,816.8,0,90.76,2,0.88994783,High
5012-YSPJJ,1,0,0,0,22,1,1,DSL,1,0,0,1,0,0,Month-to-month,1,Mailed check,59.05,1253.5,0,56.98,2,0.30020884,Medium
6728-VOIFY,1,0,0,0,2,1,0,No,0,0,0,0,0,0,Month-to-month,0,Mailed check,20.3,41.2,0,20.6,0,0.3434314,Medium
4891-NLUBA,0,0,1,0,70,1,1,DSL,0,1,1,1,1,0,Two year,0,Bank transfer (automatic),72.95,5265.55,0,75.22,4,0.07044887,Low
8969-PRHFK,1,0,0,1,10,1,1,DSL,1,0,1,1,0,1,One year,0,Credit card (automatic),73.55,693.3,0,69.33,4,0.13286342,Low
0661-KQHNK,0,0,0,0,72,1,1,DSL,1,0,1,1,1,1,Two year,0,Credit card (automatic),84.3,5997.1,0,83.29,5,0.03464465,Low
8709-KRDVL,1,0,1,1,49,1,0,DSL,0,1,1,0,1,1,One year,0,Credit card (automatic),78.0,3824.2,0,78.04,4,0.02811981,Low
1427-VERSM,1,1,0,0,54,1,1,DSL,0,1,0,1,1,0,One year,0,Mailed check,72.1,3886.05,0,71.96,3,0.13479984,Low
9801-NOSHQ,1,0,0,0,71,1,1,Fiber optic,1,1,1,0,1,1,Two year,1,Credit card (automatic),106.75,7283.25,0,102.58,5,0.15093274,Low
6339-YPSAH,1,0,0,0,22,1,0,No,0,0,0,0,0,0,One year,1,Mailed check,19.25,412.55,0,18.75,0,0.07783736,Low
2159-TURXX,1,0,1,1,50,1,0,No,0,0,0,0,0,0,Two year,0,Credit card (automatic),20.55,1070.25,0,21.4,0,0.013008809,Low
1548-FEHVL,1,0,1,1,43,1,0,No,0,0,0,0,0,0,One year,0,Mailed check,20.0,817.95,0,19.02,0,0.015035925,Low
3795-CAWEX,1,0,1,1,45,1,1,No,0,0,0,0,0,0,Two year,1,Credit card (automatic),24.65,1171.3,0,26.03,0,0.017451394,Low
6215-NQCPY,0,1,0,0,64,1,1,Fiber optic,1,1,0,0,1,1,Month-to-month,1,Bank transfer (automatic),103.5,6548.65,0,102.32,4,0.6029008,High
5647-URDKA,1,0,1,1,23,1,1,No,0,0,0,0,0,0,Two year,0,Mailed check,23.85,625.65,0,27.2,0,0.02218912,Low
2229-DPMBI,1,0,1,0,68,1,1,No,0,0,0,0,0,0,Two year,0,Credit card (automatic),25.8,1911.5,0,28.11,0,0.047204986,Low
9626-WEQRM,0,0,0,0,26,1,0,DSL,0,0,0,1,1,0,One year,0,Credit card (automatic),59.45,1507.0,0,57.96,2,0.122859254,Low
2188-SXWVT,0,0,0,0,14,1,0,No,0,0,0,0,0,0,Month-to-month,1,Electronic check,20.05,299.3,0,21.38,0,0.35201466,Medium
6258-PVZWJ,0,0,1,0,71,1,0,DSL,1,0,1,1,1,1,Two year,1,Electronic check,82.55,5832.65,0,82.15,5,0.056963377,Low
1094-BKOSX,0,0,0,0,64,1,1,DSL,1,1,1,1,1,0,One year,0,Electronic check,81.25,5567.55,0,86.99,5,0.15728429,Low
6969-MVBAI,1,0,0,0,57,1,0,DSL,1,1,1,1,1,0,Two year,1,Credit card (automatic),74.3,4166.35,0,73.09,5,0.049076207,Low
2978-XXSOG,0,1,1,0,72,1,1,Fiber optic,0,1,1,1,1,1,Two year,0,Credit card (automatic),109.7,7898.45,0,109.7,5,0.14626111,Low
2342-CKIAO,1,0,1,1,40,1,1,Fiber optic,0,1,1,0,1,0,Month-to-month,1,Credit card (automatic),96.35,3915.4,0,97.88,3,0.1340851,Low
6953-PBDIN,0,0,1,0,14,1,1,DSL,0,0,0,1,1,0,Month-to-month,1,Credit card (automatic),66.6,979.5,0,69.96,2,0.5380513,Medium
3898-BSJYF,0,0,1,1,2,1,0,DSL,0,0,0,0,0,0,Month-to-month,1,Electronic check,44.5,90.05,0,45.02,0,0.62379307,High
3938-YFPXD,0,0,0,0,5,1,0,Fiber optic,0,0,0,0,1,0,Month-to-month,1,Mailed check,80.1,398.55,0,79.71,1,0.80310863,High
7696-AMHOD,0,0,1,1,29,1,1,DSL,1,0,0,1,1,0,One year,0,Bank transfer (automatic),69.05,1958.45,0,67.53,3,0.03251688,Low
2453-SAFNS,1,0,0,0,3,1,0,No,0,0,0,0,0,0,Month-to-month,0,Mailed check,20.4,63.15,0,21.05,0,0.30393156,Medium
9558-IHEZX,0,0,1,1,71,1,0,No,0,0,0,0,0,0,Two year,0,Credit card (automatic),19.7,1301.1,0,18.33,0,0.006052632,Low
9617-UDPEU,0,0,0,1,9,1,0,DSL,0,1,0,0,0,0,Month-to-month,1,Electronic check,50.1,484.05,0,53.78,1,0.38801166,Medium
6340-DACFT,1,0,0,0,48,1,1,DSL,1,1,1,0,1,1,One year,1,Credit card (automatic),83.45,3887.85,0,81.0,5,0.20808671,Low
4955-VCWBI,0,0,0,0,26,1,1,Fiber optic,1,1,0,0,0,0,Month-to-month,1,Credit card (automatic),86.65,2208.75,0,84.95,2,0.564762,Medium
6813-GZQCG,1,0,0,0,9,1,0,No,0,0,0,0,0,0,Month-to-month,0,Bank transfer (automatic),20.15,238.15,0,26.46,0,0.20938762,Low
7426-GSWPO,1,0,1,1,46,1,0,No,0,0,0,0,0,0,Two year,0,Credit card (automatic),19.4,958.15,0,20.83,0,0.015916912,Low
3389-KTRXV,0,0,1,1,64,0,0,DSL,1,0,1,1,1,1,Two year,1,Bank transfer (automatic),60.05,3845.45,0,60.09,5,0.016964065,Low
3118-UHVVQ,1,0,1,0,59,1,0,No,0,0,0,0,0,0,One year,0,Mailed check,20.35,1267.0,0,21.47,0,0.061467987,Low
3205-MXZRA,1,0,0,0,7,1,0,Fiber optic,0,1,0,0,1,1,One year,1,Mailed check,94.05,633.45,0,90.49,3,0.63136715,High
8317-BVKSO,1,1,1,0,72,1,1,DSL,1,1,1,0,1,1,Two year,1,Credit card (automatic),84.1,6129.65,0,85.13,5,0.040908232,Low
5702-KVQRD,0,1,0,0,16,1,0,Fiber optic,0,0,0,0,0,1,Month-to-month,1,Electronic check,78.75,1218.25,0,76.14,1,0.8181152,High
0083-PIVIK,0,0,1,0,25,1,1,DSL,0,0,1,0,0,0,Month-to-month,0,Credit card (automatic),55.55,1405.3,0,56.21,1,0.33382827,Medium
6169-PGNCD,0,0,1,0,24,1,0,No,0,0,0,0,0,0,One year,0,Mailed check,20.1,533.9,0,22.25,0,0.0704395,Low
4909-JOUPP,1,0,1,1,10,1,1,DSL,1,1,0,0,1,0,One year,0,Electronic check,70.3,676.15,0,67.61,3,0.12758565,Low
4657-FWVFY,0,0,1,0,69,1,0,DSL,1,1,0,0,0,0,One year,1,Credit card (automatic),53.65,3804.4,0,55.14,2,0.13605542,Low
2257-BOVXD,0,0,0,0,57,1,0,No,0,0,0,0,0,0,Two year,0,Mailed check,20.75,1118.8,0,19.63,0,0.034984138,Low
7729-JTEEC,0,0,1,1,50,1,0,Fiber optic,0,1,1,1,1,1,One year,1,Bank transfer (automatic),103.4,5236.4,0,104.73,5,0.07763198,Low
9696-RMYBA,0,0,1,1,28,0,0,DSL,1,0,1,1,1,0,One year,0,Mailed check,50.8,1386.8,0,49.53,4,0.046112504,Low
8690-UPCZI,0,0,0,0,25,1,0,DSL,1,1,0,1,1,1,Month-to-month,1,Mailed check,79.0,1902.0,0,76.08,5,0.28580156,Low
9770-LXDBK,1,1,1,0,3,1,0,Fiber optic,0,1,0,0,0,0,Month-to-month,1,Bank transfer (automatic),74.6,239.05,0,79.68,1,0.8423972,High
4086-WITJG,0,0,1,0,61,1,1,Fiber optic,0,0,0,0,1,1,One year,1,Bank transfer (automatic),96.5,5673.7,0,93.01,2,0.46850246,Medium
8344-WFMFH,1,0,0,0,2,1,0,No,0,0,0,0,0,0,Month-to-month,0,Mailed check,20.1,39.8,0,19.9,0,0.35314825,Medium
8822-KNBHV,0,0,1,1,51,1,0,No,0,0,0,0,0,0,One year,0,Mailed check,19.4,997.75,0,19.56,0,0.02458304,Low
8404-FYDIB,1,0,1,1,71,1,0,DSL,1,0,1,0,1,1,Two year,0,Credit card (automatic),77.55,5574.35,0,78.51,4,0.009804663,Low
2791-SFVEW,1,0,1,1,20,1,0,No,0,0,0,0,0,0,Month-to-month,0,Mailed check,20.05,406.05,0,20.3,0,0.067561954,Low
6762-NSODU,0,0,1,1,6,1,0,No,0,0,0,0,0,0,Month-to-month,0,Credit card (automatic),19.85,138.85,0,23.14,0,0.13164927,Low
9888-ZCUMM,1,0,0,0,6,1,0,No,0,0,0,0,0,0,Month-to-month,0,Mailed check,20.2,123.65,0,20.61,0,0.22927263,Low
1074-WVEVG,1,0,0,0,29,1,1,DSL,1,1,0,1,0,0,Month-to-month,0,Mailed check,67.45,1801.1,0,62.11,3,0.18011591,Low
9979-RGMZT,0,0,0,0,36,1,0,No,0,0,0,0,0,0,Two year,1,Credit card (automatic),18.55,689.0,0,19.14,0,0.05109537,Low
6437-UDQJM,1,0,0,0,28,0,0,DSL,0,0,1,0,0,0,Month-to-month,1,Mailed check,29.75,790.7,0,28.24,1,0.42404974,Medium
1226-IENZN,1,0,0,0,63,1,1,No,0,0,0,0,0,0,Two year,0,Mailed check,24.2,1618.2,0,25.69,0,0.023677304,Low
2108-GLPQB,0,0,1,1,48,1,1,No,0,0,0,0,0,0,Two year,0,Mailed check,23.55,1173.35,0,24.44,0,0.015516353,Low
5474-LAMUQ,1,0,1,0,49,1,0,No,0,0,0,0,0,0,One year,0,Bank transfer (automatic),20.45,900.9,0,18.39,0,0.06349393,Low
3468-DRVQJ,0,0,1,0,72,1,1,DSL,1,1,1,1,1,1,Two year,0,Credit card (automatic),92.3,6719.9,0,93.33,6,0.036574088,Low
1122-YJBCS,1,0,1,1,72,0,0,DSL,0,1,0,1,1,1,Two year,0,Credit card (automatic),53.65,3784.0,0,52.56,4,0.013070366,Low
4990-ALDGW,1,0,0,0,47,0,0,DSL,1,1,0,1,0,0,One year,0,Credit card (automatic),39.65,1798.65,0,38.27,3,0.12647864,Low
4816-OKWNX,1,0,0,0,1,1,0,DSL,0,0,0,0,1,0,Month-to-month,1,Electronic check,54.65,54.65,0,54.65,1,0.868162,High
3315-IKYZQ,1,0,0,0,36,1,1,Fiber optic,0,1,1,0,1,1,One year,1,Bank transfer (automatic),104.8,3886.45,0,107.96,4,0.5958888,Medium
4747-LCAQL,0,0,1,1,43,0,0,DSL,0,1,0,0,0,0,Month-to-month,0,Credit card (automatic),29.3,1224.05,0,28.47,1,0.10164952,Low
3411-WLRSQ,1,1,1,0,27,1,1,DSL,0,1,1,1,1,1,Month-to-month,0,Electronic check,83.85,2310.2,0,85.56,5,0.49341387,Medium
0898-XCGTF,1,0,0,0,38,1,1,Fiber optic,0,0,1,1,1,1,Month-to-month,1,Electronic check,103.65,3988.5,0,104.96,4,0.7643561,High
8006-PYCSW,1,1,0,0,35,1,1,Fiber optic,1,0,0,0,1,1,Month-to-month,1,Electronic check,99.05,3554.6,0,101.56,3,0.7691958,High
8249-THVEC,1,0,1,0,59,1,0,Fiber optic,0,1,0,1,1,1,Two year,1,Mailed check,100.05,6034.85,0,102.29,4,0.24040788,Low
8722-PRFDV,0,0,0,0,27,1,0,No,0,0,0,0,0,0,Two year,0,Credit card (automatic),20.35,531.6,0,19.69,0,0.034320652,Low
2164-SOQXL,1,1,0,0,2,1,0,DSL,0,0,0,0,0,0,Month-to-month,0,Electronic check,43.95,85.1,0,42.55,0,0.773966,High
4020-KIUDI,0,0,0,0,7,1,1,No,0,0,0,0,0,0,Month-to-month,0,Mailed check,23.5,173.0,0,24.71,0,0.2679377,Low
5850-BDWCY,1,0,0,0,36,1,1,DSL,0,1,0,1,0,1,One year,1,Mailed check,70.7,2511.95,0,69.78,3,0.24903901,Low
2038-YSEZE,1,0,1,1,41,1,1,Fiber optic,1,1,0,0,1,0,Month-to-month,1,Bank transfer (automatic),94.3,3893.6,0,94.97,3,0.11334207,Low
0827-ITJPH,1,0,0,0,13,0,0,DSL,0,1,0,0,0,0,Month-to-month,0,Electronic check,29.15,357.15,0,27.47,1,0.54459745,Medium
8799-OXZMD,0,0,0,1,19,1,0,No,0,0,0,0,0,0,Two year,0,Credit card (automatic),20.85,467.5,0,24.61,0,0.024131786,Low
1705-GUHPV,1,0,1,0,60,0,0,DSL,1,1,0,1,0,0,Two year,0,Bank transfer (automatic),37.7,2288.7,0,38.14,3,0.05722759,Low
4779-ZGICK,0,0,1,0,69,1,1,Fiber optic,0,1,0,1,1,0,Two year,1,Mailed check,92.45,6460.55,0,93.63,3,0.1382353,Low
0048-PIHNL,0,0,0,0,43,0,0,DSL,0,0,1,1,0,1,One year,0,Electronic check,44.15,1931.3,0,44.91,3,0.23223478,Low
3967-KXAPS,1,0,0,1,11,0,0,DSL,1,0,0,1,0,0,One year,1,Mailed check,36.05,402.6,0,36.6,2,0.12872112,Low
3704-IEAXF,1,0,1,0,45,1,0,DSL,0,0,1,0,0,0,Month-to-month,1,Credit card (automatic),50.25,2221.55,0,49.37,1,0.38732532,Medium
6810-VCAEX,0,0,1,0,72,1,1,Fiber optic,0,1,1,1,1,1,Two year,1,Credit card (automatic),109.75,7758.9,0,107.76,5,0.19813108,Low
0674-EYYZV,1,0,1,1,12,1,0,No,0,0,0,0,0,0,Two year,0,Bank transfer (automatic),20.3,224.5,0,18.71,0,0.025628397,Low
4480-MBMLB,1,0,1,1,67,1,1,Fiber optic,0,1,1,1,1,1,One year,1,Credit card (automatic),112.35,7388.45,0,110.28,5,0.06033671,Low
1395-OFUWC,0,0,1,0,37,1,1,Fiber optic,0,0,1,1,1,0,Two year,0,Mailed check,94.3,3460.95,0,93.54,3,0.21629672,Low
0822-QGCXA,1,0,0,0,39,0,0,DSL,1,1,0,1,0,0,One year,0,Bank transfer (automatic),41.15,1700.9,0,43.61,3,0.13091014,Low
2832-KJCRD,1,0,0,0,41,1,1,DSL,1,0,1,1,0,1,Month-to-month,1,Bank transfer (automatic),74.65,3090.65,0,75.38,4,0.37691814,Medium
3588-WSTTJ,1,0,0,0,25,0,0,DSL,0,0,1,0,1,1,Month-to-month,1,Electronic check,48.25,1293.8,0,51.75,3,0.63590604,High
5090-EMGTC,0,0,1,1,8,1,1,DSL,1,1,0,1,0,1,Two year,1,Credit card (automatic),76.15,645.8,0,80.72,4,0.062724285,Low
2346-CZYIL,1,0,1,1,71,1,1,DSL,1,1,1,1,0,0,Two year,0,Mailed check,71.1,5224.95,0,73.59,4,0.0077571846,Low
3798-EPWRR,0,0,0,0,5,1,1,Fiber optic,0,1,1,0,0,1,Month-to-month,0,Electronic check,96.55,500.1,0,100.02,3,0.84204566,High
6258-NGCNG,1,0,0,0,30,1,1,DSL,1,0,1,0,1,1,One year,1,Credit card (automatic),79.3,2427.1,0,80.9,4,0.22948737,Low
4186-ZBUEW,0,0,0,0,40,1,0,Fiber optic,0,1,0,1,0,1,One year,1,Credit card (automatic),89.6,3488.15,0,87.2,3,0.30101678,Medium
5274-XHAKY,1,0,0,0,54,1,0,No,0,0,0,0,0,0,Two year,1,Mailed check,20.5,1035.7,0,19.18,0,0.044298347,Low
1442-BQPVU,0,0,1,0,72,1,1,Fiber optic,0,1,1,0,1,1,Two year,1,Bank transfer (automatic),106.3,7565.35,0,105.07,4,0.22341032,Low
3978-YNKDD,0,0,1,1,28,1,0,Fiber optic,0,1,1,0,1,1,One year,0,Bank transfer (automatic),100.35,2799.0,0,99.96,4,0.08589725,Low
4940-KHCWD,0,0,1,1,18,1,0,Fiber optic,0,0,0,1,0,1,Month-to-month,1,Electronic check,85.6,1601.5,0,88.97,2,0.22425495,Low
9589-ABEPT,1,0,1,1,59,1,1,Fiber optic,0,1,1,0,1,1,One year,1,Electronic check,106.15,6256.2,0,106.04,4,0.10306114,Low
9388-ZEYVT,0,0,1,1,22,1,0,DSL,0,0,0,1,0,0,Month-to-month,1,Electronic check,51.1,1232.9,0,56.04,1,0.15518185,Low
0305-SQECB,1,1,1,0,72,1,1,No,0,0,0,0,0,0,Two year,1,Credit card (automatic),25.7,1937.4,0,26.91,0,0.033075035,Low
7605-SNLQG,0,0,1,0,50,1,1,Fiber optic,0,0,0,1,1,1,One year,0,Electronic check,99.4,5059.75,0,101.2,3,0.51971376,Medium
4670-TABXH,1,0,1,1,48,1,0,DSL,1,0,1,1,1,0,One year,0,Bank transfer (automatic),69.7,3023.65,0,62.99,4,0.03435251,Low
0064-SUDOG,1,0,1,1,49,1,1,Fiber optic,0,1,0,0,1,1,Month-to-month,1,Electronic check,98.35,4889.2,0,99.78,3,0.17645061,Low
8561-NMTBD,0,0,1,1,28,1,0,Fiber optic,0,0,1,0,1,0,Month-to-month,0,Electronic check,85.45,2289.9,0,81.78,2,0.17306519,Low
5161-XEUVX,0,1,0,0,68,1,1,Fiber optic,0,1,1,0,0,1,Month-to-month,1,Electronic check,95.9,6503.2,0,95.64,3,0.6430598,High
8292-FRFZQ,0,0,0,0,13,1,1,Fiber optic,0,0,0,1,1,1,Month-to-month,0,Electronic check,100.75,1313.25,0,101.02,3,0.82162046,High
8591-NXRCV,1,0,0,0,11,1,1,Fiber optic,0,0,1,0,1,0,Month-to-month,1,Electronic check,89.2,990.3,0,90.03,2,0.88205737,High
7895-VONWT,0,0,1,0,72,1,1,No,0,0,0,0,0,0,Two year,0,Credit card (automatic),25.75,1864.2,0,25.89,0,0.023739995,Low
4526-RMTLL,0,0,1,1,70,1,1,DSL,0,1,1,1,1,1,Two year,1,Electronic check,84.1,5979.7,0,85.42,5,0.017581668,Low
6253-GNHWH,1,0,1,1,49,1,1,DSL,0,1,0,1,1,1,Two year,0,Bank transfer (automatic),79.3,3902.45,0,79.64,4,0.018879607,Low
4566-NECEV,1,1,1,0,67,1,1,Fiber optic,1,0,1,0,1,1,One year,1,Credit card (automatic),107.05,7142.5,0,106.6,4,0.5190121,Medium
8080-POTJR,0,0,0,0,46,1,0,No,0,0,0,0,0,0,Two year,0,Bank transfer (automatic),20.05,902.0,0,19.61,0,0.039220836,Low
6906-MPARY,1,0,1,0,37,1,0,No,0,0,0,0,0,0,Month-to-month,0,Bank transfer (automatic),19.5,805.2,0,21.76,0,0.23767689,Low
3662-FXJFO,1,1,1,0,13,0,0,DSL,0,0,0,0,1,1,Month-to-month,0,Electronic check,45.3,528.45,0,40.65,2,0.7516291,High
8107-RZLNV,1,0,1,0,72,1,1,Fiber optic,1,1,1,1,1,1,Two year,0,Electronic check,115.15,8349.7,0,115.97,6,0.103625126,Low
0516-OOHAR,0,0,1,1,68,1,0,DSL,0,0,1,1,1,1,Two year,1,Bank transfer (automatic),72.95,4953.25,0,72.84,4,0.016914032,Low
2027-CWDNU,0,0,1,1,15,1,0,No,0,0,0,0,0,0,One year,0,Mailed check,19.65,332.65,0,22.18,0,0.036788244,Low
9912-OMZDS,1,0,0,0,24,1,0,No,0,0,0,0,0,0,Two year,1,Bank transfer (automatic),19.55,470.2,0,19.59,0,0.060188077,Low
3733-ZEECP,1,0,0,0,24,1,1,Fiber optic,0,0,0,1,0,1,Month-to-month,1,Electronic check,89.55,2259.35,0,94.14,2,0.72878766,High
7878-RTCZG,0,0,0,0,27,1,0,DSL,1,0,0,0,0,0,Month-to-month,0,Mailed check,50.35,1411.35,0,52.27,1,0.21453951,Low
2452-MRMZF,1,0,1,1,71,1,0,DSL,1,1,1,1,1,1,Two year,0,Credit card (automatic),87.25,6328.7,0,89.14,6,0.007877169,Low
7103-IPXPJ,0,0,1,1,67,1,0,No,0,0,0,0,0,0,Two year,1,Mailed check,20.8,1411.9,0,21.07,0,0.009472197,Low
4342-HFXWS,1,0,1,0,63,1,1,Fiber optic,0,1,1,1,1,1,Two year,1,Bank transfer (automatic),109.25,6841.4,0,108.59,5,0.3565156,Medium
3545-CNWRG,0,0,0,0,1,1,0,No,0,0,0,0,0,0,Month-to-month,0,Mailed check,20.35,20.35,0,20.35,0,0.54680675,Medium
1785-BPHTP,0,0,0,0,4,1,0,DSL,0,0,0,0,0,1,Month-to-month,1,Electronic check,55.9,238.5,0,59.62,1,0.7479439,High
4989-LIXVT,0,0,1,1,52,1,0,DSL,1,1,1,0,1,1,Two year,0,Electronic check,79.2,4016.3,0,77.24,5,0.021614132,Low
7315-WYOAW,0,0,0,0,10,1,1,No,0,0,0,0,0,0,Month-to-month,1,Electronic check,24.0,226.55,0,22.66,0,0.44290897,Medium
1173-XZPYF,0,0,0,0,68,1,1,Fiber optic,1,1,1,0,1,0,One year,0,Bank transfer (automatic),101.35,7110.75,0,104.57,4,0.30912393,Medium
2509-TFPJU,1,0,1,0,52,0,0,DSL,1,0,1,0,0,0,One year,0,Mailed check,35.45,1958.95,0,37.67,2,0.16290422,Low
9530-GRMJG,0,0,1,0,70,1,1,DSL,1,1,1,1,1,0,One year,0,Bank transfer (automatic),79.4,5528.9,0,78.98,5,0.15517099,Low
6898-RBTLU,0,0,0,0,43,0,0,DSL,1,0,1,0,0,0,One year,1,Credit card (automatic),35.2,1463.7,0,34.04,2,0.21832643,Low
5481-NTDOH,0,0,0,0,52,1,0,No,0,0,0,0,0,0,Two year,0,Mailed check,19.65,1025.05,0,19.71,0,0.0438263,Low
2068-WWXQZ,1,0,0,0,12,0,0,DSL,1,0,1,1,0,1,Two year,0,Mailed check,49.85,552.1,0,46.01,4,0.109375566,Low
2061-VVFST,1,0,1,1,56,1,1,DSL,1,1,0,0,0,1,One year,0,Bank transfer (automatic),68.75,3815.4,0,68.13,3,0.028976062,Low
0749-IRGQE,0,0,0,0,42,1,1,Fiber optic,0,0,1,0,0,0,Month-to-month,0,Electronic check,79.9,3313.4,0,78.89,1,0.6362061,High
2380-DAMQP,0,1,1,0,22,1,0,Fiber optic,0,0,0,0,1,1,Month-to-month,1,Bank transfer (automatic),89.75,1938.9,0,88.13,2,0.72881496,High
2256-YLYLP,0,0,0,0,27,1,0,No,0,0,0,0,0,0,Month-to-month,1,Credit card (automatic),19.4,460.25,0,17.05,0,0.17223905,Low
1272-ILHFG,0,1,1,0,51,1,1,Fiber optic,1,0,1,0,0,1,One year,1,Bank transfer (automatic),93.65,4839.15,0,94.89,3,0.40137398,Medium
0164-XAIRP,0,0,0,0,1,1,0,No,0,0,0,0,0,0,Month-to-month,1,Mailed check,19.9,19.9,0,19.9,0,0.6970023,High
5666-CYCYZ,0,1,1,1,71,1,1,DSL,0,1,1,1,0,1,One year,1,Bank transfer (automatic),72.9,5139.65,0,72.39,4,0.026207756,Low
4011-ARPHK,1,0,1,1,69,1,1,No,0,0,0,0,0,0,Two year,1,Bank transfer (automatic),25.6,1673.4,0,24.25,0,0.012304907,Low
6365-HITVU,0,0,1,1,14,1,0,No,0,0,0,0,0,0,One year,0,Mailed check,19.75,309.35,0,22.1,0,0.03969654,Low
7558-IMLMT,0,0,1,0,57,1,0,DSL,1,0,0,1,0,0,Month-to-month,0,Electronic check,55.7,3171.6,0,55.64,2,0.38021764,Medium
9488-FYQAU,1,0,1,1,72,1,1,Fiber optic,1,1,1,1,1,1,Two year,0,Credit card (automatic),117.5,8670.1,0,120.42,6,0.012863511,Low
3590-TCXTB,0,0,0,0,48,1,0,No,0,0,0,0,0,0,Two year,0,Credit card (automatic),19.85,916.0,0,19.08,0,0.037101157,Low
6994-KERXL,1,0,1,1,4,1,0,Fiber optic,0,0,0,0,1,0,Month-to-month,1,Mailed check,78.9,299.75,0,74.94,1,0.5174602,Medium
1960-UOTYM,0,0,1,1,31,1,0,No,0,0,0,0,0,0,Month-to-month,1,Electronic check,20.65,702.05,0,22.65,0,0.08297049,Low
2740-JFBOK,0,1,0,0,57,1,1,DSL,0,1,1,0,1,1,Two year,1,Bank transfer (automatic),79.75,4438.2,0,77.86,4,0.11594623,Low
6500-JVEGC,1,1,1,0,62,1,0,DSL,1,0,1,1,1,1,Two year,1,Credit card (automatic),79.95,4819.75,0,77.74,5,0.05232563,Low
5245-VDBUR,0,0,1,0,3,0,0,DSL,0,0,0,1,0,0,Month-to-month,1,Electronic check,29.9,92.25,0,30.75,1,0.8167705,High
8469-SNFFH,1,0,0,1,72,1,0,No,0,0,0,0,0,0,Two year,1,Mailed check,19.75,1567.0,0,21.76,0,0.009738643,Low
2144-ESWKO,0,0,0,1,29,0,0,DSL,1,1,1,1,0,0,Month-to-month,1,Mailed check,45.0,1242.45,0,42.84,4,0.12741989,Low
1241-FPMOF,0,0,1,1,13,1,0,DSL,0,0,0,0,0,0,Month-to-month,0,Bank transfer (automatic),44.8,559.2,0,43.02,0,0.1716912,Low
9928-BZVLZ,1,0,0,0,11,1,0,DSL,0,1,0,0,0,0,Month-to-month,0,Electronic check,51.1,531.15,0,48.29,1,0.4654736,Medium
4114-QMKVN,1,0,0,1,21,0,0,DSL,1,1,1,1,1,0,Two year,0,Mailed check,53.15,1183.2,0,56.34,5,0.045904834,Low
9003-CPATH,1,0,0,0,19,1,1,No,0,0,0,0,0,0,Month-to-month,0,Bank transfer (automatic),24.7,465.85,0,24.52,0,0.21601424,Low
1754-GKYPY,0,0,1,1,35,1,1,Fiber optic,0,1,1,1,1,1,Month-to-month,1,Electronic check,109.95,3782.4,0,108.07,5,0.18733084,Low
7956-XQWGU,0,0,0,1,25,1,0,No,0,0,0,0,0,0,Month-to-month,0,Mailed check,20.8,460.2,0,18.41,0,0.053098015,Low
1591-MQJTP,1,0,0,0,67,1,1,No,0,0,0,0,0,0,Two year,1,Bank transfer (automatic),25.6,1790.35,0,26.72,0,0.047089215,Low
2369-FEVNO,0,0,1,1,72,1,1,Fiber optic,1,1,1,0,1,1,Two year,1,Credit card (automatic),108.4,7767.25,0,107.88,5,0.027464623,Low
7471-MQPOS,0,0,0,0,43,1,0,No,0,0,0,0,0,0,Two year,0,Mailed check,19.55,876.15,0,20.38,0,0.044778097,Low
5115-SQAAU,1,0,1,1,55,1,1,Fiber optic,1,1,0,0,0,0,Month-to-month,1,Electronic check,85.1,4600.95,0,83.65,2,0.09971664,Low
9845-QOMAD,0,0,0,0,27,1,0,Fiber optic,0,0,0,0,0,0,Month-to-month,1,Mailed check,69.05,1793.25,0,66.42,0,0.4793543,Medium
7672-VFMXZ,1,0,0,0,13,1,0,Fiber optic,0,0,0,0,0,0,Month-to-month,1,Mailed check,70.15,886.7,0,68.21,0,0.71932983,High
9739-JLPQJ,1,0,0,0,70,1,1,Fiber optic,1,1,1,0,1,1,Two year,1,Mailed check,111.15,7737.55,0,110.54,5,0.22418708,Low
9916-AYHTC,1,0,1,1,19,1,1,Fiber optic,0,0,0,1,0,1,One year,1,Bank transfer (automatic),89.35,1686.85,0,88.78,2,0.09402968,Low
3855-ONCAR,1,0,0,0,20,1,1,Fiber optic,1,0,0,0,1,0,Month-to-month,1,Bank transfer (automatic),89.1,1879.25,0,93.96,2,0.6287059,High
1488-SYSFC,0,0,1,1,43,1,1,Fiber optic,1,0,1,1,0,0,One year,1,Credit card (automatic),91.25,4013.8,0,93.34,3,0.029729247,Low
0970-QXPXW,0,0,1,1,5,1,0,Fiber optic,1,0,1,0,0,1,Month-to-month,1,Mailed check,90.35,434.5,0,86.9,3,0.4228077,Medium
3259-KNMRR,1,1,1,0,70,1,1,Fiber optic,0,1,0,1,1,1,One year,1,Bank transfer (automatic),105.55,7195.35,0,102.79,4,0.49765453,Medium
6120-RJKLU,1,0,1,0,40,1,0,No,0,0,0,0,0,0,Two year,0,Mailed check,19.1,780.1,0,19.5,0,0.06396456,Low
9572-WUKSB,0,0,1,1,6,1,0,No,0,0,0,0,0,0,Two year,1,Credit card (automatic),20.4,107.6,0,17.93,0,0.026297824,Low
5893-KCLGT,0,0,0,0,39,1,0,Fiber optic,1,0,1,0,1,1,Two year,1,Electronic check,100.45,3801.7,0,97.48,4,0.33442435,Medium
0076-LVEPS,1,1,0,0,45,1,0,Fiber optic,1,1,0,1,0,0,Month-to-month,1,Bank transfer (automatic),85.7,3778.1,0,83.96,3,0.39193395,Medium
3640-JQGJG,1,1,1,0,57,1,1,Fiber optic,0,1,1,0,0,1,Month-to-month,0,Credit card (automatic),94.0,5438.95,0,95.42,3,0.54448617,Medium
1596-OQSPS,0,0,1,1,72,1,1,DSL,1,1,1,1,0,0,Two year,0,Bank transfer (automatic),69.85,5102.35,0,70.87,4,0.0074207224,Low
9867-XOBQA,0,0,1,0,72,1,1,No,0,0,0,0,0,0,Two year,0,Credit card (automatic),25.85,1872.2,0,26.0,0,0.023739995,Low
9546-KDTRB,1,0,0,0,3,1,0,DSL,1,1,0,1,0,1,Two year,0,Mailed check,71.1,213.35,0,71.12,4,0.120379,Low
3174-RKMOW,1,0,1,0,59,1,1,Fiber optic,0,0,1,1,1,0,Month-to-month,0,Electronic check,93.35,5386.5,0,91.3,3,0.54467654,Medium
1760-CAZHT,1,0,0,0,4,1,0,DSL,1,0,0,0,0,0,Month-to-month,1,Bank transfer (automatic),50.55,235.65,0,58.91,1,0.55800366,Medium
8441-SHIPE,0,0,0,0,27,1,1,Fiber optic,0,0,1,0,0,0,Month-to-month,1,Electronic check,81.3,2272.8,0,84.18,1,0.73520255,High
1320-GVNHT,0,0,0,0,4,1,0,No,0,0,0,0,0,0,Month-to-month,1,Credit card (automatic),20.7,83.75,0,20.94,0,0.34242484,Medium
1047-RNXZV,0,0,1,1,60,1,0,DSL,1,1,0,1,1,1,Month-to-month,1,Credit card (automatic),79.05,4663.4,0,77.72,5,0.041413765,Low
3541-ZNUHK,1,0,1,1,8,1,0,No,0,0,0,0,0,0,Two year,0,Mailed check,19.05,201.7,0,25.21,0,0.038475752,Low
8725-JEDFD,0,0,1,1,8,1,0,No,0,0,0,0,0,0,Two year,0,Credit card (automatic),19.6,125.0,0,15.62,0,0.027388625,Low
7562-UXTPG,0,0,0,0,35,1,0,No,0,0,0,0,0,0,Two year,1,Mailed check,20.2,684.4,0,19.55,0,0.046543013,Low
8071-SBTRN,1,0,1,1,53,1,0,No,0,0,0,0,0,0,Two year,0,Mailed check,20.9,1146.05,0,21.62,0,0.014293552,Low
6668-CNMFP,1,1,0,0,18,1,1,Fiber optic,0,1,0,1,1,1,Month-to-month,1,Credit card (automatic),103.6,1806.35,0,100.35,4,0.7499699,High
5626-MGTUK,1,0,0,0,15,0,0,DSL,0,1,0,0,0,1,Two year,1,Mailed check,38.8,603.0,0,40.2,2,0.20572563,Low
5681-LLOEI,0,0,1,0,67,1,1,Fiber optic,0,1,0,0,1,0,One year,1,Bank transfer (automatic),88.4,5798.3,0,86.54,2,0.34244215,Medium
8212-DJRCH,0,1,0,0,6,1,0,Fiber optic,0,0,0,0,1,0,Month-to-month,1,Electronic check,79.7,497.6,0,82.93,1,0.8674956,High
4323-OHFOW,0,0,0,1,1,1,0,No,0,0,0,0,0,0,Month-to-month,1,Mailed check,19.3,19.3,0,19.3,0,0.5288164,Medium
4933-BSAIP,0,0,0,0,5,1,0,DSL,1,0,0,1,0,0,Month-to-month,1,Mailed check,55.75,266.95,0,53.39,2,0.47267753,Medium
2030-BTZRO,0,0,0,0,13,1,0,No,0,0,0,0,0,0,One year,1,Mailed check,19.95,257.0,0,19.77,0,0.11690431,Low
1116-DXXDF,0,0,0,0,29,1,0,Fiber optic,0,1,0,1,1,0,Month-to-month,0,Mailed check,89.65,2623.65,0,90.47,3,0.47639126,Medium
6563-VNPMN,0,1,0,0,1,1,0,DSL,0,0,0,0,0,0,Month-to-month,1,Mailed check,45.85,45.85,0,45.85,0,0.83391917,High
2267-WTPYD,1,0,1,1,18,1,0,DSL,0,0,0,0,1,0,Month-to-month,0,Mailed check,55.95,1082.8,0,60.16,1,0.13183971,Low
0270-THENM,1,0,1,0,2,1,0,DSL,0,0,1,0,1,1,Month-to-month,0,Credit card (automatic),69.0,147.8,0,73.9,3,0.7333609,High
4707-MAXGU,0,0,1,1,30,1,1,Fiber optic,0,1,0,1,0,0,Month-to-month,1,Bank transfer (automatic),83.55,2570.2,0,85.67,2,0.14784859,Low
2710-WYVXG,0,0,0,1,66,1,1,DSL,1,1,0,1,0,0,Two year,0,Bank transfer (automatic),65.7,4378.9,0,66.35,3,0.017558547,Low
6300-BWMJX,0,0,1,1,38,1,1,Fiber optic,0,0,1,1,1,0,Two year,1,Bank transfer (automatic),94.9,3616.25,0,95.16,3,0.041878425,Low
7009-LGECI,0,0,1,1,44,1,0,DSL,0,1,1,1,0,0,Month-to-month,1,Mailed check,61.9,2924.05,0,66.46,3,0.08079648,Low
5022-KVDQT,0,0,0,0,2,1,0,No,0,0,0,0,0,0,Month-to-month,0,Mailed check,20.0,32.7,0,16.35,0,0.38202333,Medium
7976-CICYS,1,0,0,0,42,1,0,DSL,1,1,0,1,0,1,One year,1,Mailed check,67.7,2882.25,0,68.62,4,0.16471462,Low
1036-GUDCL,1,0,1,1,58,1,1,No,0,0,0,0,0,0,Two year,0,Credit card (automatic),25.15,1509.9,0,26.03,0,0.011819139,Low
2005-DWQZJ,0,0,1,1,58,1,0,Fiber optic,0,1,0,0,1,1,Month-to-month,1,Electronic check,92.85,5305.05,0,91.47,3,0.10196019,Low
8148-WOCMK,1,0,0,0,71,1,1,Fiber optic,1,1,1,1,1,1,Two year,0,Mailed check,111.3,7985.9,0,112.48,6,0.120317966,Low
7815-PDTHL,1,0,1,0,48,1,1,DSL,1,0,0,1,0,0,One year,1,Bank transfer (automatic),60.6,2985.25,0,62.19,2,0.21128373,Low
9173-IVZVP,1,0,1,0,8,1,0,DSL,1,0,0,1,0,1,Two year,0,Mailed check,65.5,564.35,0,70.54,3,0.11639037,Low
9129-UXERG,0,0,0,0,67,1,0,No,0,0,0,0,0,0,Two year,0,Bank transfer (automatic),19.95,1311.75,0,19.58,0,0.027360622,Low
3635-JBPSG,0,0,0,0,49,1,1,Fiber optic,0,0,0,0,0,0,Month-to-month,1,Bank transfer (automatic),74.6,3720.35,0,75.93,0,0.5311326,Medium
7964-ZRKKG,1,0,1,0,52,1,1,Fiber optic,0,1,1,0,1,0,Month-to-month,0,Bank transfer (automatic),94.6,5025.8,0,96.65,3,0.5568156,Medium
6229-LSCKB,1,0,1,0,63,1,0,Fiber optic,1,0,1,0,0,0,One year,1,Credit card (automatic),81.15,5224.5,0,82.93,2,0.1637034,Low
1724-IQWNM,1,0,1,1,68,1,1,DSL,1,1,1,1,1,1,Two year,1,Bank transfer (automatic),89.05,6185.8,0,90.97,6,0.011562547,Low
8217-QYOHV,1,0,1,0,31,1,0,DSL,0,0,0,1,0,0,Month-to-month,1,Mailed check,49.2,1498.55,0,48.34,1,0.34487528,Medium
5546-QUERU,1,0,1,0,64,1,0,No,0,0,0,0,0,0,Two year,0,Credit card (automatic),19.45,1208.6,0,18.88,0,0.026687134,Low
6897-UUBNU,1,0,1,0,62,1,0,Fiber optic,1,0,1,1,1,1,One year,1,Electronic check,104.3,6613.65,0,106.67,5,0.56133556,Medium
6127-IYJOZ,1,0,1,0,21,1,0,Fiber optic,0,0,0,1,1,0,Month-to-month,1,Electronic check,86.05,1818.9,0,86.61,2,0.7300884,High
8930-XOTDP,1,0,1,1,72,1,1,No,0,0,0,0,0,0,Two year,0,Bank transfer (automatic),25.2,1787.35,0,24.82,0,0.007697264,Low
5916-QEWPT,1,0,1,1,32,0,0,DSL,1,1,0,0,0,0,Month-to-month,1,Electronic check,35.15,1051.05,0,32.85,2,0.21504734,Low
5060-TQUQN,1,1,0,0,71,1,1,Fiber optic,1,1,0,1,1,0,One year,1,Credit card (automatic),99.65,7181.25,0,101.14,4,0.19087487,Low
0531-XBKMM,1,0,0,1,34,1,0,Fiber optic,1,1,1,0,1,1,Month-to-month,1,Bank transfer (automatic),105.35,3688.6,0,108.49,5,0.21987712,Low
8465-SBRXP,1,0,1,1,35,1,1,No,0,0,0,0,0,0,Two year,0,Bank transfer (automatic),24.3,821.6,0,23.47,0,0.020241713,Low
2408-PSJVE,1,0,1,1,3,1,0,Fiber optic,0,0,0,0,1,0,Month-to-month,1,Electronic check,80.7,239.45,0,79.82,1,0.6500918,High
9700-ZCLOT,0,0,0,0,3,1,0,Fiber optic,0,0,1,1,1,0,Month-to-month,1,Mailed check,89.85,244.45,0,81.48,3,0.7764137,High
8738-JOKAR,0,0,0,0,53,1,0,DSL,0,0,1,0,0,1,One year,1,Electronic check,61.1,3357.9,0,63.36,2,0.31829962,Medium
4534-WGCIR,1,0,1,0,4,0,0,DSL,1,0,0,0,0,0,Month-to-month,1,Electronic check,29.05,129.6,0,32.4,1,0.8016743,High
1930-WNXSB,1,0,1,1,48,1,0,Fiber optic,1,0,1,0,1,1,One year,1,Bank transfer (automatic),99.7,4977.2,0,103.69,4,0.06370457,Low
3508-CFVZL,0,0,1,1,54,0,0,DSL,0,0,1,1,0,1,Two year,0,Credit card (automatic),46.0,2424.05,0,44.89,3,0.029434565,Low
0657-DOGUM,0,0,0,0,62,1,0,DSL,0,1,1,1,1,1,Month-to-month,1,Bank transfer (automatic),80.4,4981.15,0,80.34,5,0.23012534,Low
8792-AOROI,0,0,1,1,22,1,0,Fiber optic,0,1,1,0,1,1,One year,1,Mailed check,100.05,2090.25,0,95.01,4,0.112589434,Low
5146-YYFRZ,0,1,0,0,51,1,0,Fiber optic,0,0,1,0,1,1,One year,1,Bank transfer (automatic),94.0,4905.75,0,96.19,3,0.4424445,Medium
3452-SRFEG,1,0,0,0,30,1,1,DSL,0,1,1,0,1,0,One year,1,Credit card (automatic),68.95,2038.7,0,67.96,3,0.18974331,Low
4070-OKWVH,1,1,1,0,56,1,1,DSL,1,1,1,1,0,0,One year,1,Credit card (automatic),68.45,4014.0,0,71.68,4,0.12667021,Low
5297-MDOIR,0,0,1,0,35,1,1,DSL,0,1,0,1,1,0,One year,1,Electronic check,69.0,2441.7,0,69.76,3,0.31828782,Medium
6369-MCAKO,1,1,0,0,64,0,0,DSL,0,1,0,1,1,0,Month-to-month,1,Electronic check,43.85,2751.0,0,42.98,3,0.42673993,Medium
4926-UMJZD,0,0,0,1,30,0,0,DSL,0,0,0,0,1,1,Month-to-month,1,Electronic check,44.5,1307.8,0,43.59,2,0.28336713,Low
6848-HJTXY,1,0,1,1,25,1,0,No,0,0,0,0,0,0,Two year,1,Mailed check,18.7,383.65,0,15.35,0,0.018456979,Low
6341-AEVKX,1,0,1,0,1,1,0,DSL,1,1,0,0,0,0,Month-to-month,1,Mailed check,53.55,53.55,0,53.55,2,0.7589851,High
0682-USIXD,0,0,0,1,70,1,1,Fiber optic,1,1,1,1,1,1,Two year,1,Electronic check,114.6,7882.5,0,112.61,6,0.06649613,Low
6976-BWGLQ,1,0,1,1,57,1,0,No,0,0,0,0,0,0,Two year,1,Bank transfer (automatic),20.1,1087.7,0,19.08,0,0.013767684,Low
7078-NVFAM,0,0,0,0,9,1,1,Fiber optic,0,0,0,0,1,0,Month-to-month,1,Electronic check,85.5,791.7,0,87.97,1,0.8772105,High
8065-QBYTO,1,0,1,1,69,1,1,Fiber optic,0,1,1,1,1,1,One year,1,Bank transfer (automatic),108.75,7493.05,0,108.59,5,0.077052586,Low
2133-TSRRM,1,0,1,0,72,1,1,Fiber optic,0,0,1,0,1,1,Two year,1,Electronic check,97.85,6841.3,0,95.02,3,0.17951779,Low
2511-ALLCS,0,0,0,1,44,1,0,No,0,0,0,0,0,0,Two year,0,Bank transfer (automatic),19.55,819.95,0,18.64,0,0.016375514,Low
3191-CSNMG,1,0,1,0,72,1,1,Fiber optic,1,1,0,0,0,0,Two year,1,Bank transfer (automatic),84.05,6052.25,0,84.06,2,0.05353403,Low
7952-OBOYL,0,0,0,0,54,1,1,Fiber optic,0,0,1,0,0,1,Month-to-month,0,Credit card (automatic),89.4,4869.5,0,90.18,2,0.5018152,Medium
7470-DYNOE,0,0,0,1,27,1,0,No,0,0,0,0,0,0,Two year,0,Credit card (automatic),19.7,509.3,0,18.86,0,0.017029906,Low
7853-OETYL,0,0,0,0,54,1,1,Fiber optic,0,1,0,0,0,0,Month-to-month,1,Bank transfer (automatic),79.85,4308.25,0,79.78,1,0.5187583,Medium
1545-ACTAS,0,0,0,0,3,1,0,Fiber optic,0,1,0,0,0,0,Month-to-month,0,Credit card (automatic),74.45,221.1,0,73.7,1,0.7168214,High
5126-RCXYW,1,0,1,0,53,1,1,DSL,1,1,1,0,0,1,One year,0,Bank transfer (automatic),74.1,3833.95,0,72.34,4,0.18521973,Low
2363-BJLSL,0,0,1,0,15,1,0,No,0,0,0,0,0,0,One year,0,Mailed check,18.8,294.95,0,19.66,0,0.121394664,Low
1956-YIFGE,0,0,1,1,5,1,1,DSL,1,1,0,1,0,0,Month-to-month,0,Credit card (automatic),64.4,316.9,0,63.38,3,0.2608699,Low
7921-LMDFQ,0,0,1,1,48,1,0,DSL,0,1,1,0,0,0,One year,1,Credit card (automatic),55.8,2651.2,0,55.23,2,0.041959524,Low
2925-MXLSX,1,0,0,1,25,1,0,No,0,0,0,0,0,0,Month-to-month,0,Credit card (automatic),20.05,471.7,0,18.87,0,0.050305057,Low
5820-PTRYM,0,0,0,0,58,1,0,Fiber optic,1,1,0,0,1,1,One year,0,Bank transfer (automatic),99.15,5720.95,0,98.64,4,0.35448262,Medium
9609-BENEA,0,0,0,0,10,1,0,DSL,0,0,0,0,0,1,Month-to-month,1,Bank transfer (automatic),56.75,503.25,0,50.32,1,0.5066454,Medium
6211-WHMYA,0,0,1,0,71,1,1,Fiber optic,0,1,0,1,1,1,Two year,1,Credit card (automatic),104.15,7365.3,0,103.74,4,0.21856284,Low
4459-BBGHE,1,0,1,1,65,1,1,Fiber optic,0,1,1,1,1,1,Two year,1,Credit card (automatic),110.8,7245.9,0,111.48,5,0.038693313,Low
9945-PSVIP,1,0,0,0,28,0,0,DSL,0,0,1,1,0,0,Month-to-month,1,Mailed check,35.75,961.4,0,34.34,2,0.3908489,Medium
9108-EJFJP,1,0,1,1,67,1,1,DSL,0,0,1,1,0,1,Two year,1,Bank transfer (automatic),69.9,4615.9,0,68.89,3,0.017669002,Low
0530-IJVDB,0,0,0,0,35,1,0,Fiber optic,1,0,0,1,0,1,One year,1,Electronic check,89.2,3251.3,0,92.89,3,0.39117694,Medium
0508-SQWPL,1,0,1,1,72,0,0,DSL,1,1,1,1,0,1,Two year,0,Credit card (automatic),55.65,3880.05,0,53.89,5,0.01216189,Low
2215-ZAFGX,1,0,1,1,61,0,0,DSL,1,1,0,1,0,1,One year,1,Bank transfer (automatic),50.7,3088.75,0,50.64,4,0.045869656,Low
8213-TAZPM,0,1,0,0,68,1,0,No,0,0,0,0,0,0,Two year,1,Credit card (automatic),20.0,1396.0,0,20.53,0,0.033231787,Low
1304-SEGFY,0,0,0,0,3,1,0,No,0,0,0,0,0,0,Month-to-month,1,Mailed check,19.1,53.05,0,17.68,0,0.33989662,Medium
7242-EDTYC,1,0,0,1,48,0,0,DSL,0,1,1,0,0,1,Month-to-month,0,Credit card (automatic),45.55,2108.35,0,43.92,3,0.15337655,Low
2904-GGUAZ,0,0,1,1,68,1,1,Fiber optic,0,1,0,0,1,1,One year,1,Credit card (automatic),101.05,6770.5,0,99.57,3,0.064513646,Low
5136-GFPMB,1,0,0,0,47,1,0,Fiber optic,1,0,1,1,1,1,One year,1,Electronic check,103.7,4730.6,0,100.65,5,0.524993,Medium
2595-KIWPV,0,0,1,1,32,0,0,DSL,0,0,1,1,0,0,One year,1,Mailed check,36.25,1151.05,0,35.97,2,0.06500747,Low
5243-SAOTC,1,0,1,1,5,1,0,DSL,1,0,0,0,0,0,Month-to-month,1,Mailed check,49.4,232.55,0,46.51,1,0.37698308,Medium
9398-MMQTO,0,0,0,0,49,1,0,No,0,0,0,0,0,0,Two year,1,Credit card (automatic),19.9,1022.6,0,20.87,0,0.046313073,Low
7619-PLRLP,0,0,0,0,15,1,0,No,0,0,0,0,0,0,Month-to-month,1,Mailed check,19.8,309.4,0,20.63,0,0.27438128,Low
6508-NJYRO,1,0,0,0,12,1,0,DSL,0,0,0,0,0,0,Month-to-month,1,Electronic check,45.05,523.1,0,43.59,0,0.61332566,High
4710-NKCAW,0,1,0,0,67,1,1,DSL,1,1,0,1,0,0,Two year,1,Bank transfer (automatic),64.55,4250.1,0,63.43,3,0.05123644,Low
5306-BVTKJ,0,0,0,0,9,1,0,Fiber optic,0,0,0,1,1,0,Month-to-month,0,Electronic check,86.25,770.5,0,85.61,2,0.76029444,High
0357-NVCRI,1,0,1,1,13,1,0,No,0,0,0,0,0,0,Two year,1,Bank transfer (automatic),19.75,246.7,0,18.98,0,0.03256102,Low
2371-KFUOG,1,0,0,0,38,1,0,Fiber optic,0,0,0,0,1,1,One year,1,Mailed check,89.1,3342.0,0,87.95,2,0.3993067,Medium
0463-ZSDNT,1,1,1,0,42,1,1,Fiber optic,0,1,1,0,1,0,Month-to-month,1,Electronic check,95.55,3930.6,0,93.59,3,0.753519,High
6257-DTAYD,0,0,1,1,9,1,1,Fiber optic,0,1,1,0,1,1,Month-to-month,1,Credit card (automatic),102.6,897.75,0,99.75,4,0.5596077,Medium
4616-ULAOA,1,0,1,0,49,0,0,DSL,0,1,0,1,1,1,One year,1,Credit card (automatic),56.3,2780.6,0,56.75,4,0.3508946,Medium
7746-AWNQW,1,1,1,0,61,1,1,Fiber optic,1,1,1,1,0,0,Month-to-month,1,Credit card (automatic),94.2,5895.45,0,96.65,4,0.31509203,Medium
5996-EBTKM,0,0,0,1,50,0,0,DSL,1,1,0,0,1,0,One year,1,Bank transfer (automatic),43.05,2208.05,0,44.16,3,0.07061475,Low
2758-RNWXS,1,1,1,0,53,1,0,Fiber optic,0,1,1,1,1,0,One year,1,Electronic check,94.0,4871.45,0,91.91,4,0.4097813,Medium
2314-TNDJQ,1,0,1,0,51,1,1,Fiber optic,0,0,1,0,1,1,One year,1,Electronic check,98.85,4947.55,0,97.01,3,0.6041928,High
2405-LBMUW,1,0,1,1,24,1,1,DSL,1,1,1,0,0,0,Two year,0,Electronic check,64.35,1558.65,0,64.94,3,0.037699748,Low
3454-JFUBC,1,0,1,0,62,1,0,DSL,1,1,1,0,1,0,Two year,1,Credit card (automatic),72.0,4284.2,0,69.1,4,0.0556237,Low
9039-ZVJDC,0,0,0,0,24,1,0,DSL,0,1,0,0,0,0,Month-to-month,1,Mailed check,49.7,1218.25,0,50.76,1,0.33836815,Medium
9013-AQORL,1,0,1,1,70,1,1,DSL,1,1,1,1,1,0,Two year,0,Electronic check,80.7,5617.95,0,80.26,5,0.016681222,Low
2898-MRKPI,0,0,0,1,1,0,0,DSL,0,0,0,0,0,0,Month-to-month,0,Mailed check,24.2,24.2,0,24.2,0,0.5913713,Medium
2750-BJLSB,1,0,0,0,8,1,0,DSL,0,1,0,1,1,0,Month-to-month,1,Electronic check,65.45,554.45,0,69.31,3,0.56448245,Medium
3648-GZPHF,1,0,1,1,72,1,0,DSL,1,1,1,1,0,1,Two year,1,Electronic check,74.35,5237.4,0,72.74,5,0.009083338,Low
2075-RMJIK,1,0,0,0,23,1,0,Fiber optic,0,1,1,1,0,0,Month-to-month,0,Bank transfer (automatic),83.2,2032.3,0,88.36,3,0.4218883,Medium
9588-YRFHY,0,0,0,1,31,0,0,DSL,0,0,0,0,0,0,Month-to-month,0,Credit card (automatic),25.0,789.2,0,25.46,0,0.12192903,Low
9364-YKUVW,0,0,1,1,37,0,0,DSL,1,0,1,1,0,0,One year,1,Electronic check,40.2,1525.35,0,41.23,3,0.092320606,Low
5392-AKEMH,1,1,0,0,35,1,1,Fiber optic,1,1,1,0,1,1,One year,1,Electronic check,108.35,3726.15,0,106.46,5,0.6095231,High
2451-YMUXS,1,0,1,1,23,1,1,DSL,0,1,0,1,1,0,Month-to-month,1,Credit card (automatic),69.5,1652.1,0,71.83,3,0.09099074,Low
3914-FDRHP,1,0,1,1,20,1,1,DSL,1,0,0,0,1,1,One year,0,Bank transfer (automatic),76.0,1588.75,0,79.44,3,0.052570045,Low
3078-ZKNTS,0,0,1,0,36,1,0,Fiber optic,1,0,0,0,1,1,Month-to-month,1,Electronic check,93.6,3366.05,0,93.5,3,0.6837993,High
1024-KPRBB,0,0,1,1,71,1,1,Fiber optic,0,1,0,0,1,1,One year,0,Bank transfer (automatic),100.55,7113.75,0,100.19,3,0.039402496,Low
4690-PKDQG,1,0,1,1,43,1,1,No,0,0,0,0,0,0,One year,1,Bank transfer (automatic),24.45,993.15,0,23.1,0,0.03274693,Low
9547-ITEFG,0,0,0,1,57,1,1,DSL,1,1,1,1,1,1,Two year,0,Mailed check,89.55,5012.35,0,87.94,6,0.01691607,Low
1264-FUHCX,1,0,1,0,27,1,0,Fiber optic,0,1,0,0,0,0,Month-to-month,1,Electronic check,76.1,2093.4,0,77.53,1,0.7050552,High
7789-CRUVC,1,0,0,0,13,1,0,Fiber optic,0,0,0,0,0,1,Month-to-month,1,Electronic check,80.5,1011.8,0,77.83,1,0.81623805,High
6598-KELSS,1,0,0,0,67,1,0,No,0,0,0,0,0,0,One year,0,Electronic check,20.55,1343.4,0,20.05,0,0.086776726,Low
9972-VAFJJ,1,0,1,0,64,1,1,Fiber optic,0,1,0,1,1,1,Two year,1,Bank transfer (automatic),105.4,6794.75,0,106.17,4,0.4009982,Medium
0422-UXFAP,0,0,0,0,26,0,0,DSL,0,0,1,1,0,0,Month-to-month,0,Electronic check,35.75,1022.5,0,39.33,2,0.43517503,Medium
1904-WAJAA,0,0,0,0,38,1,1,Fiber optic,0,1,1,0,0,1,Month-to-month,1,Credit card (automatic),95.1,3691.2,0,97.14,3,0.6183117,High
5130-YPIRV,0,0,1,0,23,1,0,No,0,0,0,0,0,0,One year,0,Credit card (automatic),19.3,486.2,0,21.14,0,0.08116469,Low
2843-CQMEG,0,1,1,0,72,0,0,DSL,1,1,1,1,1,1,Two year,1,Bank transfer (automatic),63.1,4685.55,0,65.08,6,0.038824867,Low
6439-PKTRR,1,0,1,0,62,1,1,DSL,1,1,0,1,1,1,Two year,1,Electronic check,84.95,5150.55,0,83.07,5,0.065048695,Low
5351-QESIO,1,0,0,0,40,1,1,Fiber optic,0,1,1,0,1,0,Month-to-month,1,Bank transfer (automatic),93.4,3756.4,0,93.91,3,0.57224005,Medium
5568-DMXZS,0,0,0,0,41,1,1,Fiber optic,0,1,0,0,1,0,Month-to-month,1,Electronic check,89.2,3645.75,0,88.92,2,0.6840221,High
8468-FZTOE,0,1,1,0,34,1,0,Fiber optic,0,0,1,0,1,0,Month-to-month,1,Credit card (automatic),85.2,2874.45,0,84.54,2,0.66743535,High
6633-SYEUS,1,0,0,0,1,1,0,DSL,0,1,0,0,0,0,Month-to-month,0,Electronic check,49.95,49.95,0,49.95,1,0.7631655,High
6447-GORXK,1,0,0,0,51,1,0,No,0,0,0,0,0,0,Two year,0,Bank transfer (automatic),20.65,1020.75,0,20.01,0,0.042562254,Low
6967-PEJLL,1,0,0,0,39,1,0,No,0,0,0,0,0,0,Two year,0,Mailed check,20.15,826.0,0,21.18,0,0.03904296,Low
5981-ZVXOT,0,0,1,1,12,1,0,No,0,0,0,0,0,0,Month-to-month,1,Electronic check,19.2,239.0,0,19.92,0,0.21399456,Low
1684-FLBGS,0,0,0,0,72,1,1,Fiber optic,0,1,1,0,1,1,One year,1,Electronic check,104.95,7544.3,0,104.78,4,0.5120315,Medium
1389-WNUIB,1,1,1,0,63,1,1,Fiber optic,0,1,1,0,1,1,Month-to-month,1,Electronic check,103.5,6479.4,0,102.85,4,0.7308644,High
0376-OIWME,0,0,1,0,44,1,1,Fiber optic,1,0,1,0,0,0,Month-to-month,1,Credit card (automatic),84.8,3626.35,0,82.42,2,0.52400345,Medium
0218-QNVAS,1,0,0,0,18,1,1,Fiber optic,0,0,1,1,0,1,Month-to-month,1,Bank transfer (automatic),95.05,1679.4,0,93.3,3,0.6358273,High
0804-YGEQV,0,0,0,0,13,1,0,DSL,0,1,0,1,1,1,Month-to-month,0,Mailed check,73.35,931.55,0,71.66,4,0.39603293,Medium
7164-BPTUT,1,0,1,0,68,1,0,DSL,0,1,0,1,1,0,Two year,0,Bank transfer (automatic),64.1,4326.25,0,63.62,3,0.061188925,Low
2523-EWWZL,1,1,0,0,6,0,0,DSL,0,0,0,0,1,1,Month-to-month,1,Electronic check,44.4,263.05,0,43.84,2,0.80046386,High
0928-XUTSN,1,0,0,0,2,1,0,No,0,0,0,0,0,0,Month-to-month,1,Mailed check,20.05,39.25,0,19.62,0,0.43108562,Medium
0052-YNYOT,0,1,1,0,55,1,1,DSL,1,1,0,0,0,0,One year,0,Credit card (automatic),60.0,3316.1,0,60.29,2,0.19423966,Low
9586-JGQKH,0,0,0,0,38,1,0,Fiber optic,0,0,0,0,0,0,Month-to-month,1,Credit card (automatic),69.5,2625.25,0,69.09,0,0.5831572,Medium
4501-VCPFK,0,0,0,0,19,1,0,Fiber optic,0,0,0,0,1,0,Month-to-month,1,Bank transfer (automatic),78.7,1495.1,0,78.69,1,0.63790184,High
6075-SLNIL,1,0,0,0,12,0,0,DSL,0,1,1,1,1,1,One year,0,Electronic check,60.65,743.3,0,61.94,5,0.3568911,Medium
9347-AERRL,1,0,0,0,72,1,0,No,0,0,0,0,0,0,Two year,1,Bank transfer (automatic),21.15,1419.4,0,19.71,0,0.02301321,Low
2274-XUATA,0,0,1,1,24,1,1,DSL,1,0,1,1,1,1,One year,1,Mailed check,84.8,1990.5,0,82.94,5,0.047220893,Low
6691-CCIHA,1,0,1,1,72,1,1,Fiber optic,0,1,1,0,1,1,One year,1,Credit card (automatic),103.2,7362.9,0,102.26,4,0.029819487,Low
1685-BQULA,1,0,1,1,11,0,0,DSL,1,0,0,0,0,0,Month-to-month,1,Electronic check,29.6,346.45,0,31.5,1,0.38881737,Medium
9053-EJUNL,0,0,0,0,66,1,0,Fiber optic,1,0,1,1,1,1,Two year,1,Bank transfer (automatic),105.65,6844.5,0,103.7,5,0.2542935,Low
